OrderID,OrderDate,DeliveryDate,CustomerID,ProductID,LogisticsProvider,ShippingCost_EUR,IsReturned,ReturnReason
ORD-000001,2023-10-27,2023-10-30,ec8528237f6f,PRD-0001,DHL,4.42,0,
ORD-000002,2023-01-31,2023-02-01,77ad1e6df746,PRD-0003,Hermes,4.36,1,Gefällt nicht
ORD-000003,2023-12-18,2023-12-21,437c0fbd875f,PRD-0047,DPD,6.64,0,
ORD-000004,2023-05-25,2023-05-26,20ec997f0456,PRD-0027,DHL,4.92,1,Zu spät geliefert
ORD-000005,2023-10-29,2023-10-30,fd7902f1976a,PRD-0030,DPD,7.44,0,
ORD-000006,2023-11-17,2023-11-24,7320f3ffb41e,PRD-0004,Hermes,5.65,1,Passt nicht
ORD-000007,2023-04-27,2023-04-29,d83e23745063,PRD-0028,DHL,7.0,0,
ORD-000008,2023-12-09,2023-12-10,3e4e37d748aa,PRD-0029,DPD,7.38,1,Passt nicht
ORD-000009,2023-11-13,2023-11-14,050be106f190,PRD-0049,DHL,5.43,0,
ORD-000010,2023-04-03,2023-04-04,968238901c07,PRD-0026,DHL,7.44,0,
ORD-000011,2023-08-29,2023-08-31,c4c7cda08897,PRD-0030,Hermes,6.63,0,
ORD-000012,2023-01-13,2023-01-19,b8710bcabf47,PRD-0046,Hermes,5.82,0,
ORD-000013,2023-04-19,2023-04-21,bbd2ef18044f,PRD-0004,DPD,5.51,1,Gefällt nicht
ORD-000014,2023-04-11,2023-04-12,b5a6aad762bb,PRD-0034,DHL,3.82,0,
ORD-000015,2023-07-30,2023-07-31,52c6914ee471,PRD-0005,DPD,4.44,0,
ORD-000016,2023-08-11,2023-08-14,fcf9005f1b56,PRD-0037,DHL,5.98,0,
ORD-000017,2023-12-21,2023-12-24,f8a89c4399b2,PRD-0043,DPD,7.24,0,
ORD-000018,2023-01-14,2023-01-16,e61839c34145,PRD-0043,DPD,4.02,1,Gefällt nicht
ORD-000019,2023-08-16,2023-08-18,7515db680360,PRD-0020,Hermes,3.54,0,
ORD-000020,2023-03-29,2023-03-30,95d6261eb033,PRD-0037,DHL,5.52,0,
ORD-000021,2023-03-09,2023-03-10,437c0fbd875f,PRD-0023,DHL,4.13,0,
ORD-000022,2023-12-16,2023-12-18,5c1b6063f020,PRD-0035,DPD,7.45,0,
ORD-000023,2023-03-02,2023-03-05,697c1ac3f17c,PRD-0034,DHL,4.7,0,
ORD-000024,2023-05-16,2023-05-18,49b1338338e7,PRD-0007,DHL,6.47,1,Passt nicht
ORD-000025,2023-03-16,2023-03-25,0d662469e248,PRD-0018,Hermes,6.04,1,Zu spät geliefert
ORD-000026,2023-04-07,2023-04-09,d1955254241e,PRD-0033,Hermes,3.87,0,
ORD-000027,2023-03-22,2023-03-23,a0c275e24da4,PRD-0018,DHL,4.02,0,
ORD-000028,2023-03-09,2023-03-11,d1e81688058a,PRD-0011,DPD,5.21,0,
ORD-000029,2023-01-03,2023-01-06,c81259f34a41,PRD-0008,DHL,5.68,0,
ORD-000030,2023-03-07,2023-03-10,79204e328122,PRD-0024,DPD,4.01,0,
ORD-000031,2023-04-06,2023-04-08,6e611f8bb26b,PRD-0024,DHL,4.5,0,
ORD-000032,2023-05-19,2023-05-21,7299927759bf,PRD-0023,DPD,6.5,0,
ORD-000033,2023-01-27,2023-01-28,dc0cd7f632bf,PRD-0016,DHL,3.6,0,
ORD-000034,2023-01-16,2023-01-19,06726ca8eb1e,PRD-0022,Hermes,4.57,0,
ORD-000035,2023-03-01,2023-03-03,3440e95f3c5a,PRD-0045,DHL,6.93,0,
ORD-000036,2023-11-11,2023-11-18,b0693dcc41cf,PRD-0013,Hermes,6.14,1,Zu spät geliefert
ORD-000037,2023-05-26,2023-05-27,e70e2b8716ad,PRD-0022,Hermes,6.22,1,Gefällt nicht
ORD-000038,2023-12-18,2023-12-25,dc03524d72cc,PRD-0035,Hermes,7.35,1,Zu spät geliefert
ORD-000039,2023-09-11,2023-09-14,c4c7cda08897,PRD-0003,DHL,6.41,0,
ORD-000040,2023-11-09,2023-11-12,3903bc4ea31b,PRD-0028,DPD,4.26,1,Falscher Artikel
ORD-000041,2023-05-09,2023-05-10,c254fe7df2af,PRD-0046,Hermes,6.25,0,
ORD-000042,2023-05-14,2023-05-17,871f8b4139ea,PRD-0048,DPD,5.23,0,
ORD-000043,2023-11-28,2023-12-05,9f99f9396b9c,PRD-0043,Hermes,4.7,0,
ORD-000044,2023-01-24,2023-01-26,1da2036bf2d8,PRD-0043,Hermes,4.27,1,Passt nicht
ORD-000045,2023-02-14,2023-02-17,ab21903e68c6,PRD-0025,DPD,5.96,0,
ORD-000046,2023-08-29,2023-08-30,b50fdc718ebc,PRD-0026,DPD,4.34,0,
ORD-000047,2023-12-10,2023-12-13,bdde9cfbebaf,PRD-0038,DPD,5.27,0,
ORD-000048,2023-10-11,2023-10-13,8716ef4cd079,PRD-0014,DPD,7.34,0,
ORD-000049,2023-03-29,2023-03-30,daef63bdd6d2,PRD-0011,DPD,3.87,1,Gefällt nicht
ORD-000050,2023-05-12,2023-05-15,c8264ff97bdf,PRD-0049,DHL,4.09,1,Passt nicht
ORD-000051,2023-04-21,2023-04-24,a690f5f162c9,PRD-0016,Hermes,7.04,1,Zu spät geliefert
ORD-000052,2023-05-08,2023-05-11,59c230b0a5fb,PRD-0013,DPD,5.1,0,
ORD-000053,2023-11-06,2023-11-07,e7e66c1e9fe0,PRD-0042,DPD,6.94,0,
ORD-000054,2023-10-06,2023-10-15,81d199d7f773,PRD-0007,Hermes,5.73,1,Zu spät geliefert
ORD-000055,2023-09-23,2023-09-24,880786415f0c,PRD-0008,Hermes,7.45,0,
ORD-000056,2023-12-15,2023-12-18,cac190493a6d,PRD-0021,Hermes,5.21,0,
ORD-000057,2023-01-13,2023-01-14,0488ae9282bd,PRD-0036,Hermes,4.54,0,
ORD-000058,2023-03-29,2023-04-01,9078aa170458,PRD-0041,Hermes,5.26,0,
ORD-000059,2023-11-29,2023-12-01,bcece21f6f55,PRD-0019,DHL,4.05,1,Passt nicht
ORD-000060,2023-06-07,2023-06-08,2be4c3284cdd,PRD-0025,DPD,3.76,0,
ORD-000061,2023-08-14,2023-08-16,4491d799a963,PRD-0022,DPD,4.33,0,
ORD-000062,2023-07-15,2023-07-18,6638982ac981,PRD-0025,DPD,5.02,1,Falscher Artikel
ORD-000063,2023-11-12,2023-11-14,6dcf47721286,PRD-0023,Hermes,5.18,0,
ORD-000064,2023-08-04,2023-08-07,d91432e1f153,PRD-0048,DPD,5.45,0,
ORD-000065,2023-11-11,2023-11-19,11a94b5eb3d0,PRD-0028,Hermes,6.86,0,
ORD-000066,2023-08-06,2023-08-09,83917dff0d2a,PRD-0009,DPD,5.87,1,Zu spät geliefert
ORD-000067,2023-04-21,2023-04-24,0c686f54405d,PRD-0002,DHL,6.97,0,
ORD-000068,2023-09-27,2023-10-06,97498ce80361,PRD-0004,Hermes,6.54,1,Zu spät geliefert
ORD-000069,2023-11-01,2023-11-03,455e6f972248,PRD-0018,Hermes,6.5,0,
ORD-000070,2023-03-22,2023-03-25,1cc70d32846d,PRD-0023,DHL,6.52,1,Passt nicht
ORD-000071,2023-08-31,2023-09-01,4ec5d0d83271,PRD-0016,DHL,4.45,0,
ORD-000072,2023-03-17,2023-03-20,40ab188bca4c,PRD-0043,DHL,5.36,0,
ORD-000073,2023-10-21,2023-10-22,3e16d8c02f6b,PRD-0050,Hermes,6.37,0,
ORD-000074,2023-10-29,2023-10-30,c44512e2acc8,PRD-0011,Hermes,5.8,0,
ORD-000075,2023-04-06,2023-04-17,1097ce4c873e,PRD-0025,Hermes,6.01,0,
ORD-000076,2023-03-16,2023-03-19,9124aad31df2,PRD-0045,Hermes,7.44,0,
ORD-000077,2023-12-06,2023-12-09,a843c897601f,PRD-0003,Hermes,5.52,0,
ORD-000078,2023-03-04,2023-03-12,a7ee55779da2,PRD-0001,Hermes,6.81,0,
ORD-000079,2023-04-25,2023-04-26,4d0b23799439,PRD-0010,Hermes,4.58,0,
ORD-000080,2023-11-27,2023-11-29,bad59cbc1a8e,PRD-0035,Hermes,4.57,0,
ORD-000081,2023-04-06,2023-04-08,bfbae68bbec2,PRD-0016,DHL,4.48,0,
ORD-000082,2023-06-03,2023-06-06,1d38108d4d5d,PRD-0037,DPD,3.61,0,
ORD-000083,2023-12-23,2023-12-25,e9c2bd64e52f,PRD-0021,DHL,6.69,0,
ORD-000084,2023-03-05,2023-03-08,3ee8ae422892,PRD-0018,DPD,5.72,0,
ORD-000085,2023-08-18,2023-08-19,1cb1e517ce99,PRD-0013,DHL,5.45,0,
ORD-000086,2023-06-15,2023-06-17,607b5a84e9cc,PRD-0016,DPD,5.46,0,
ORD-000087,2023-02-21,2023-02-23,5d0536d12f17,PRD-0002,DHL,6.27,0,
ORD-000088,2023-01-03,2023-01-05,19c154538a8f,PRD-0043,DPD,5.62,0,
ORD-000089,2023-11-12,2023-11-14,21e550fd7f03,PRD-0048,DPD,5.31,0,
ORD-000090,2023-07-28,2023-07-29,19c154538a8f,PRD-0017,DHL,4.76,0,
ORD-000091,2023-01-11,2023-01-12,4d2adee0b81e,PRD-0035,DPD,6.45,0,
ORD-000092,2023-05-15,2023-05-18,b2cebf22574d,PRD-0047,DPD,7.42,0,
ORD-000093,2023-08-08,2023-08-15,c686141e554c,PRD-0013,Hermes,5.64,1,Zu spät geliefert
ORD-000094,2023-10-17,2023-10-20,db960f60908f,PRD-0003,DHL,6.05,1,Passt nicht
ORD-000095,2023-10-15,2023-10-16,78a2938173f2,PRD-0032,DHL,5.38,0,
ORD-000096,2023-07-29,2023-07-30,25185671a9c4,PRD-0022,DHL,3.96,1,Gefällt nicht
ORD-000097,2023-09-08,2023-09-09,88e7bdd912aa,PRD-0026,Hermes,4.11,0,
ORD-000098,2023-03-31,2023-04-01,b5153050464a,PRD-0037,Hermes,5.93,1,Gefällt nicht
ORD-000099,2023-02-17,2023-02-20,edd213b55d91,PRD-0040,DHL,7.13,0,
ORD-000100,2023-02-19,2023-02-21,c729e129bdce,PRD-0038,Hermes,7.29,1,Passt nicht
ORD-000101,2023-11-19,2023-11-21,04c68ecc66da,PRD-0041,DHL,4.13,0,
ORD-000102,2023-11-03,2023-11-04,919cb12d101f,PRD-0036,DHL,6.26,1,Zu spät geliefert
ORD-000103,2023-04-15,2023-04-16,9d45a3a0da7a,PRD-0019,DHL,6.31,1,Gefällt nicht
ORD-000104,2023-10-20,2023-10-21,ab6da4d8621c,PRD-0005,DPD,6.65,0,
ORD-000105,2023-04-15,2023-04-16,e45c7aa60886,PRD-0038,DPD,5.68,0,
ORD-000106,2023-02-05,2023-02-11,204dcf7a5e26,PRD-0010,Hermes,5.88,0,
ORD-000107,2023-03-04,2023-03-12,618cc57afb13,PRD-0037,Hermes,7.27,0,
ORD-000108,2023-12-08,2023-12-14,81eab3379b56,PRD-0035,Hermes,6.44,0,
ORD-000109,2023-08-14,2023-08-15,dde2a1a9d5df,PRD-0017,DHL,6.2,0,
ORD-000110,2023-01-23,2023-01-24,89771a379f84,PRD-0037,DPD,6.19,0,
ORD-000111,2023-06-22,2023-06-23,1f609003020d,PRD-0037,DHL,6.11,0,
ORD-000112,2023-10-30,2023-11-02,a6a4c4bba062,PRD-0018,DHL,6.76,0,
ORD-000113,2023-05-10,2023-05-12,66d83e310e09,PRD-0006,Hermes,3.92,0,
ORD-000114,2023-10-19,2023-10-22,fd0ec81b021e,PRD-0022,Hermes,5.1,0,
ORD-000115,2023-08-21,2023-08-23,49067f21850d,PRD-0036,DHL,4.79,1,Beschädigt
ORD-000116,2023-06-02,2023-06-05,ce14e0367a4a,PRD-0050,Hermes,5.15,1,Gefällt nicht
ORD-000117,2023-05-02,2023-05-05,32a0146486a6,PRD-0034,Hermes,6.54,0,
ORD-000118,2023-12-19,2023-12-20,0b4881f54699,PRD-0018,DPD,5.25,0,
ORD-000119,2023-12-06,2023-12-07,3cb282702fbe,PRD-0032,DHL,5.94,0,
ORD-000120,2023-08-26,2023-08-28,86f6d149b736,PRD-0046,DHL,5.71,0,
ORD-000121,2023-08-22,2023-08-24,93746af9a172,PRD-0015,DHL,6.09,0,
ORD-000122,2023-08-27,2023-08-29,50aba4db4830,PRD-0032,DPD,4.59,0,
ORD-000123,2023-02-22,2023-02-23,79204e328122,PRD-0031,Hermes,7.19,1,Passt nicht
ORD-000124,2023-01-22,2023-01-23,20e4c8f9f7e6,PRD-0048,DHL,6.66,0,
ORD-000125,2023-02-15,2023-02-17,72173b5230f1,PRD-0022,DPD,4.63,0,
ORD-000126,2023-02-25,2023-02-28,9d5f179198bf,PRD-0038,DPD,4.09,0,
ORD-000127,2023-04-05,2023-04-07,a0fba1a80fbc,PRD-0031,Hermes,5.32,0,
ORD-000128,2023-07-12,2023-07-13,cd294a56e965,PRD-0013,DPD,4.43,0,
ORD-000129,2023-06-05,2023-06-07,831786676e1c,PRD-0027,DHL,6.32,0,
ORD-000130,2023-03-18,2023-03-21,b5153050464a,PRD-0025,Hermes,4.11,0,
ORD-000131,2023-01-30,2023-02-02,e11ba68c2897,PRD-0003,DHL,4.83,0,
ORD-000132,2023-07-06,2023-07-09,1086241e2fd7,PRD-0029,DHL,3.56,0,
ORD-000133,2023-06-28,2023-06-29,4fbccc16f45a,PRD-0027,DPD,4.85,1,Beschädigt
ORD-000134,2023-04-30,2023-05-01,5f9c0ffcc92e,PRD-0026,DPD,6.91,0,
ORD-000135,2023-08-17,2023-08-19,e5cfa1b88670,PRD-0035,Hermes,5.45,0,
ORD-000136,2023-05-25,2023-05-26,39248ddf5d80,PRD-0003,DPD,7.49,1,Gefällt nicht
ORD-000137,2023-04-18,2023-04-19,7625e625a334,PRD-0006,Hermes,3.9,0,
ORD-000138,2023-03-04,2023-03-09,54ff55540509,PRD-0045,Hermes,5.0,0,
ORD-000139,2023-01-26,2023-01-28,d517469939b6,PRD-0016,DPD,6.67,0,
ORD-000140,2023-12-19,2023-12-22,d7e301b5cd6f,PRD-0012,DHL,5.98,0,
ORD-000141,2023-01-06,2023-01-07,1aa279e94dde,PRD-0032,DPD,6.05,0,
ORD-000142,2023-05-30,2023-05-31,e122976f0144,PRD-0017,DPD,5.36,0,
ORD-000143,2023-03-12,2023-03-13,3760c4b579a5,PRD-0044,DPD,7.45,1,Beschädigt
ORD-000144,2023-08-20,2023-08-29,c957b337cc41,PRD-0041,Hermes,5.04,1,Zu spät geliefert
ORD-000145,2023-10-28,2023-10-30,5fa3180aa5f5,PRD-0007,DHL,5.8,0,
ORD-000146,2023-12-03,2023-12-06,61e80c53c02e,PRD-0019,DHL,3.53,0,
ORD-000147,2023-04-15,2023-04-16,968238901c07,PRD-0044,DPD,6.48,0,
ORD-000148,2023-09-06,2023-09-09,c686141e554c,PRD-0019,DHL,4.38,0,
ORD-000149,2023-02-06,2023-02-09,723a77d2c86b,PRD-0040,Hermes,6.22,0,
ORD-000150,2023-08-08,2023-08-11,500081b57226,PRD-0041,DHL,4.74,0,
ORD-000151,2023-03-20,2023-03-22,25185671a9c4,PRD-0003,DPD,3.86,0,
ORD-000152,2023-12-17,2023-12-19,490609fe3e65,PRD-0021,DPD,4.03,0,
ORD-000153,2023-06-24,2023-06-27,683091b0c9f2,PRD-0024,DPD,6.82,0,
ORD-000154,2023-05-13,2023-05-16,afe6017571c8,PRD-0031,Hermes,5.37,0,
ORD-000155,2023-08-30,2023-09-02,3e4e37d748aa,PRD-0010,DHL,7.42,0,
ORD-000156,2023-11-06,2023-11-07,afeee7d6a9ec,PRD-0036,Hermes,3.99,1,Falscher Artikel
ORD-000157,2023-02-07,2023-02-10,8d7552eb62a6,PRD-0044,DPD,5.02,0,
ORD-000158,2023-08-16,2023-08-19,cdf50ee19459,PRD-0024,DHL,3.6,0,
ORD-000159,2023-02-21,2023-02-28,f073c64a2004,PRD-0036,Hermes,5.36,0,
ORD-000160,2023-03-12,2023-03-14,8807a57da3fe,PRD-0020,DPD,7.29,1,Passt nicht
ORD-000161,2023-06-03,2023-06-04,9e4cc83219db,PRD-0032,DHL,5.65,0,
ORD-000162,2023-06-23,2023-06-26,b9a8cd3edce6,PRD-0030,Hermes,5.66,0,
ORD-000163,2023-01-30,2023-01-31,512edac15cb6,PRD-0048,DPD,6.12,0,
ORD-000164,2023-10-01,2023-10-03,5c1b6063f020,PRD-0032,DPD,4.62,0,
ORD-000165,2023-03-30,2023-04-01,872e17e7a5a1,PRD-0024,DHL,4.44,0,
ORD-000166,2023-02-08,2023-02-10,8de816b8e242,PRD-0007,DPD,7.41,0,
ORD-000167,2023-07-07,2023-07-13,79eb57c262b2,PRD-0004,Hermes,6.8,0,
ORD-000168,2023-05-25,2023-05-28,3817ec543c32,PRD-0043,DHL,7.38,0,
ORD-000169,2023-04-01,2023-04-02,f878dd62e343,PRD-0022,DHL,4.32,0,
ORD-000170,2023-10-08,2023-10-09,59b9071f19ac,PRD-0049,DPD,6.75,0,
ORD-000171,2023-06-05,2023-06-08,10f3d78de149,PRD-0022,DHL,7.45,1,Passt nicht
ORD-000172,2023-02-19,2023-02-20,c7607c20e1b6,PRD-0017,DHL,3.6,0,
ORD-000173,2023-06-14,2023-06-17,63f37926227c,PRD-0023,DHL,4.2,0,
ORD-000174,2023-11-29,2023-12-01,1cc70d32846d,PRD-0009,DPD,6.48,0,
ORD-000175,2023-04-17,2023-04-20,c061d6ecb41c,PRD-0029,Hermes,4.39,0,
ORD-000176,2023-07-03,2023-07-06,d649fbca3585,PRD-0003,DPD,5.33,0,
ORD-000177,2023-05-04,2023-05-06,e11ba68c2897,PRD-0002,DHL,5.21,0,
ORD-000178,2023-02-28,2023-03-02,6adad2b3a3cf,PRD-0032,DPD,4.79,1,Passt nicht
ORD-000179,2023-09-17,2023-09-19,e7e66c1e9fe0,PRD-0005,DHL,5.84,0,
ORD-000180,2023-11-28,2023-12-01,e04a43e94370,PRD-0021,Hermes,5.92,0,
ORD-000181,2023-07-17,2023-07-20,26d16a151448,PRD-0045,DHL,6.58,0,
ORD-000182,2023-09-02,2023-09-04,8bf6d58effba,PRD-0014,Hermes,6.81,0,
ORD-000183,2023-12-23,2023-12-24,e70e2b8716ad,PRD-0027,DPD,4.75,0,
ORD-000184,2023-06-04,2023-06-07,44b2ea3c07ba,PRD-0024,DHL,3.77,0,
ORD-000185,2023-04-08,2023-04-10,c440be2dc911,PRD-0006,DHL,6.75,1,Beschädigt
ORD-000186,2023-05-29,2023-06-01,bcea4943f5ed,PRD-0004,DPD,6.18,0,
ORD-000187,2023-02-09,2023-02-11,fd7902f1976a,PRD-0023,DPD,6.38,0,
ORD-000188,2023-12-15,2023-12-17,f62642695f24,PRD-0019,DPD,5.81,0,
ORD-000189,2023-12-18,2023-12-20,ff8581d6b50d,PRD-0010,DPD,3.93,0,
ORD-000190,2023-02-25,2023-02-26,f0ae84fe65c4,PRD-0036,Hermes,6.73,0,
ORD-000191,2023-09-30,2023-10-03,f0ae84fe65c4,PRD-0036,DPD,5.73,0,
ORD-000192,2023-01-10,2023-01-12,f6cc1089a080,PRD-0043,DPD,6.31,1,Gefällt nicht
ORD-000193,2023-12-12,2023-12-18,1da2036bf2d8,PRD-0022,Hermes,5.1,0,
ORD-000194,2023-08-30,2023-08-31,83aebe395a90,PRD-0048,DPD,4.36,1,Falscher Artikel
ORD-000195,2023-06-15,2023-06-22,f8a89c4399b2,PRD-0030,Hermes,5.77,0,
ORD-000196,2023-02-16,2023-02-17,9613928529a8,PRD-0004,DHL,3.7,0,
ORD-000197,2023-06-24,2023-06-27,10d283c4b3f1,PRD-0018,Hermes,5.16,0,
ORD-000198,2023-11-11,2023-11-12,a8023688433d,PRD-0049,DPD,4.63,1,Passt nicht
ORD-000199,2023-10-25,2023-10-28,4c88a13112dc,PRD-0038,Hermes,7.44,1,Zu spät geliefert
ORD-000200,2023-03-30,2023-04-01,7769f1239eef,PRD-0001,DHL,6.57,0,
ORD-000201,2023-01-11,2023-01-20,9786d6defc23,PRD-0017,Hermes,4.2,0,
ORD-000202,2023-01-02,2023-01-03,6323534375f5,PRD-0035,DPD,6.83,0,
ORD-000203,2023-08-10,2023-08-12,ca7e4c1f97fd,PRD-0023,DHL,3.67,0,
ORD-000204,2023-08-19,2023-08-21,6bbc7f2133e2,PRD-0030,DHL,5.79,0,
ORD-000205,2023-03-03,2023-03-09,2f94e3143891,PRD-0041,Hermes,4.19,0,
ORD-000206,2023-09-14,2023-09-17,c0aa67bccdba,PRD-0040,Hermes,4.47,1,Passt nicht
ORD-000207,2023-10-16,2023-10-17,663295ff7da6,PRD-0026,DPD,4.74,0,
ORD-000208,2023-12-08,2023-12-13,f02966fbdc92,PRD-0015,Hermes,4.28,0,
ORD-000209,2023-07-27,2023-07-30,831786676e1c,PRD-0023,Hermes,4.09,0,
ORD-000210,2023-12-17,2023-12-23,7299927759bf,PRD-0010,Hermes,6.12,0,
ORD-000211,2023-04-15,2023-04-17,df2618f77ad2,PRD-0050,DPD,5.75,0,
ORD-000212,2023-05-03,2023-05-06,b21c28b39f88,PRD-0029,DPD,7.45,0,
ORD-000213,2023-12-06,2023-12-07,d145218f85d8,PRD-0041,Hermes,6.03,0,
ORD-000214,2023-02-23,2023-02-24,c75dc8ce2d98,PRD-0018,DPD,3.8,0,
ORD-000215,2023-04-16,2023-04-17,c3a3122f53f0,PRD-0029,DHL,4.65,0,
ORD-000216,2023-01-24,2023-01-27,7515db680360,PRD-0006,DPD,5.35,0,
ORD-000217,2023-03-16,2023-03-18,4852f5188b47,PRD-0048,DHL,5.79,0,
ORD-000218,2023-03-06,2023-03-08,32a0146486a6,PRD-0021,DPD,7.33,0,
ORD-000219,2023-10-01,2023-10-09,9582264a8797,PRD-0007,Hermes,6.33,1,Zu spät geliefert
ORD-000220,2023-02-11,2023-02-14,1873ed8a8f12,PRD-0034,DPD,4.99,0,
ORD-000221,2023-01-25,2023-01-27,4db113b958f0,PRD-0025,Hermes,3.76,1,Beschädigt
ORD-000222,2023-05-18,2023-05-20,0e5b577d82cd,PRD-0036,DPD,6.39,0,
ORD-000223,2023-09-26,2023-09-28,56038220416e,PRD-0039,DHL,7.17,1,Passt nicht
ORD-000224,2023-03-31,2023-04-03,307e6b240c8c,PRD-0042,DPD,5.88,0,
ORD-000225,2023-12-01,2023-12-10,dfc49371921b,PRD-0006,Hermes,6.18,0,
ORD-000226,2023-05-09,2023-05-12,94bcba74315e,PRD-0048,DPD,5.53,1,Zu spät geliefert
ORD-000227,2023-05-18,2023-05-19,24c1e8e62f86,PRD-0024,Hermes,6.56,0,
ORD-000228,2023-01-04,2023-01-05,d45ab1001715,PRD-0015,DHL,5.53,1,Passt nicht
ORD-000229,2023-05-04,2023-05-05,683091b0c9f2,PRD-0048,DPD,7.01,0,
ORD-000230,2023-02-06,2023-02-08,4f4523c8395a,PRD-0009,DPD,4.22,0,
ORD-000231,2023-04-16,2023-04-17,5f9c0ffcc92e,PRD-0050,DPD,3.67,0,
ORD-000232,2023-03-23,2023-03-24,17fb39050eb0,PRD-0044,DPD,5.94,0,
ORD-000233,2023-10-07,2023-10-08,78a2938173f2,PRD-0048,Hermes,6.73,0,
ORD-000234,2023-10-27,2023-10-30,fccc234064ac,PRD-0013,Hermes,5.35,0,
ORD-000235,2023-02-24,2023-02-27,695df20c0897,PRD-0050,Hermes,6.77,0,
ORD-000236,2023-02-08,2023-02-10,5caef4462f84,PRD-0039,DHL,7.0,1,Gefällt nicht
ORD-000237,2023-08-14,2023-08-17,4852f5188b47,PRD-0007,DPD,4.64,0,
ORD-000238,2023-09-06,2023-09-08,17e80f1d2699,PRD-0011,Hermes,3.87,1,Gefällt nicht
ORD-000239,2023-02-10,2023-02-12,f6a34b6ae058,PRD-0015,Hermes,5.09,0,
ORD-000240,2023-04-27,2023-05-02,4f648875299c,PRD-0016,Hermes,3.9,0,
ORD-000241,2023-04-03,2023-04-10,9d62b602ed33,PRD-0042,Hermes,5.39,0,
ORD-000242,2023-09-16,2023-09-18,c440be2dc911,PRD-0009,DPD,3.52,0,
ORD-000243,2023-11-23,2023-11-24,fa66a4abdf6e,PRD-0002,Hermes,6.41,0,
ORD-000244,2023-01-20,2023-01-22,2bf1b69dc216,PRD-0028,DHL,3.99,0,
ORD-000245,2023-07-20,2023-07-23,39e26850347f,PRD-0027,DPD,3.94,0,
ORD-000246,2023-11-27,2023-11-30,f2344e0a11b7,PRD-0032,DPD,5.8,1,Falscher Artikel
ORD-000247,2023-06-21,2023-06-29,27a4a8527b3f,PRD-0010,Hermes,5.17,1,Zu spät geliefert
ORD-000248,2023-07-08,2023-07-11,ab21903e68c6,PRD-0043,DHL,3.77,0,
ORD-000249,2023-12-23,2023-12-26,687ee6fc678e,PRD-0035,DPD,5.06,0,
ORD-000250,2023-08-18,2023-08-20,9d45a3a0da7a,PRD-0003,DPD,4.51,0,
ORD-000251,2023-06-29,2023-07-01,db6dedca2e05,PRD-0023,DHL,6.13,0,
ORD-000252,2023-09-05,2023-09-08,17591257966a,PRD-0050,DPD,4.03,0,
ORD-000253,2023-02-24,2023-03-06,c2df022e67a3,PRD-0035,Hermes,5.41,0,
ORD-000254,2023-04-12,2023-04-15,97498ce80361,PRD-0009,DHL,5.33,0,
ORD-000255,2023-07-01,2023-07-02,97d6492e940c,PRD-0013,DHL,4.76,0,
ORD-000256,2023-08-24,2023-08-27,307e6b240c8c,PRD-0033,Hermes,4.64,1,Passt nicht
ORD-000257,2023-02-19,2023-02-22,87d8cf076baa,PRD-0050,DHL,6.7,1,Passt nicht
ORD-000258,2023-05-26,2023-05-28,be656dd918f8,PRD-0026,DPD,5.05,0,
ORD-000259,2023-09-26,2023-09-29,ff5ac746bfa2,PRD-0012,Hermes,5.58,0,
ORD-000260,2023-10-15,2023-10-17,5caef4462f84,PRD-0006,DPD,7.48,1,Falscher Artikel
ORD-000261,2023-04-08,2023-04-16,017f7d9aa46c,PRD-0035,Hermes,4.73,0,
ORD-000262,2023-11-30,2023-12-01,2493564c4baa,PRD-0046,Hermes,3.67,0,
ORD-000263,2023-02-20,2023-02-22,7a3caf8d72f9,PRD-0023,DPD,7.42,0,
ORD-000264,2023-03-01,2023-03-04,c0aa67bccdba,PRD-0004,DHL,4.95,0,
ORD-000265,2023-02-06,2023-02-07,5caef4462f84,PRD-0048,DPD,4.07,0,
ORD-000266,2023-07-14,2023-07-20,5dd7c75864a7,PRD-0044,Hermes,4.97,0,
ORD-000267,2023-07-31,2023-08-03,57fe51e4f453,PRD-0037,DHL,7.3,1,Gefällt nicht
ORD-000268,2023-04-02,2023-04-05,8c24a506c11e,PRD-0029,DHL,5.09,1,Gefällt nicht
ORD-000269,2023-10-03,2023-10-04,c1a8ccf1ada0,PRD-0018,DHL,5.5,1,Gefällt nicht
ORD-000270,2023-11-14,2023-11-16,294350c9a8bc,PRD-0036,DHL,6.32,0,
ORD-000271,2023-04-09,2023-04-12,e9998eed1eb2,PRD-0040,Hermes,3.99,0,
ORD-000272,2023-09-02,2023-09-03,b5a6aad762bb,PRD-0005,Hermes,3.85,0,
ORD-000273,2023-11-06,2023-11-08,d052d3dc4806,PRD-0021,DPD,5.7,0,
ORD-000274,2023-09-20,2023-09-23,4086cd585ed6,PRD-0020,DHL,6.3,0,
ORD-000275,2023-05-05,2023-05-06,40c2ea9999c9,PRD-0024,DPD,4.3,0,
ORD-000276,2023-09-30,2023-10-09,a8ac0b2e1350,PRD-0016,Hermes,6.71,0,
ORD-000277,2023-12-28,2023-12-29,217fb6888b3e,PRD-0009,DPD,7.5,1,Zu spät geliefert
ORD-000278,2023-07-29,2023-07-31,246c8c07d731,PRD-0031,DPD,6.79,0,
ORD-000279,2023-11-04,2023-11-14,dd0fe71671a0,PRD-0009,Hermes,4.88,0,
ORD-000280,2023-02-12,2023-02-15,30ab010147f1,PRD-0050,DPD,6.57,0,
ORD-000281,2023-08-18,2023-08-19,6ff587083847,PRD-0028,DPD,5.57,0,
ORD-000282,2023-03-12,2023-03-14,9e4cc83219db,PRD-0011,DHL,4.4,0,
ORD-000283,2023-10-13,2023-10-22,c0aa67bccdba,PRD-0034,Hermes,6.0,1,Zu spät geliefert
ORD-000284,2023-12-27,2023-12-30,d649fbca3585,PRD-0035,DHL,5.87,0,
ORD-000285,2023-01-03,2023-01-06,1b26cbe1582a,PRD-0010,DHL,7.11,0,
ORD-000286,2023-04-28,2023-04-29,7c91be984130,PRD-0037,DHL,6.1,1,Gefällt nicht
ORD-000287,2023-10-27,2023-10-30,bb3934db10be,PRD-0037,Hermes,6.01,0,
ORD-000288,2023-07-30,2023-08-08,f2120a709999,PRD-0042,Hermes,3.79,1,Zu spät geliefert
ORD-000289,2023-07-07,2023-07-09,2282d30985a3,PRD-0011,Hermes,4.75,1,Passt nicht
ORD-000290,2023-07-11,2023-07-13,27a4a8527b3f,PRD-0021,DPD,4.02,0,
ORD-000291,2023-01-17,2023-01-18,a5c98f280d1f,PRD-0033,DPD,3.99,1,Gefällt nicht
ORD-000292,2023-06-17,2023-06-18,4061551d8f3a,PRD-0016,DHL,6.96,1,Zu spät geliefert
ORD-000293,2023-07-11,2023-07-13,ab5a82deb9ec,PRD-0016,DHL,6.38,0,
ORD-000294,2023-09-04,2023-09-06,723a77d2c86b,PRD-0049,DHL,5.37,0,
ORD-000295,2023-05-29,2023-06-06,688d8e5662ef,PRD-0020,Hermes,7.37,0,
ORD-000296,2023-11-19,2023-11-27,a8023688433d,PRD-0038,Hermes,6.87,0,
ORD-000297,2023-08-12,2023-08-19,4705fbb31f62,PRD-0031,Hermes,7.03,0,
ORD-000298,2023-03-19,2023-03-25,27b8a7474688,PRD-0024,Hermes,4.28,0,
ORD-000299,2023-03-23,2023-03-25,cd71aeb76816,PRD-0019,DHL,6.56,0,
ORD-000300,2023-12-09,2023-12-12,0090a09fd83c,PRD-0040,DPD,5.08,1,Passt nicht
ORD-000301,2023-04-02,2023-04-04,4cf5896cdd88,PRD-0022,DPD,4.3,0,
ORD-000302,2023-10-22,2023-10-23,10026dbd2d64,PRD-0026,DPD,6.35,1,Gefällt nicht
ORD-000303,2023-03-08,2023-03-10,3f102afad00d,PRD-0031,DPD,4.81,1,Passt nicht
ORD-000304,2023-08-17,2023-08-19,fb5a43004a03,PRD-0021,DHL,6.46,0,
ORD-000305,2023-08-17,2023-08-20,c957b337cc41,PRD-0038,Hermes,6.33,0,
ORD-000306,2023-08-05,2023-08-07,c957b337cc41,PRD-0031,DHL,7.42,1,Passt nicht
ORD-000307,2023-06-16,2023-06-19,229ff9dd7ffe,PRD-0020,DPD,5.89,0,
ORD-000308,2023-05-18,2023-05-21,c4c7cda08897,PRD-0042,DPD,5.83,1,Passt nicht
ORD-000309,2023-02-07,2023-02-10,d7e301b5cd6f,PRD-0034,DPD,6.86,0,
ORD-000310,2023-05-20,2023-05-21,e7e66c1e9fe0,PRD-0044,DHL,6.3,0,
ORD-000311,2023-12-05,2023-12-07,3edb3b945be0,PRD-0002,Hermes,4.32,0,
ORD-000312,2023-08-28,2023-08-30,a5db8e85ae4a,PRD-0050,DPD,6.44,0,
ORD-000313,2023-01-23,2023-01-26,886e21a9b6c8,PRD-0046,DHL,4.8,0,
ORD-000314,2023-03-06,2023-03-08,0c686f54405d,PRD-0031,DPD,5.34,1,Passt nicht
ORD-000315,2023-05-13,2023-05-15,034194b44a36,PRD-0022,DPD,6.97,0,
ORD-000316,2023-07-01,2023-07-03,817685a6fc07,PRD-0042,DPD,4.27,0,
ORD-000317,2023-10-06,2023-10-08,61723dab929d,PRD-0018,DPD,7.39,0,
ORD-000318,2023-07-30,2023-08-09,c729e129bdce,PRD-0050,Hermes,4.9,1,Zu spät geliefert
ORD-000319,2023-09-16,2023-09-26,67c33c684bbe,PRD-0047,Hermes,7.42,0,
ORD-000320,2023-04-23,2023-04-25,aaa6ae316d32,PRD-0023,DHL,4.89,1,Passt nicht
ORD-000321,2023-06-18,2023-06-21,4156cfc49b85,PRD-0042,Hermes,7.23,1,Gefällt nicht
ORD-000322,2023-04-17,2023-04-18,a86478876429,PRD-0018,DHL,5.85,0,
ORD-000323,2023-01-23,2023-01-26,b0ba10a7453d,PRD-0004,DPD,3.71,1,Passt nicht
ORD-000324,2023-12-10,2023-12-12,6e42767fcc55,PRD-0022,DPD,3.52,1,Passt nicht
ORD-000325,2023-07-21,2023-07-24,77b851aa0932,PRD-0011,Hermes,5.41,0,
ORD-000326,2023-05-10,2023-05-16,b298bc334963,PRD-0049,Hermes,3.86,0,
ORD-000327,2023-09-05,2023-09-08,181e7a971de3,PRD-0015,DPD,7.25,0,
ORD-000328,2023-07-15,2023-07-16,0d409b8b3b80,PRD-0012,Hermes,6.65,1,Zu spät geliefert
ORD-000329,2023-11-02,2023-11-11,52c6914ee471,PRD-0048,Hermes,7.21,0,
ORD-000330,2023-11-01,2023-11-04,98eece5c9037,PRD-0019,Hermes,7.25,0,
ORD-000331,2023-05-20,2023-05-26,e9c2bd64e52f,PRD-0033,Hermes,6.09,1,Gefällt nicht
ORD-000332,2023-10-13,2023-10-16,27a4a8527b3f,PRD-0012,DHL,4.68,0,
ORD-000333,2023-07-24,2023-07-25,9cc2ce1d1e58,PRD-0049,DHL,6.05,0,
ORD-000334,2023-07-25,2023-07-27,5bdcbeb00ad0,PRD-0028,DPD,4.24,1,Passt nicht
ORD-000335,2023-03-16,2023-03-24,d83e23745063,PRD-0031,Hermes,6.52,1,Zu spät geliefert
ORD-000336,2023-11-19,2023-11-22,8c8ee8a9a9ef,PRD-0022,Hermes,6.27,1,Gefällt nicht
ORD-000337,2023-10-14,2023-10-16,886e21a9b6c8,PRD-0043,DHL,6.24,1,Gefällt nicht
ORD-000338,2023-07-30,2023-08-08,e986319c1339,PRD-0046,Hermes,4.38,0,
ORD-000339,2023-03-08,2023-03-09,452041c8dc89,PRD-0009,Hermes,4.99,0,
ORD-000340,2023-10-28,2023-10-31,e6067ab49e7c,PRD-0036,Hermes,6.55,0,
ORD-000341,2023-05-05,2023-05-06,ff522d29d602,PRD-0049,DPD,5.61,0,
ORD-000342,2023-09-29,2023-09-30,0bb12f59fd75,PRD-0005,DPD,5.79,1,Passt nicht
ORD-000343,2023-06-19,2023-06-22,e813fca4c6e1,PRD-0011,Hermes,6.37,0,
ORD-000344,2023-10-03,2023-10-05,a2f29650a4e0,PRD-0006,DPD,5.31,0,
ORD-000345,2023-11-05,2023-11-15,c5c12a05c748,PRD-0027,Hermes,4.73,0,
ORD-000346,2023-07-05,2023-07-06,00dc5e3ff9c4,PRD-0026,Hermes,3.68,0,
ORD-000347,2023-02-22,2023-02-25,15ce055c280c,PRD-0045,DHL,7.24,0,
ORD-000348,2023-06-07,2023-06-09,72e988d8eb56,PRD-0031,DHL,6.58,0,
ORD-000349,2023-11-03,2023-11-06,0af3a7a56720,PRD-0042,DPD,5.0,0,
ORD-000350,2023-03-08,2023-03-18,d27e485fd6fd,PRD-0025,Hermes,6.94,1,Zu spät geliefert
ORD-000351,2023-01-07,2023-01-09,64729909cc49,PRD-0012,DPD,6.41,0,
ORD-000352,2023-10-15,2023-10-17,e0ff769390ed,PRD-0001,DHL,6.38,0,
ORD-000353,2023-07-17,2023-07-24,17ac3876fd87,PRD-0035,Hermes,4.25,1,Zu spät geliefert
ORD-000354,2023-04-14,2023-04-15,a3d1bc8c2ba2,PRD-0047,DHL,5.18,0,
ORD-000355,2023-06-04,2023-06-05,0af3a7a56720,PRD-0002,DHL,3.63,1,Falscher Artikel
ORD-000356,2023-07-07,2023-07-08,194874bc22cc,PRD-0044,DPD,3.68,0,
ORD-000357,2023-02-18,2023-02-19,1873ed8a8f12,PRD-0015,DPD,6.6,0,
ORD-000358,2023-09-13,2023-09-14,d83e23745063,PRD-0033,Hermes,4.78,0,
ORD-000359,2023-08-15,2023-08-17,194874bc22cc,PRD-0050,DPD,7.44,1,Passt nicht
ORD-000360,2023-10-30,2023-11-09,8eeb91c26b66,PRD-0015,Hermes,7.02,0,
ORD-000361,2023-03-07,2023-03-10,078cf7c2e76f,PRD-0012,DPD,5.48,0,
ORD-000362,2023-05-21,2023-05-24,18c4413200a1,PRD-0023,DPD,5.6,0,
ORD-000363,2023-04-29,2023-05-05,637ccb709f55,PRD-0027,Hermes,5.39,0,
ORD-000364,2023-12-25,2024-01-04,7ade2c1e0157,PRD-0015,Hermes,5.75,0,
ORD-000365,2023-03-26,2023-03-29,f62642695f24,PRD-0027,DPD,4.47,0,
ORD-000366,2023-12-01,2023-12-02,0b4881f54699,PRD-0022,DPD,6.89,0,
ORD-000367,2023-10-30,2023-10-31,a9617bd36564,PRD-0035,DPD,6.19,1,Zu spät geliefert
ORD-000368,2023-09-05,2023-09-06,2493564c4baa,PRD-0003,DHL,5.85,0,
ORD-000369,2023-12-06,2023-12-08,beeaa327b024,PRD-0036,DHL,7.13,0,
ORD-000370,2023-05-04,2023-05-05,38424fe833d6,PRD-0001,DHL,3.97,0,
ORD-000371,2023-10-14,2023-10-17,d7502d19f435,PRD-0031,DHL,4.32,0,
ORD-000372,2023-05-25,2023-05-27,270e3dbaa894,PRD-0016,DPD,5.02,0,
ORD-000373,2023-02-01,2023-02-11,c4a39151ab7a,PRD-0042,Hermes,5.36,0,
ORD-000374,2023-11-02,2023-11-04,7acac7cb4f65,PRD-0047,Hermes,5.16,0,
ORD-000375,2023-08-16,2023-08-17,3f37d071d051,PRD-0015,DPD,4.68,1,Gefällt nicht
ORD-000376,2023-06-02,2023-06-04,9b6eada5ad31,PRD-0022,DHL,4.48,0,
ORD-000377,2023-03-07,2023-03-09,77b851aa0932,PRD-0042,DPD,7.37,1,Gefällt nicht
ORD-000378,2023-08-04,2023-08-12,3a4982af4066,PRD-0048,Hermes,6.38,1,Zu spät geliefert
ORD-000379,2023-03-03,2023-03-06,a2f29650a4e0,PRD-0012,DPD,5.6,0,
ORD-000380,2023-03-09,2023-03-10,835be6799755,PRD-0005,DPD,5.15,0,
ORD-000381,2023-03-13,2023-03-14,f539e0e6728a,PRD-0041,DHL,3.54,0,
ORD-000382,2023-12-04,2023-12-05,e6638b0be48a,PRD-0030,Hermes,5.97,0,
ORD-000383,2023-05-17,2023-05-26,5fa3180aa5f5,PRD-0043,Hermes,3.57,1,Zu spät geliefert
ORD-000384,2023-01-04,2023-01-06,d0fbc5dd9ca1,PRD-0018,DPD,6.72,1,Zu spät geliefert
ORD-000385,2023-10-21,2023-10-22,094eac2625f3,PRD-0012,DHL,4.46,0,
ORD-000386,2023-02-11,2023-02-20,faa2f6f03cc1,PRD-0034,Hermes,7.34,1,Zu spät geliefert
ORD-000387,2023-07-27,2023-07-30,e122976f0144,PRD-0037,DHL,6.11,1,Passt nicht
ORD-000388,2023-03-13,2023-03-14,990779cf8869,PRD-0042,DHL,5.01,0,
ORD-000389,2023-05-17,2023-05-18,c061d6ecb41c,PRD-0004,DPD,3.83,0,
ORD-000390,2023-10-11,2023-10-13,f0ae84fe65c4,PRD-0028,DPD,6.93,0,
ORD-000391,2023-11-06,2023-11-07,469278a0c2d3,PRD-0034,DHL,6.97,0,
ORD-000392,2023-09-15,2023-09-21,31becad38df2,PRD-0037,Hermes,4.62,0,
ORD-000393,2023-12-29,2023-12-30,640a49a29fe1,PRD-0037,DPD,3.56,1,Gefällt nicht
ORD-000394,2023-09-04,2023-09-07,04c68ecc66da,PRD-0038,DHL,7.22,0,
ORD-000395,2023-06-07,2023-06-08,c957b337cc41,PRD-0011,DPD,6.9,0,
ORD-000396,2023-03-07,2023-03-09,5a8903a18ef6,PRD-0035,Hermes,7.45,0,
ORD-000397,2023-10-21,2023-10-24,0963f40945fa,PRD-0006,DPD,3.71,0,
ORD-000398,2023-12-09,2023-12-11,be656dd918f8,PRD-0015,DHL,5.96,0,
ORD-000399,2023-04-27,2023-04-28,cac190493a6d,PRD-0026,Hermes,5.3,0,
ORD-000400,2023-06-23,2023-06-25,35664c9c3f85,PRD-0023,DPD,6.22,0,
ORD-000401,2023-03-08,2023-03-11,33c93562f478,PRD-0025,DHL,4.49,0,
ORD-000402,2023-08-03,2023-08-09,dd0fe71671a0,PRD-0006,Hermes,4.77,0,
ORD-000403,2023-06-09,2023-06-11,8761265dcb91,PRD-0006,DHL,6.55,0,
ORD-000404,2023-03-15,2023-03-16,9124aad31df2,PRD-0009,DHL,5.73,0,
ORD-000405,2023-08-17,2023-08-18,8afbf7870b9f,PRD-0027,DHL,3.87,1,Falscher Artikel
ORD-000406,2023-10-23,2023-10-31,194874bc22cc,PRD-0021,Hermes,6.4,0,
ORD-000407,2023-04-08,2023-04-11,28e03e79c223,PRD-0016,DPD,5.02,0,
ORD-000408,2023-12-09,2023-12-11,a8ac0b2e1350,PRD-0018,Hermes,4.6,1,Zu spät geliefert
ORD-000409,2023-03-12,2023-03-14,c957b337cc41,PRD-0031,DHL,6.38,1,Passt nicht
ORD-000410,2023-09-08,2023-09-09,7d378c11ec5f,PRD-0039,DPD,4.04,0,
ORD-000411,2023-01-05,2023-01-14,6dcf47721286,PRD-0026,Hermes,5.22,0,
ORD-000412,2023-02-05,2023-02-06,8b9804a18cf9,PRD-0042,DPD,5.42,1,Passt nicht
ORD-000413,2023-11-27,2023-11-29,df2618f77ad2,PRD-0026,Hermes,7.37,0,
ORD-000414,2023-03-07,2023-03-16,0ecc199bf319,PRD-0016,Hermes,7.23,0,
ORD-000415,2023-11-04,2023-11-05,b298bc334963,PRD-0038,DPD,5.7,0,
ORD-000416,2023-03-05,2023-03-14,e263a7a78454,PRD-0047,Hermes,3.78,0,
ORD-000417,2023-04-06,2023-04-08,b0c234dacd05,PRD-0027,DPD,4.71,0,
ORD-000418,2023-12-25,2023-12-28,582d0ec0ec5c,PRD-0043,DHL,5.01,0,
ORD-000419,2023-04-17,2023-04-20,977a97380535,PRD-0039,Hermes,7.18,0,
ORD-000420,2023-02-03,2023-02-04,653ad0b2bb63,PRD-0027,DPD,4.94,0,
ORD-000421,2023-04-22,2023-04-25,b342d2731d1f,PRD-0035,DPD,3.94,0,
ORD-000422,2023-08-10,2023-08-12,91b12e4eb82c,PRD-0043,DPD,5.75,1,Passt nicht
ORD-000423,2023-08-11,2023-08-13,7515db680360,PRD-0044,DPD,4.83,0,
ORD-000424,2023-03-09,2023-03-10,c75dc8ce2d98,PRD-0028,DHL,5.54,1,Gefällt nicht
ORD-000425,2023-08-19,2023-08-22,2cbe3b1bcb0f,PRD-0036,DPD,5.28,0,
ORD-000426,2023-01-05,2023-01-08,12647114a0f8,PRD-0030,DPD,4.1,0,
ORD-000427,2023-11-03,2023-11-05,690e733c2dab,PRD-0031,DHL,7.35,0,
ORD-000428,2023-01-06,2023-01-08,404ff6a33ad1,PRD-0047,DHL,5.32,0,
ORD-000429,2023-08-24,2023-08-26,69ccd9caa9d8,PRD-0034,Hermes,6.29,0,
ORD-000430,2023-09-30,2023-10-01,a7993303b392,PRD-0005,Hermes,6.09,1,Gefällt nicht
ORD-000431,2023-09-12,2023-09-13,5a8903a18ef6,PRD-0011,DPD,5.71,0,
ORD-000432,2023-06-12,2023-06-21,d92233347019,PRD-0036,Hermes,4.25,0,
ORD-000433,2023-06-03,2023-06-04,091f24ee1b41,PRD-0028,Hermes,5.3,0,
ORD-000434,2023-03-08,2023-03-11,9a1e75b4505b,PRD-0025,DHL,4.61,0,
ORD-000435,2023-11-19,2023-11-20,d0f9e20b6ac8,PRD-0005,DPD,5.65,0,
ORD-000436,2023-09-27,2023-09-29,cfcb6acdefc1,PRD-0021,DHL,5.61,1,Zu spät geliefert
ORD-000437,2023-06-22,2023-06-24,18961c2b26b0,PRD-0021,DPD,5.85,0,
ORD-000438,2023-01-16,2023-01-25,edeb51cf4ea1,PRD-0023,Hermes,5.86,0,
ORD-000439,2023-02-22,2023-02-27,4705fbb31f62,PRD-0009,Hermes,6.27,0,
ORD-000440,2023-06-09,2023-06-19,d33a78d74e4f,PRD-0025,Hermes,5.45,0,
ORD-000441,2023-06-04,2023-06-05,ef585dfe39ff,PRD-0045,DPD,5.46,0,
ORD-000442,2023-01-01,2023-01-03,d83e23745063,PRD-0012,Hermes,7.31,0,
ORD-000443,2023-04-12,2023-04-14,c29a8cd01fe7,PRD-0009,DHL,5.52,0,
ORD-000444,2023-12-23,2023-12-25,cd8b0209443f,PRD-0027,DPD,6.86,0,
ORD-000445,2023-11-19,2023-11-22,a2f29650a4e0,PRD-0011,DHL,4.67,1,Passt nicht
ORD-000446,2023-12-13,2023-12-15,ef7ef29dcedd,PRD-0015,DPD,5.76,1,Gefällt nicht
ORD-000447,2023-05-14,2023-05-17,6c32c594f20c,PRD-0050,Hermes,4.57,0,
ORD-000448,2023-11-18,2023-11-19,640a49a29fe1,PRD-0024,DPD,5.27,0,
ORD-000449,2023-11-22,2023-11-25,6cd541597068,PRD-0028,DHL,6.51,0,
ORD-000450,2023-01-21,2023-01-27,c729e129bdce,PRD-0003,Hermes,7.48,0,
ORD-000451,2023-08-14,2023-08-17,831786676e1c,PRD-0016,DHL,4.9,0,
ORD-000452,2023-05-21,2023-05-23,eff7c49b7f80,PRD-0040,DPD,6.64,1,Passt nicht
ORD-000453,2023-06-17,2023-06-20,55e28e9559e9,PRD-0014,DHL,4.62,0,
ORD-000454,2023-03-17,2023-03-28,a0fba1a80fbc,PRD-0011,Hermes,6.93,1,Zu spät geliefert
ORD-000455,2023-03-13,2023-03-14,28450eab660d,PRD-0044,DHL,6.64,0,
ORD-000456,2023-01-26,2023-02-03,689be503fd22,PRD-0004,Hermes,6.35,1,Zu spät geliefert
ORD-000457,2023-07-05,2023-07-07,94bcba74315e,PRD-0016,DPD,5.81,0,
ORD-000458,2023-11-21,2023-11-23,1f609003020d,PRD-0041,Hermes,7.02,0,
ORD-000459,2023-04-21,2023-04-24,93746af9a172,PRD-0026,DPD,7.25,0,
ORD-000460,2023-09-09,2023-09-11,8d7552eb62a6,PRD-0030,Hermes,6.89,0,
ORD-000461,2023-01-16,2023-01-19,93746af9a172,PRD-0047,Hermes,3.75,0,
ORD-000462,2023-01-08,2023-01-10,625a58a0970a,PRD-0026,DHL,5.48,0,
ORD-000463,2023-10-06,2023-10-09,d145218f85d8,PRD-0019,Hermes,5.44,0,
ORD-000464,2023-03-31,2023-04-01,582fb1eed8db,PRD-0044,DHL,3.57,1,Zu spät geliefert
ORD-000465,2023-08-27,2023-09-05,3405d23c5dca,PRD-0011,Hermes,6.25,1,Zu spät geliefert
ORD-000466,2023-01-30,2023-01-31,437c0fbd875f,PRD-0042,Hermes,3.87,0,
ORD-000467,2023-01-20,2023-01-22,64470c154a9e,PRD-0017,DHL,6.1,0,
ORD-000468,2023-10-14,2023-10-16,1cc70d32846d,PRD-0026,DPD,6.52,0,
ORD-000469,2023-10-23,2023-10-26,9a1e75b4505b,PRD-0042,DHL,5.41,1,Passt nicht
ORD-000470,2023-02-02,2023-02-05,437c0fbd875f,PRD-0038,DHL,3.54,0,
ORD-000471,2023-08-12,2023-08-14,a86478876429,PRD-0022,DHL,5.41,0,
ORD-000472,2023-03-27,2023-03-30,8e420eca93a9,PRD-0025,DHL,3.91,0,
ORD-000473,2023-04-06,2023-04-08,8bf6259d1423,PRD-0020,DHL,6.51,0,
ORD-000474,2023-05-24,2023-05-25,6b2a01940a1d,PRD-0042,DPD,5.94,1,Passt nicht
ORD-000475,2023-10-24,2023-11-01,0e01fd7ca933,PRD-0029,Hermes,5.96,0,
ORD-000476,2023-03-19,2023-03-20,1d535cf02561,PRD-0014,DHL,5.86,1,Passt nicht
ORD-000477,2023-07-29,2023-07-31,571f0605d00e,PRD-0023,Hermes,6.08,0,
ORD-000478,2023-08-29,2023-09-01,91b12e4eb82c,PRD-0036,DPD,4.64,0,
ORD-000479,2023-03-10,2023-03-13,156bf92e130e,PRD-0045,DHL,4.32,0,
ORD-000480,2023-02-22,2023-02-25,1342de996668,PRD-0033,DHL,6.08,0,
ORD-000481,2023-03-04,2023-03-13,0a872da2b2c2,PRD-0016,Hermes,3.78,0,
ORD-000482,2023-04-26,2023-05-06,dec2d92afa99,PRD-0001,Hermes,5.69,1,Zu spät geliefert
ORD-000483,2023-11-21,2023-11-26,48e3cf2a4ce5,PRD-0049,Hermes,3.66,1,Passt nicht
ORD-000484,2023-06-30,2023-07-02,2282d30985a3,PRD-0026,DPD,5.5,0,
ORD-000485,2023-02-06,2023-02-08,0dc43ad19079,PRD-0028,DPD,5.65,1,Falscher Artikel
ORD-000486,2023-02-03,2023-02-05,879bd1edee94,PRD-0018,DHL,7.4,1,Gefällt nicht
ORD-000487,2023-08-18,2023-08-20,0d662469e248,PRD-0035,Hermes,6.1,0,
ORD-000488,2023-03-28,2023-03-31,b3cd19da7738,PRD-0005,Hermes,4.45,0,
ORD-000489,2023-05-29,2023-05-30,1824d85429cb,PRD-0006,Hermes,4.74,0,
ORD-000490,2023-11-27,2023-11-28,868c311e5e64,PRD-0043,DPD,6.31,1,Passt nicht
ORD-000491,2023-01-03,2023-01-06,b0e25b821d65,PRD-0032,Hermes,4.54,0,
ORD-000492,2023-09-27,2023-09-29,8c24a506c11e,PRD-0009,DPD,3.97,0,
ORD-000493,2023-01-19,2023-01-25,28450eab660d,PRD-0002,Hermes,7.4,0,
ORD-000494,2023-06-13,2023-06-15,e181ef26b77f,PRD-0005,Hermes,4.97,1,Passt nicht
ORD-000495,2023-01-09,2023-01-12,44b2ea3c07ba,PRD-0050,DHL,3.96,0,
ORD-000496,2023-12-28,2023-12-29,54b4b35409c9,PRD-0033,DHL,3.55,0,
ORD-000497,2023-07-25,2023-07-27,a690f5f162c9,PRD-0031,Hermes,5.71,1,Passt nicht
ORD-000498,2023-02-25,2023-02-28,0d409b8b3b80,PRD-0046,DPD,4.79,0,
ORD-000499,2023-06-29,2023-07-01,180277d9bac3,PRD-0047,Hermes,3.98,0,
ORD-000500,2023-07-08,2023-07-09,d590578f636c,PRD-0004,DHL,7.43,0,
ORD-000501,2023-09-13,2023-09-15,8c8ee8a9a9ef,PRD-0026,DHL,6.59,0,
ORD-000502,2023-01-15,2023-01-18,e342bb1a776b,PRD-0021,DHL,4.98,0,
ORD-000503,2023-05-05,2023-05-08,e5e92df1e0aa,PRD-0037,Hermes,5.87,0,
ORD-000504,2023-06-05,2023-06-08,b86221f2a7ca,PRD-0050,DHL,6.54,0,
ORD-000505,2023-04-20,2023-04-22,b4429a4861f6,PRD-0010,DHL,4.89,1,Falscher Artikel
ORD-000506,2023-06-05,2023-06-07,835be6799755,PRD-0045,DHL,6.9,1,Zu spät geliefert
ORD-000507,2023-02-13,2023-02-14,27b8a7474688,PRD-0020,DHL,4.45,0,
ORD-000508,2023-12-25,2023-12-28,2463236366e8,PRD-0004,DHL,7.19,1,Passt nicht
ORD-000509,2023-09-24,2023-09-27,710113ae34b1,PRD-0034,Hermes,6.49,0,
ORD-000510,2023-10-18,2023-10-19,1b26cbe1582a,PRD-0007,DPD,5.08,0,
ORD-000511,2023-06-12,2023-06-14,05cc3be2fee8,PRD-0037,DHL,4.02,0,
ORD-000512,2023-11-19,2023-11-21,e5e92df1e0aa,PRD-0017,Hermes,4.77,0,
ORD-000513,2023-11-23,2023-11-24,65fa4460f4d3,PRD-0015,DHL,4.12,1,Passt nicht
ORD-000514,2023-01-22,2023-01-24,0e01fd7ca933,PRD-0029,Hermes,7.36,0,
ORD-000515,2023-07-04,2023-07-10,04c68ecc66da,PRD-0029,Hermes,6.81,1,Gefällt nicht
ORD-000516,2023-06-19,2023-06-20,637ccb709f55,PRD-0039,DHL,4.81,0,
ORD-000517,2023-12-04,2023-12-06,3817ec543c32,PRD-0046,DHL,3.7,0,
ORD-000518,2023-02-20,2023-02-21,c957b337cc41,PRD-0017,DHL,6.92,0,
ORD-000519,2023-06-01,2023-06-02,bcea4943f5ed,PRD-0048,DPD,6.72,1,Passt nicht
ORD-000520,2023-04-20,2023-04-21,d83e23745063,PRD-0008,DHL,7.43,0,
ORD-000521,2023-03-26,2023-03-28,309e98408862,PRD-0013,Hermes,3.84,0,
ORD-000522,2023-10-03,2023-10-04,77f5e7c90479,PRD-0017,DHL,4.29,0,
ORD-000523,2023-07-24,2023-07-25,0b2cf2585cf2,PRD-0029,DHL,6.82,0,
ORD-000524,2023-10-04,2023-10-06,62fbd97da58e,PRD-0008,DHL,5.23,1,Falscher Artikel
ORD-000525,2023-05-18,2023-05-26,0963f40945fa,PRD-0026,Hermes,4.36,1,Zu spät geliefert
ORD-000526,2023-01-05,2023-01-07,b9ad68fbc78c,PRD-0018,Hermes,5.97,1,Falscher Artikel
ORD-000527,2023-01-06,2023-01-08,d603cad7b19e,PRD-0019,Hermes,3.85,0,
ORD-000528,2023-08-11,2023-08-12,57fe51e4f453,PRD-0009,Hermes,4.5,0,
ORD-000529,2023-05-07,2023-05-09,7495bed060a9,PRD-0035,DHL,4.94,0,
ORD-000530,2023-03-30,2023-04-02,747571f443d9,PRD-0032,Hermes,4.22,0,
ORD-000531,2023-06-29,2023-06-30,a7993303b392,PRD-0039,DHL,6.61,0,
ORD-000532,2023-03-09,2023-03-11,1ab934b136ba,PRD-0031,DPD,7.5,0,
ORD-000533,2023-03-19,2023-03-20,ff5ac746bfa2,PRD-0011,DHL,4.57,0,
ORD-000534,2023-04-16,2023-04-17,fb86fc199742,PRD-0048,DHL,7.43,0,
ORD-000535,2023-06-14,2023-06-15,b9a8cd3edce6,PRD-0023,DHL,4.77,0,
ORD-000536,2023-02-05,2023-02-14,48a9611b448a,PRD-0045,Hermes,5.75,0,
ORD-000537,2023-06-22,2023-07-02,3f37d071d051,PRD-0013,Hermes,3.72,1,Zu spät geliefert
ORD-000538,2023-11-17,2023-11-20,5bd74e894eab,PRD-0015,DHL,4.83,0,
ORD-000539,2023-06-15,2023-06-17,d649221985e2,PRD-0013,DHL,7.18,0,
ORD-000540,2023-09-13,2023-09-14,bb0e27df0d3e,PRD-0021,DHL,6.32,0,
ORD-000541,2023-02-26,2023-03-01,83aebe395a90,PRD-0050,DHL,7.34,0,
ORD-000542,2023-11-29,2023-12-01,4f648875299c,PRD-0046,DPD,4.85,0,
ORD-000543,2023-03-28,2023-03-31,d145218f85d8,PRD-0009,DHL,6.67,0,
ORD-000544,2023-09-19,2023-09-21,26456a23a19c,PRD-0032,DPD,7.37,0,
ORD-000545,2023-02-13,2023-02-14,53e714819d6b,PRD-0040,Hermes,5.01,0,
ORD-000546,2023-03-21,2023-03-26,3dd5fa92ff54,PRD-0045,Hermes,7.29,0,
ORD-000547,2023-12-03,2023-12-04,12647114a0f8,PRD-0050,DPD,7.18,1,Gefällt nicht
ORD-000548,2023-12-11,2023-12-14,afeee7d6a9ec,PRD-0040,DHL,7.25,0,
ORD-000549,2023-03-18,2023-03-19,df434dfc7d39,PRD-0022,DPD,4.17,1,Gefällt nicht
ORD-000550,2023-11-02,2023-11-05,81d199d7f773,PRD-0006,DPD,7.05,0,
ORD-000551,2023-06-09,2023-06-14,fabeea9a1268,PRD-0001,Hermes,6.65,0,
ORD-000552,2023-02-14,2023-02-16,3435d4a9da90,PRD-0001,DHL,5.18,0,
ORD-000553,2023-01-05,2023-01-14,54ff55540509,PRD-0027,Hermes,5.42,1,Zu spät geliefert
ORD-000554,2023-09-07,2023-09-10,cc2e0d6395e1,PRD-0037,DPD,3.79,1,Gefällt nicht
ORD-000555,2023-12-30,2024-01-04,8f9f681c0af4,PRD-0003,Hermes,7.05,1,Passt nicht
ORD-000556,2023-11-04,2023-11-07,fd0ec81b021e,PRD-0047,DHL,7.41,0,
ORD-000557,2023-08-28,2023-08-30,5e05d08a8631,PRD-0039,DPD,5.23,0,
ORD-000558,2023-04-11,2023-04-13,697c1ac3f17c,PRD-0011,DPD,4.82,1,Passt nicht
ORD-000559,2023-04-20,2023-04-23,ff5ac746bfa2,PRD-0013,Hermes,5.66,0,
ORD-000560,2023-10-04,2023-10-12,33c93562f478,PRD-0019,Hermes,6.86,0,
ORD-000561,2023-02-06,2023-02-07,50aba4db4830,PRD-0004,Hermes,4.3,1,Gefällt nicht
ORD-000562,2023-06-19,2023-06-22,b61fe1d1a782,PRD-0014,DHL,5.39,1,Passt nicht
ORD-000563,2023-04-27,2023-04-29,404ff6a33ad1,PRD-0020,Hermes,3.86,0,
ORD-000564,2023-02-23,2023-02-25,747571f443d9,PRD-0025,DHL,4.98,0,
ORD-000565,2023-03-19,2023-03-21,3d1f19e70883,PRD-0003,Hermes,5.76,1,Gefällt nicht
ORD-000566,2023-10-05,2023-10-08,891a9289ce1b,PRD-0049,DPD,6.73,1,Gefällt nicht
ORD-000567,2023-02-08,2023-02-09,6e42767fcc55,PRD-0049,DPD,6.86,0,
ORD-000568,2023-06-01,2023-06-04,aaa6ae316d32,PRD-0034,Hermes,5.79,0,
ORD-000569,2023-05-16,2023-05-21,fb13defe48b3,PRD-0031,Hermes,7.1,0,
ORD-000570,2023-04-18,2023-04-21,aa5d87998a2a,PRD-0037,DPD,4.19,1,Gefällt nicht
ORD-000571,2023-12-16,2023-12-17,95879f7848a2,PRD-0014,DHL,7.45,1,Passt nicht
ORD-000572,2023-11-14,2023-11-15,a3e6026be7de,PRD-0013,DPD,4.53,0,
ORD-000573,2023-04-22,2023-04-23,f6a34b6ae058,PRD-0047,DHL,5.09,0,
ORD-000574,2023-02-15,2023-02-17,cdd0acc5960e,PRD-0018,DPD,3.55,0,
ORD-000575,2023-12-22,2023-12-25,8807a57da3fe,PRD-0040,DPD,3.95,0,
ORD-000576,2023-10-18,2023-10-21,e813fca4c6e1,PRD-0010,DPD,7.36,0,
ORD-000577,2023-03-18,2023-03-19,1086241e2fd7,PRD-0007,DPD,6.97,0,
ORD-000578,2023-06-28,2023-07-07,884802d6725a,PRD-0023,Hermes,5.39,0,
ORD-000579,2023-03-11,2023-03-12,48e3cf2a4ce5,PRD-0018,Hermes,5.11,0,
ORD-000580,2023-06-30,2023-07-01,cfd276367a24,PRD-0022,DPD,7.18,1,Gefällt nicht
ORD-000581,2023-07-02,2023-07-04,710113ae34b1,PRD-0024,DHL,4.71,0,
ORD-000582,2023-09-13,2023-09-16,9d55669ec3db,PRD-0032,DPD,4.04,1,Gefällt nicht
ORD-000583,2023-12-14,2023-12-23,ff5ac746bfa2,PRD-0048,Hermes,3.86,0,
ORD-000584,2023-05-31,2023-06-03,4156cfc49b85,PRD-0014,Hermes,5.0,0,
ORD-000585,2023-07-23,2023-07-24,51146b476b24,PRD-0033,DHL,4.04,1,Gefällt nicht
ORD-000586,2023-05-21,2023-05-22,e9c2bd64e52f,PRD-0034,DPD,7.0,0,
ORD-000587,2023-07-05,2023-07-06,315eb586efc1,PRD-0004,DHL,7.17,0,
ORD-000588,2023-06-13,2023-06-15,e526f66f6c08,PRD-0013,Hermes,6.04,0,
ORD-000589,2023-12-14,2023-12-15,af26dae9e150,PRD-0044,DHL,5.88,0,
ORD-000590,2023-12-23,2023-12-26,df2618f77ad2,PRD-0031,DPD,6.85,1,Passt nicht
ORD-000591,2023-10-20,2023-10-21,809f89f73fa5,PRD-0048,DPD,5.05,0,
ORD-000592,2023-01-13,2023-01-14,cbfba0028956,PRD-0037,DHL,6.21,0,
ORD-000593,2023-06-13,2023-06-20,1f609003020d,PRD-0042,Hermes,4.03,0,
ORD-000594,2023-11-30,2023-12-01,919cb12d101f,PRD-0039,DHL,6.35,1,Gefällt nicht
ORD-000595,2023-09-26,2023-09-28,2f94e3143891,PRD-0042,Hermes,5.34,0,
ORD-000596,2023-03-22,2023-03-25,6cd541597068,PRD-0030,Hermes,5.84,0,
ORD-000597,2023-11-03,2023-11-05,2c8754a768e5,PRD-0033,DPD,5.88,0,
ORD-000598,2023-04-08,2023-04-09,4db113b958f0,PRD-0020,DPD,4.85,0,
ORD-000599,2023-08-23,2023-08-31,b2cebf22574d,PRD-0041,Hermes,5.57,1,Zu spät geliefert
ORD-000600,2023-04-24,2023-04-26,1aa279e94dde,PRD-0004,DPD,6.22,0,
ORD-000601,2023-03-11,2023-03-13,8bf6d58effba,PRD-0002,DPD,4.54,0,
ORD-000602,2023-08-31,2023-09-11,ab5a82deb9ec,PRD-0026,Hermes,4.87,0,
ORD-000603,2023-01-18,2023-01-21,bcece21f6f55,PRD-0015,DPD,5.4,0,
ORD-000604,2023-11-14,2023-11-22,156bf92e130e,PRD-0043,Hermes,7.01,0,
ORD-000605,2023-04-18,2023-04-20,eeef6eaf3244,PRD-0019,DHL,6.4,1,Gefällt nicht
ORD-000606,2023-12-08,2023-12-11,28e03e79c223,PRD-0049,DHL,6.12,0,
ORD-000607,2023-06-16,2023-06-19,b0693dcc41cf,PRD-0023,DHL,5.18,0,
ORD-000608,2023-11-11,2023-11-13,31becad38df2,PRD-0022,Hermes,3.97,0,
ORD-000609,2023-01-27,2023-01-30,13e46c560187,PRD-0041,DPD,3.78,0,
ORD-000610,2023-07-03,2023-07-04,dec2d92afa99,PRD-0013,DPD,5.03,0,
ORD-000611,2023-05-08,2023-05-09,9d5f179198bf,PRD-0027,DHL,4.3,0,
ORD-000612,2023-11-30,2023-12-06,c1e7e0988611,PRD-0037,Hermes,5.45,0,
ORD-000613,2023-05-13,2023-05-23,e05e68fad718,PRD-0012,Hermes,6.54,1,Zu spät geliefert
ORD-000614,2023-02-08,2023-02-10,d3b1f769f7d5,PRD-0037,DHL,6.62,0,
ORD-000615,2023-07-18,2023-07-21,6ff587083847,PRD-0040,Hermes,5.41,0,
ORD-000616,2023-08-02,2023-08-03,94f6486963cd,PRD-0003,DPD,7.3,0,
ORD-000617,2023-06-21,2023-06-22,063985b5ff29,PRD-0021,DPD,6.01,1,Passt nicht
ORD-000618,2023-01-08,2023-01-10,91b12e4eb82c,PRD-0015,DPD,5.03,1,Passt nicht
ORD-000619,2023-02-03,2023-02-04,15fc50238f91,PRD-0020,DHL,4.69,0,
ORD-000620,2023-11-21,2023-11-24,4086cd585ed6,PRD-0030,DPD,4.85,0,
ORD-000621,2023-11-25,2023-11-27,446545a9feff,PRD-0044,DHL,5.46,0,
ORD-000622,2023-07-12,2023-07-14,13dd794265e4,PRD-0013,DHL,6.41,1,Gefällt nicht
ORD-000623,2023-08-29,2023-08-30,fef1b545c51c,PRD-0014,DPD,4.18,0,
ORD-000624,2023-08-28,2023-08-29,f366585846eb,PRD-0046,DPD,6.06,0,
ORD-000625,2023-08-08,2023-08-09,06ef72d7f8cf,PRD-0035,DPD,3.69,0,
ORD-000626,2023-03-15,2023-03-16,6adad2b3a3cf,PRD-0042,DHL,5.17,0,
ORD-000627,2023-03-08,2023-03-10,6323534375f5,PRD-0008,DPD,4.11,0,
ORD-000628,2023-04-27,2023-04-28,87ba76f5d6ea,PRD-0044,DPD,6.15,0,
ORD-000629,2023-09-28,2023-10-01,0c686f54405d,PRD-0034,Hermes,6.82,0,
ORD-000630,2023-03-12,2023-03-15,afb8f64e78d8,PRD-0033,DPD,6.64,1,Passt nicht
ORD-000631,2023-01-16,2023-01-17,d203bb5d702c,PRD-0013,DPD,6.83,0,
ORD-000632,2023-12-09,2023-12-12,e60bbfb74318,PRD-0013,Hermes,5.69,0,
ORD-000633,2023-03-07,2023-03-09,f6a34b6ae058,PRD-0014,DPD,3.55,1,Passt nicht
ORD-000634,2023-04-22,2023-04-25,46eff0f99985,PRD-0008,DPD,7.3,0,
ORD-000635,2023-08-06,2023-08-09,f5bd06ab835b,PRD-0033,DHL,7.12,0,
ORD-000636,2023-03-27,2023-04-02,0e29f3ef6c8e,PRD-0015,Hermes,7.0,1,Passt nicht
ORD-000637,2023-06-22,2023-06-29,bfbae68bbec2,PRD-0019,Hermes,3.54,1,Passt nicht
ORD-000638,2023-04-30,2023-05-01,918b7cfb57b8,PRD-0043,DPD,7.32,1,Gefällt nicht
ORD-000639,2023-04-14,2023-04-16,8ed36ba577d5,PRD-0047,DHL,4.23,0,
ORD-000640,2023-10-27,2023-10-29,4c8539d04486,PRD-0026,Hermes,5.41,0,
ORD-000641,2023-04-14,2023-04-15,130ce3637d55,PRD-0042,DHL,7.43,1,Passt nicht
ORD-000642,2023-01-31,2023-02-02,bb0e27df0d3e,PRD-0011,DHL,5.43,0,
ORD-000643,2023-10-26,2023-10-27,05b23c8b13d0,PRD-0044,Hermes,5.95,0,
ORD-000644,2023-07-12,2023-07-13,f1d915ccea6a,PRD-0044,DPD,5.45,0,
ORD-000645,2023-03-07,2023-03-14,31becad38df2,PRD-0027,Hermes,6.97,1,Zu spät geliefert
ORD-000646,2023-03-27,2023-03-30,ff53055637c2,PRD-0050,DPD,4.4,0,
ORD-000647,2023-04-15,2023-04-18,ae868fa763a9,PRD-0043,Hermes,3.88,0,
ORD-000648,2023-05-15,2023-05-17,b8710bcabf47,PRD-0047,DHL,6.21,0,
ORD-000649,2023-06-16,2023-06-19,a09934c5e7c7,PRD-0010,DPD,5.52,1,Gefällt nicht
ORD-000650,2023-10-31,2023-11-01,fccc234064ac,PRD-0032,DHL,4.78,0,
ORD-000651,2023-05-11,2023-05-14,d92233347019,PRD-0018,DHL,6.07,0,
ORD-000652,2023-11-06,2023-11-08,974d23a2f0a4,PRD-0016,DHL,5.79,0,
ORD-000653,2023-03-18,2023-03-27,a04233aec2c9,PRD-0032,Hermes,3.57,0,
ORD-000654,2023-07-14,2023-07-17,3c39f0cef709,PRD-0027,DHL,6.8,0,
ORD-000655,2023-11-16,2023-11-19,5128bef0e4a9,PRD-0039,DPD,6.12,1,Passt nicht
ORD-000656,2023-05-31,2023-06-01,2fef302aa48d,PRD-0022,Hermes,4.83,0,
ORD-000657,2023-08-11,2023-08-13,bb3934db10be,PRD-0040,DPD,4.95,0,
ORD-000658,2023-04-10,2023-04-13,7e90cd9f8a38,PRD-0008,DHL,4.87,0,
ORD-000659,2023-06-24,2023-06-27,59b9071f19ac,PRD-0041,Hermes,3.68,0,
ORD-000660,2023-08-10,2023-08-13,0e01fd7ca933,PRD-0032,DHL,5.14,0,
ORD-000661,2023-10-23,2023-10-24,c0c7cd7f522c,PRD-0040,DHL,4.36,1,Gefällt nicht
ORD-000662,2023-01-05,2023-01-07,618cc57afb13,PRD-0013,DPD,3.69,1,Zu spät geliefert
ORD-000663,2023-03-06,2023-03-07,673d27f582ed,PRD-0044,DPD,5.3,0,
ORD-000664,2023-05-20,2023-05-21,d451b4fe0223,PRD-0038,DPD,3.52,0,
ORD-000665,2023-12-06,2023-12-08,daef63bdd6d2,PRD-0004,DPD,5.43,0,
ORD-000666,2023-04-24,2023-04-27,20e4c8f9f7e6,PRD-0050,DHL,6.42,0,
ORD-000667,2023-10-28,2023-10-31,1be9d2cedf01,PRD-0007,Hermes,5.52,0,
ORD-000668,2023-07-28,2023-07-31,571f0605d00e,PRD-0027,DPD,4.59,0,
ORD-000669,2023-05-24,2023-05-26,3d72668edf04,PRD-0022,Hermes,6.87,1,Gefällt nicht
ORD-000670,2023-10-17,2023-10-20,e0d2dd604c94,PRD-0021,DPD,6.03,0,
ORD-000671,2023-03-29,2023-04-01,315eb586efc1,PRD-0014,DPD,7.18,1,Gefällt nicht
ORD-000672,2023-05-27,2023-05-28,437c0fbd875f,PRD-0046,DPD,6.28,0,
ORD-000673,2023-11-24,2023-11-26,d145218f85d8,PRD-0046,DHL,5.83,0,
ORD-000674,2023-10-23,2023-10-25,66c69ec74124,PRD-0043,DPD,7.08,0,
ORD-000675,2023-02-23,2023-02-24,c4a39151ab7a,PRD-0019,Hermes,3.71,1,Passt nicht
ORD-000676,2023-06-12,2023-06-13,51146b476b24,PRD-0013,Hermes,4.09,0,
ORD-000677,2023-08-06,2023-08-07,886e21a9b6c8,PRD-0045,Hermes,3.91,1,Zu spät geliefert
ORD-000678,2023-08-09,2023-08-12,55b8948f723e,PRD-0044,DPD,6.47,0,
ORD-000679,2023-01-17,2023-01-20,7d13cf616dd9,PRD-0025,DHL,6.7,0,
ORD-000680,2023-04-20,2023-04-21,3760c4b579a5,PRD-0045,DPD,5.05,0,
ORD-000681,2023-09-25,2023-10-04,6ea077b24433,PRD-0044,Hermes,6.98,1,Zu spät geliefert
ORD-000682,2023-07-01,2023-07-04,89771a379f84,PRD-0029,DHL,6.09,0,
ORD-000683,2023-03-09,2023-03-12,3058782babb7,PRD-0038,DPD,6.6,0,
ORD-000684,2023-03-18,2023-03-24,e11ba68c2897,PRD-0013,Hermes,4.2,0,
ORD-000685,2023-07-20,2023-07-21,b56320997ee9,PRD-0008,Hermes,4.02,0,
ORD-000686,2023-06-18,2023-06-20,fc756d4ad507,PRD-0017,DHL,7.25,0,
ORD-000687,2023-10-13,2023-10-24,fd6f448a537c,PRD-0010,Hermes,4.7,0,
ORD-000688,2023-10-02,2023-10-04,4ff39efe0c37,PRD-0037,DPD,5.6,1,Gefällt nicht
ORD-000689,2023-04-14,2023-04-15,6ea077b24433,PRD-0012,DPD,4.14,0,
ORD-000690,2023-01-25,2023-01-31,640a49a29fe1,PRD-0035,Hermes,4.82,0,
ORD-000691,2023-09-11,2023-09-14,97d6492e940c,PRD-0014,DPD,5.75,0,
ORD-000692,2023-01-05,2023-01-06,78a2938173f2,PRD-0042,DHL,5.28,0,
ORD-000693,2023-01-02,2023-01-05,f2344e0a11b7,PRD-0042,DPD,6.23,1,Passt nicht
ORD-000694,2023-08-20,2023-08-22,40d2dfa1b3e7,PRD-0025,DHL,6.4,0,
ORD-000695,2023-05-12,2023-05-15,690e733c2dab,PRD-0034,Hermes,3.68,0,
ORD-000696,2023-03-30,2023-04-01,0b56b0d30ece,PRD-0042,DHL,7.29,0,
ORD-000697,2023-07-14,2023-07-17,95879f7848a2,PRD-0050,DPD,4.34,1,Passt nicht
ORD-000698,2023-12-06,2023-12-09,f23d982e04cd,PRD-0050,DHL,3.92,0,
ORD-000699,2023-05-11,2023-05-13,ef585dfe39ff,PRD-0045,DPD,7.26,0,
ORD-000700,2023-09-01,2023-09-02,7625e625a334,PRD-0044,DHL,4.83,0,
ORD-000701,2023-12-10,2023-12-11,4ed747073d46,PRD-0005,DHL,5.73,0,
ORD-000702,2023-05-02,2023-05-11,4a5d98f6b886,PRD-0015,Hermes,3.57,1,Zu spät geliefert
ORD-000703,2023-07-07,2023-07-08,d590578f636c,PRD-0008,DPD,5.97,0,
ORD-000704,2023-10-16,2023-10-17,cedbdcb96040,PRD-0048,DPD,3.79,0,
ORD-000705,2023-04-15,2023-04-17,a038b123f544,PRD-0033,DHL,4.71,0,
ORD-000706,2023-03-09,2023-03-15,0ad842e0f02b,PRD-0019,Hermes,5.63,0,
ORD-000707,2023-02-05,2023-02-13,6c1abafed714,PRD-0048,Hermes,7.05,1,Zu spät geliefert
ORD-000708,2023-06-01,2023-06-03,5f3fbfbffdc5,PRD-0047,DPD,3.54,0,
ORD-000709,2023-10-09,2023-10-10,ee25d0e6f8f7,PRD-0036,DHL,5.89,1,Falscher Artikel
ORD-000710,2023-04-19,2023-04-21,ef585dfe39ff,PRD-0036,DHL,6.47,0,
ORD-000711,2023-04-02,2023-04-04,a5598237eef7,PRD-0023,DHL,6.91,0,
ORD-000712,2023-05-05,2023-05-06,83aebe395a90,PRD-0011,DHL,4.51,0,
ORD-000713,2023-10-31,2023-11-03,a24089fa2684,PRD-0012,DPD,6.91,0,
ORD-000714,2023-08-18,2023-08-21,a2358e00a911,PRD-0036,Hermes,3.77,0,
ORD-000715,2023-08-23,2023-08-26,7320f3ffb41e,PRD-0013,DPD,4.82,0,
ORD-000716,2023-01-07,2023-01-08,1be9d2cedf01,PRD-0043,DPD,7.1,1,Passt nicht
ORD-000717,2023-11-21,2023-11-23,b6c409f8788c,PRD-0032,Hermes,5.84,0,
ORD-000718,2023-11-06,2023-11-08,c0186f5bc743,PRD-0037,Hermes,4.48,1,Gefällt nicht
ORD-000719,2023-01-13,2023-01-16,33b5c19fea3c,PRD-0046,DPD,6.86,0,
ORD-000720,2023-08-14,2023-08-16,076a230994c4,PRD-0044,DPD,5.35,0,
ORD-000721,2023-10-31,2023-11-02,79eb57c262b2,PRD-0050,Hermes,6.87,1,Passt nicht
ORD-000722,2023-03-27,2023-03-28,e5cfa1b88670,PRD-0009,DPD,7.05,0,
ORD-000723,2023-07-05,2023-07-06,0465ce22ecb4,PRD-0047,DHL,6.03,0,
ORD-000724,2023-07-27,2023-07-29,3c583cee118d,PRD-0038,DPD,4.35,0,
ORD-000725,2023-01-31,2023-02-03,99724234e6f0,PRD-0036,Hermes,6.12,0,
ORD-000726,2023-04-12,2023-04-13,23dfee58d4b8,PRD-0024,Hermes,6.93,0,
ORD-000727,2023-09-18,2023-09-21,076a230994c4,PRD-0030,DPD,5.51,1,Beschädigt
ORD-000728,2023-06-15,2023-06-18,0c686f54405d,PRD-0016,DPD,5.56,0,
ORD-000729,2023-01-20,2023-01-23,3d1f19e70883,PRD-0011,DHL,6.14,0,
ORD-000730,2023-04-29,2023-05-02,afeee7d6a9ec,PRD-0010,DPD,4.94,0,
ORD-000731,2023-07-09,2023-07-16,be09470a4786,PRD-0049,Hermes,6.17,1,Zu spät geliefert
ORD-000732,2023-11-25,2023-11-27,a8ea3b6635e5,PRD-0024,Hermes,3.66,0,
ORD-000733,2023-09-09,2023-09-12,22583b4a1b25,PRD-0021,DHL,6.03,0,
ORD-000734,2023-09-04,2023-09-07,db960f60908f,PRD-0048,Hermes,6.11,0,
ORD-000735,2023-06-09,2023-06-10,cfcb6acdefc1,PRD-0038,DPD,5.01,0,
ORD-000736,2023-10-14,2023-10-16,1097ce4c873e,PRD-0015,DPD,6.97,0,
ORD-000737,2023-02-06,2023-02-07,1342a927b8b4,PRD-0031,DPD,4.06,0,
ORD-000738,2023-04-25,2023-04-28,660792f4ffff,PRD-0015,DHL,4.35,0,
ORD-000739,2023-03-28,2023-03-31,b9ad68fbc78c,PRD-0011,Hermes,5.16,1,Passt nicht
ORD-000740,2023-06-26,2023-06-28,d92233347019,PRD-0047,DHL,5.42,0,
ORD-000741,2023-07-16,2023-07-18,4f98a6145166,PRD-0011,DPD,4.01,1,Passt nicht
ORD-000742,2023-12-19,2023-12-22,05cc3be2fee8,PRD-0011,DHL,7.06,0,
ORD-000743,2023-07-22,2023-07-24,e60dc7c1c7ac,PRD-0004,DHL,5.57,0,
ORD-000744,2023-04-12,2023-04-15,5bdcbeb00ad0,PRD-0039,DPD,7.29,1,Gefällt nicht
ORD-000745,2023-04-18,2023-04-20,897da0ff1fdc,PRD-0029,DPD,4.18,0,
ORD-000746,2023-03-24,2023-03-25,77989b5d640a,PRD-0027,DPD,6.78,0,
ORD-000747,2023-06-27,2023-06-30,97498ce80361,PRD-0040,DPD,7.19,1,Gefällt nicht
ORD-000748,2023-01-20,2023-01-21,fd4c61edccfc,PRD-0038,DHL,4.03,0,
ORD-000749,2023-06-03,2023-06-06,db6dedca2e05,PRD-0013,DPD,6.81,0,
ORD-000750,2023-10-10,2023-10-12,1b3ba607254b,PRD-0007,DHL,5.9,0,
ORD-000751,2023-05-26,2023-05-27,14de5d2e2a0c,PRD-0035,DPD,7.11,1,Gefällt nicht
ORD-000752,2023-02-01,2023-02-04,683091b0c9f2,PRD-0001,DPD,5.18,0,
ORD-000753,2023-07-30,2023-08-02,ee25d0e6f8f7,PRD-0003,DPD,7.25,0,
ORD-000754,2023-10-20,2023-10-22,ef210ff5a697,PRD-0050,Hermes,6.55,0,
ORD-000755,2023-06-25,2023-06-27,637ccb709f55,PRD-0037,DHL,6.56,1,Gefällt nicht
ORD-000756,2023-11-24,2023-11-27,094eac2625f3,PRD-0006,Hermes,4.26,0,
ORD-000757,2023-09-11,2023-09-14,2f94e3143891,PRD-0048,DHL,5.58,0,
ORD-000758,2023-11-29,2023-12-02,f86b972e587c,PRD-0042,DHL,5.14,0,
ORD-000759,2023-05-17,2023-05-20,8761265dcb91,PRD-0010,Hermes,5.64,0,
ORD-000760,2023-12-08,2023-12-10,ab0fde7e9e0e,PRD-0024,DPD,5.09,0,
ORD-000761,2023-06-11,2023-06-14,0b4881f54699,PRD-0027,DPD,4.98,0,
ORD-000762,2023-04-10,2023-04-12,3f8846b8d9ae,PRD-0031,Hermes,5.09,0,
ORD-000763,2023-12-15,2023-12-18,918b7cfb57b8,PRD-0043,DHL,3.9,1,Passt nicht
ORD-000764,2023-06-10,2023-06-13,20e4c8f9f7e6,PRD-0026,Hermes,3.71,0,
ORD-000765,2023-11-26,2023-11-27,65e0a6c5bce6,PRD-0041,DHL,5.39,0,
ORD-000766,2023-07-01,2023-07-02,6fffa85e67a1,PRD-0028,DHL,4.98,0,
ORD-000767,2023-02-21,2023-02-23,f6cc1089a080,PRD-0003,DPD,5.1,0,
ORD-000768,2023-09-21,2023-09-24,00d613b41c49,PRD-0034,Hermes,6.06,1,Gefällt nicht
ORD-000769,2023-12-07,2023-12-10,1873ed8a8f12,PRD-0001,DHL,5.57,0,
ORD-000770,2023-05-31,2023-06-03,26371d676dab,PRD-0003,DPD,4.43,0,
ORD-000771,2023-10-21,2023-10-23,95759a5d8a2b,PRD-0044,DHL,3.5,0,
ORD-000772,2023-04-01,2023-04-10,40db9091b8c8,PRD-0006,Hermes,4.3,0,
ORD-000773,2023-06-06,2023-06-07,63f37926227c,PRD-0048,DPD,5.7,0,
ORD-000774,2023-08-03,2023-08-05,a5598237eef7,PRD-0036,DPD,6.76,0,
ORD-000775,2023-12-26,2023-12-28,17ec06c1973a,PRD-0039,DHL,5.8,0,
ORD-000776,2023-11-11,2023-11-18,fe658e70891a,PRD-0012,Hermes,4.86,0,
ORD-000777,2023-12-17,2023-12-20,3a4c40b4ab8b,PRD-0033,Hermes,6.28,0,
ORD-000778,2023-10-31,2023-11-02,6a18980f851a,PRD-0025,DPD,6.53,0,
ORD-000779,2023-01-27,2023-01-30,0c9f50253a75,PRD-0050,Hermes,3.61,0,
ORD-000780,2023-05-23,2023-05-25,3a4c40b4ab8b,PRD-0017,DHL,7.48,0,
ORD-000781,2023-09-13,2023-09-15,5a8903a18ef6,PRD-0045,DHL,4.91,0,
ORD-000782,2023-04-26,2023-04-28,4521cef0af7b,PRD-0001,DPD,5.1,1,Passt nicht
ORD-000783,2023-12-09,2023-12-12,000f6f3e3d8a,PRD-0022,DHL,5.41,0,
ORD-000784,2023-09-27,2023-09-29,836e5c18feff,PRD-0014,DPD,5.5,1,Passt nicht
ORD-000785,2023-02-03,2023-02-04,b298bc334963,PRD-0016,DPD,4.33,0,
ORD-000786,2023-07-21,2023-07-23,1f1114afaac5,PRD-0016,DPD,3.93,0,
ORD-000787,2023-05-25,2023-05-28,4effb40d914b,PRD-0006,DPD,3.53,0,
ORD-000788,2023-11-14,2023-11-16,a2ac4df62e2b,PRD-0035,DHL,4.76,0,
ORD-000789,2023-07-20,2023-07-30,0b56b0d30ece,PRD-0037,Hermes,4.39,1,Zu spät geliefert
ORD-000790,2023-10-17,2023-10-20,f1f3d239b22b,PRD-0009,DHL,5.41,0,
ORD-000791,2023-08-25,2023-08-27,c7607c20e1b6,PRD-0003,DPD,6.25,0,
ORD-000792,2023-08-10,2023-08-13,40c2ea9999c9,PRD-0030,DHL,4.76,0,
ORD-000793,2023-01-14,2023-01-15,22579d7e20eb,PRD-0001,DPD,3.9,0,
ORD-000794,2023-01-24,2023-01-25,0bb12f59fd75,PRD-0040,Hermes,7.33,1,Gefällt nicht
ORD-000795,2023-02-27,2023-03-01,582fb1eed8db,PRD-0024,DHL,5.18,0,
ORD-000796,2023-06-25,2023-07-02,78a2938173f2,PRD-0024,Hermes,7.42,0,
ORD-000797,2023-07-04,2023-07-07,22eb96eb9c82,PRD-0015,DHL,5.72,1,Passt nicht
ORD-000798,2023-12-26,2023-12-27,4cea042f7aed,PRD-0025,DHL,6.45,0,
ORD-000799,2023-09-28,2023-09-30,40ab188bca4c,PRD-0001,DHL,7.48,0,
ORD-000800,2023-03-06,2023-03-09,7ade2c1e0157,PRD-0041,DPD,6.64,0,
ORD-000801,2023-08-13,2023-08-16,ce34abcdc162,PRD-0017,DPD,6.26,1,Passt nicht
ORD-000802,2023-11-24,2023-11-26,2282d30985a3,PRD-0014,Hermes,4.54,1,Gefällt nicht
ORD-000803,2023-02-12,2023-02-14,93b0a87d8f34,PRD-0036,DPD,5.15,0,
ORD-000804,2023-01-05,2023-01-06,419537955820,PRD-0044,DPD,6.1,0,
ORD-000805,2023-10-29,2023-11-08,a0fba1a80fbc,PRD-0012,Hermes,6.45,0,
ORD-000806,2023-07-20,2023-07-28,dec2d92afa99,PRD-0006,Hermes,6.06,0,
ORD-000807,2023-04-30,2023-05-03,a038b123f544,PRD-0022,Hermes,7.13,0,
ORD-000808,2023-05-10,2023-05-17,fa66a4abdf6e,PRD-0011,Hermes,5.92,0,
ORD-000809,2023-01-16,2023-01-18,6286963288a7,PRD-0018,Hermes,5.3,0,
ORD-000810,2023-09-28,2023-09-29,95879f7848a2,PRD-0012,DHL,6.15,0,
ORD-000811,2023-06-26,2023-06-29,156bf92e130e,PRD-0048,DPD,5.09,1,Gefällt nicht
ORD-000812,2023-09-10,2023-09-20,469278a0c2d3,PRD-0005,Hermes,7.48,1,Zu spät geliefert
ORD-000813,2023-11-23,2023-11-24,17591257966a,PRD-0017,DPD,4.74,1,Zu spät geliefert
ORD-000814,2023-11-22,2023-11-24,9078aa170458,PRD-0048,Hermes,6.85,0,
ORD-000815,2023-08-07,2023-08-09,df34cfce2ddd,PRD-0003,DPD,4.8,0,
ORD-000816,2023-05-30,2023-06-01,c061d6ecb41c,PRD-0030,DPD,4.04,0,
ORD-000817,2023-01-08,2023-01-09,9f99f9396b9c,PRD-0045,DPD,5.33,0,
ORD-000818,2023-04-23,2023-04-25,000f6f3e3d8a,PRD-0041,DPD,6.06,0,
ORD-000819,2023-04-02,2023-04-09,307e6b240c8c,PRD-0023,Hermes,4.96,0,
ORD-000820,2023-05-22,2023-05-28,13a10a499400,PRD-0010,Hermes,5.38,0,
ORD-000821,2023-06-09,2023-06-18,22579d7e20eb,PRD-0045,Hermes,5.89,0,
ORD-000822,2023-10-20,2023-10-22,c75dc8ce2d98,PRD-0001,DPD,5.08,1,Gefällt nicht
ORD-000823,2023-12-09,2023-12-12,b0e25b821d65,PRD-0046,DPD,5.01,0,
ORD-000824,2023-06-16,2023-06-27,b4dc1ff25a7d,PRD-0006,Hermes,6.24,0,
ORD-000825,2023-01-13,2023-01-16,50280c41c734,PRD-0042,DPD,5.15,0,
ORD-000826,2023-05-12,2023-05-13,b5a6aad762bb,PRD-0005,DHL,5.97,1,Gefällt nicht
ORD-000827,2023-12-16,2023-12-18,65fa4460f4d3,PRD-0045,DPD,3.58,0,
ORD-000828,2023-01-15,2023-01-16,359d96a93aa1,PRD-0035,DHL,4.63,0,
ORD-000829,2023-03-30,2023-04-06,434ffda97134,PRD-0046,Hermes,5.47,0,
ORD-000830,2023-10-02,2023-10-04,bfbb609be506,PRD-0027,Hermes,6.67,0,
ORD-000831,2023-04-07,2023-04-08,d92233347019,PRD-0006,DHL,5.07,0,
ORD-000832,2023-06-22,2023-06-23,640a49a29fe1,PRD-0031,DHL,4.5,0,
ORD-000833,2023-04-14,2023-04-17,00aab29cebe7,PRD-0001,DHL,4.49,1,Gefällt nicht
ORD-000834,2023-12-22,2023-12-25,31ac448529cf,PRD-0013,Hermes,7.43,0,
ORD-000835,2023-06-14,2023-06-16,40ab188bca4c,PRD-0025,DPD,4.13,0,
ORD-000836,2023-08-18,2023-08-21,0b3c813eeb53,PRD-0003,DPD,4.51,0,
ORD-000837,2023-07-17,2023-07-19,cdf50ee19459,PRD-0020,DHL,6.95,0,
ORD-000838,2023-04-06,2023-04-09,6cd541597068,PRD-0008,DHL,3.56,0,
ORD-000839,2023-03-24,2023-03-25,4cf5896cdd88,PRD-0018,DPD,4.47,0,
ORD-000840,2023-01-11,2023-01-14,66d83e310e09,PRD-0003,DPD,5.88,0,
ORD-000841,2023-06-03,2023-06-04,8c24a506c11e,PRD-0050,DHL,6.24,1,Passt nicht
ORD-000842,2023-07-07,2023-07-08,5e05d08a8631,PRD-0049,DPD,6.31,1,Passt nicht
ORD-000843,2023-09-08,2023-09-10,5128bef0e4a9,PRD-0007,DHL,6.72,1,Gefällt nicht
ORD-000844,2023-06-20,2023-06-21,1873ed8a8f12,PRD-0047,DHL,4.93,0,
ORD-000845,2023-09-16,2023-09-18,076a230994c4,PRD-0017,DHL,5.74,0,
ORD-000846,2023-03-23,2023-03-24,bbd2ef18044f,PRD-0045,Hermes,4.79,0,
ORD-000847,2023-01-09,2023-01-12,09ce957146a0,PRD-0018,DPD,5.62,0,
ORD-000848,2023-11-14,2023-11-21,4061551d8f3a,PRD-0019,Hermes,5.52,0,
ORD-000849,2023-06-07,2023-06-10,3dd5fa92ff54,PRD-0012,DHL,6.6,0,
ORD-000850,2023-07-02,2023-07-03,39e26850347f,PRD-0021,DPD,5.66,0,
ORD-000851,2023-09-30,2023-10-03,294350c9a8bc,PRD-0013,DPD,5.71,0,
ORD-000852,2023-11-04,2023-11-06,fb5a43004a03,PRD-0019,Hermes,3.68,1,Passt nicht
ORD-000853,2023-12-11,2023-12-12,dfc49371921b,PRD-0009,DHL,5.44,0,
ORD-000854,2023-12-18,2023-12-21,26d16a151448,PRD-0003,DPD,6.13,0,
ORD-000855,2023-02-16,2023-02-19,687ee6fc678e,PRD-0040,DPD,4.38,1,Gefällt nicht
ORD-000856,2023-08-01,2023-08-02,27a4a8527b3f,PRD-0005,DHL,7.21,0,
ORD-000857,2023-12-29,2024-01-09,c686141e554c,PRD-0006,Hermes,7.06,0,
ORD-000858,2023-02-22,2023-02-23,a850deaca172,PRD-0024,DPD,4.56,0,
ORD-000859,2023-03-13,2023-03-15,a3106c759a3b,PRD-0047,DHL,7.34,1,Gefällt nicht
ORD-000860,2023-10-13,2023-10-14,200a2290a9f2,PRD-0007,DPD,4.26,0,
ORD-000861,2023-03-13,2023-03-16,687ee6fc678e,PRD-0043,DHL,4.22,0,
ORD-000862,2023-06-13,2023-06-24,f2bd2fe964a2,PRD-0036,Hermes,5.33,0,
ORD-000863,2023-06-09,2023-06-10,f247903e701b,PRD-0028,DHL,5.7,0,
ORD-000864,2023-12-11,2023-12-12,6cad594cb7a1,PRD-0022,DPD,5.9,0,
ORD-000865,2023-11-30,2023-12-03,7e736143ef37,PRD-0023,Hermes,4.99,0,
ORD-000866,2023-07-04,2023-07-12,9786d6defc23,PRD-0041,Hermes,4.36,0,
ORD-000867,2023-12-20,2023-12-22,0af3a7a56720,PRD-0036,DPD,5.31,0,
ORD-000868,2023-08-12,2023-08-15,19a338cccf37,PRD-0026,DHL,5.88,1,Beschädigt
ORD-000869,2023-09-07,2023-09-13,a8ea3b6635e5,PRD-0009,Hermes,4.76,1,Zu spät geliefert
ORD-000870,2023-04-20,2023-04-23,38e3977abee1,PRD-0045,Hermes,5.79,0,
ORD-000871,2023-10-29,2023-11-06,0e5b577d82cd,PRD-0003,Hermes,5.83,1,Zu spät geliefert
ORD-000872,2023-02-01,2023-02-02,10f3d78de149,PRD-0017,Hermes,4.37,0,
ORD-000873,2023-08-27,2023-09-06,921e62ce7ad8,PRD-0047,Hermes,3.88,0,
ORD-000874,2023-01-07,2023-01-10,3a4982af4066,PRD-0020,DHL,5.03,0,
ORD-000875,2023-10-27,2023-10-29,f5bd06ab835b,PRD-0004,Hermes,7.22,0,
ORD-000876,2023-07-18,2023-07-21,8f970c1893be,PRD-0050,DHL,5.91,0,
ORD-000877,2023-06-25,2023-06-27,5b122d52814b,PRD-0041,DPD,3.66,1,Falscher Artikel
ORD-000878,2023-07-17,2023-07-19,683091b0c9f2,PRD-0037,DHL,4.38,0,
ORD-000879,2023-09-09,2023-09-11,f878dd62e343,PRD-0044,DPD,6.51,0,
ORD-000880,2023-07-16,2023-07-17,59c230b0a5fb,PRD-0033,DHL,6.65,0,
ORD-000881,2023-06-17,2023-06-18,e7e66c1e9fe0,PRD-0009,Hermes,5.69,0,
ORD-000882,2023-05-08,2023-05-11,d1e81688058a,PRD-0006,Hermes,6.55,0,
ORD-000883,2023-03-26,2023-03-28,2bd40d93ecb6,PRD-0036,DHL,5.79,0,
ORD-000884,2023-07-15,2023-07-18,7d13cf616dd9,PRD-0040,DPD,4.57,1,Passt nicht
ORD-000885,2023-10-23,2023-10-26,82d6069e85e3,PRD-0021,DPD,5.19,1,Zu spät geliefert
ORD-000886,2023-05-08,2023-05-10,edeb51cf4ea1,PRD-0013,Hermes,4.18,1,Beschädigt
ORD-000887,2023-09-20,2023-09-27,7bbae4c13c58,PRD-0040,Hermes,4.43,0,
ORD-000888,2023-08-21,2023-08-24,51c83192482c,PRD-0024,DHL,3.95,0,
ORD-000889,2023-11-10,2023-11-11,b9e344c756b9,PRD-0016,DPD,6.78,0,
ORD-000890,2023-11-17,2023-11-18,e27e61b004ff,PRD-0022,DPD,3.59,1,Gefällt nicht
ORD-000891,2023-01-19,2023-01-20,f94a26a4bbdd,PRD-0048,DPD,5.59,0,
ORD-000892,2023-05-31,2023-06-03,809f89f73fa5,PRD-0036,Hermes,6.3,0,
ORD-000893,2023-07-02,2023-07-05,24c1e8e62f86,PRD-0025,DPD,4.52,0,
ORD-000894,2023-10-19,2023-10-22,2282d30985a3,PRD-0019,DHL,3.71,0,
ORD-000895,2023-03-21,2023-03-23,a87472edbf2f,PRD-0001,DHL,6.15,0,
ORD-000896,2023-08-11,2023-08-19,2bec6db3684b,PRD-0043,Hermes,5.02,1,Zu spät geliefert
ORD-000897,2023-06-11,2023-06-13,2f94e3143891,PRD-0007,Hermes,4.25,0,
ORD-000898,2023-03-21,2023-03-24,81eab3379b56,PRD-0030,DPD,7.19,1,Gefällt nicht
ORD-000899,2023-04-29,2023-05-01,1f44f5258dc4,PRD-0022,Hermes,4.92,1,Gefällt nicht
ORD-000900,2023-09-21,2023-09-23,ce1cd38c362f,PRD-0016,DPD,6.0,0,
ORD-000901,2023-11-12,2023-11-15,30ab010147f1,PRD-0025,DHL,4.4,0,
ORD-000902,2023-03-07,2023-03-08,a7ee55779da2,PRD-0026,DPD,5.58,1,Zu spät geliefert
ORD-000903,2023-09-28,2023-10-01,4c88a13112dc,PRD-0040,DPD,5.79,1,Passt nicht
ORD-000904,2023-07-20,2023-07-22,852136f15af9,PRD-0020,DPD,4.03,0,
ORD-000905,2023-09-27,2023-09-30,d1c30d00d274,PRD-0009,DPD,4.31,0,
ORD-000906,2023-08-28,2023-08-31,918b7cfb57b8,PRD-0020,DPD,7.14,0,
ORD-000907,2023-12-04,2023-12-07,82d6069e85e3,PRD-0050,DHL,7.17,0,
ORD-000908,2023-11-26,2023-11-29,b6c409f8788c,PRD-0005,DPD,3.97,0,
ORD-000909,2023-07-15,2023-07-16,b6c409f8788c,PRD-0010,DPD,7.02,0,
ORD-000910,2023-10-21,2023-10-23,6e42767fcc55,PRD-0027,Hermes,6.05,0,
ORD-000911,2023-07-07,2023-07-08,84ba34358ea2,PRD-0018,DHL,3.6,1,Gefällt nicht
ORD-000912,2023-06-05,2023-06-08,9dbcd922c347,PRD-0040,Hermes,4.42,1,Passt nicht
ORD-000913,2023-01-10,2023-01-13,b61fe1d1a782,PRD-0023,DHL,4.04,0,
ORD-000914,2023-10-16,2023-10-19,8f9f681c0af4,PRD-0039,Hermes,5.47,1,Gefällt nicht
ORD-000915,2023-11-24,2023-11-25,500081b57226,PRD-0011,DHL,7.2,1,Passt nicht
ORD-000916,2023-05-03,2023-05-06,bc4530a6f78d,PRD-0027,DHL,4.31,0,
ORD-000917,2023-11-07,2023-11-09,e61839c34145,PRD-0005,DHL,5.46,0,
ORD-000918,2023-09-05,2023-09-07,295bc6b838da,PRD-0030,DHL,3.67,0,
ORD-000919,2023-05-06,2023-05-08,34b02b0d1fdb,PRD-0025,DPD,7.26,0,
ORD-000920,2023-11-26,2023-11-29,a50ae801e10b,PRD-0039,DPD,6.32,0,
ORD-000921,2023-01-09,2023-01-11,b45ed2c50b71,PRD-0034,DHL,7.01,0,
ORD-000922,2023-11-24,2023-11-27,14de5d2e2a0c,PRD-0016,DPD,6.44,0,
ORD-000923,2023-09-18,2023-09-21,7c129bcbaf79,PRD-0025,DPD,4.26,0,
ORD-000924,2023-09-05,2023-09-07,fbd94c946403,PRD-0026,Hermes,5.95,0,
ORD-000925,2023-04-28,2023-04-29,b9e344c756b9,PRD-0045,DPD,6.08,0,
ORD-000926,2023-08-10,2023-08-11,37ec30b57d11,PRD-0047,DPD,5.84,0,
ORD-000927,2023-02-23,2023-02-24,3dccc84ce1e3,PRD-0045,DPD,4.79,0,
ORD-000928,2023-02-23,2023-02-26,690e733c2dab,PRD-0012,Hermes,7.03,0,
ORD-000929,2023-11-18,2023-11-21,37ec30b57d11,PRD-0017,Hermes,4.16,0,
ORD-000930,2023-02-15,2023-02-16,dde3f5369231,PRD-0008,DHL,6.04,0,
ORD-000931,2023-09-27,2023-09-29,e4dfa3382446,PRD-0034,DPD,7.4,0,
ORD-000932,2023-06-26,2023-07-04,9dbcd922c347,PRD-0011,Hermes,5.76,0,
ORD-000933,2023-01-23,2023-01-24,07a15cd7310f,PRD-0010,DHL,6.35,0,
ORD-000934,2023-04-12,2023-04-15,f8a89c4399b2,PRD-0020,Hermes,6.01,0,
ORD-000935,2023-09-09,2023-09-10,68b31dfb1b61,PRD-0009,DHL,4.51,0,
ORD-000936,2023-11-29,2023-12-02,72ba3369b331,PRD-0032,Hermes,5.47,0,
ORD-000937,2023-08-06,2023-08-08,b77ee237a99d,PRD-0038,DPD,5.27,0,
ORD-000938,2023-06-14,2023-06-15,007b3c52d374,PRD-0039,DHL,4.61,0,
ORD-000939,2023-10-25,2023-10-26,4caf20248c79,PRD-0036,DHL,3.72,0,
ORD-000940,2023-09-29,2023-09-30,c46a919923c8,PRD-0003,DHL,6.85,0,
ORD-000941,2023-10-25,2023-10-26,9d5f179198bf,PRD-0022,DHL,4.15,1,Passt nicht
ORD-000942,2023-01-31,2023-02-03,50280c41c734,PRD-0040,DPD,5.79,0,
ORD-000943,2023-07-31,2023-08-03,3deb8e72056c,PRD-0012,Hermes,3.87,0,
ORD-000944,2023-12-02,2023-12-04,c957b337cc41,PRD-0021,Hermes,6.87,0,
ORD-000945,2023-06-05,2023-06-12,88e7bdd912aa,PRD-0019,Hermes,5.16,1,Zu spät geliefert
ORD-000946,2023-09-23,2023-09-26,f94a26a4bbdd,PRD-0045,DHL,6.42,1,Falscher Artikel
ORD-000947,2023-10-08,2023-10-10,f23d982e04cd,PRD-0034,DHL,5.92,0,
ORD-000948,2023-06-21,2023-06-23,4f57ae2ffeee,PRD-0046,Hermes,5.6,0,
ORD-000949,2023-01-12,2023-01-15,0f0e0d0ddd58,PRD-0023,DHL,5.58,0,
ORD-000950,2023-06-08,2023-06-09,f50fb042f3c9,PRD-0032,Hermes,4.66,0,
ORD-000951,2023-06-01,2023-06-02,f047058cc75d,PRD-0001,DHL,6.69,0,
ORD-000952,2023-03-21,2023-03-23,48a9611b448a,PRD-0014,DPD,4.84,0,
ORD-000953,2023-03-14,2023-03-15,0763c47e87fa,PRD-0041,DHL,6.26,0,
ORD-000954,2023-11-22,2023-11-24,c0c7cd7f522c,PRD-0005,Hermes,3.96,1,Passt nicht
ORD-000955,2023-01-24,2023-01-27,2fdbd1a9022b,PRD-0022,Hermes,6.83,0,
ORD-000956,2023-10-24,2023-10-27,f047058cc75d,PRD-0022,Hermes,3.64,0,
ORD-000957,2023-01-28,2023-01-31,6c1abafed714,PRD-0031,DHL,6.96,0,
ORD-000958,2023-06-06,2023-06-08,c51f676b7202,PRD-0022,Hermes,5.76,1,Gefällt nicht
ORD-000959,2023-10-24,2023-10-27,4c88a13112dc,PRD-0021,DPD,6.24,1,Falscher Artikel
ORD-000960,2023-03-05,2023-03-06,f3c7ffe55341,PRD-0023,DHL,3.62,0,
ORD-000961,2023-08-13,2023-08-14,f86b972e587c,PRD-0041,DPD,5.06,0,
ORD-000962,2023-12-28,2023-12-31,cac190493a6d,PRD-0008,Hermes,4.59,0,
ORD-000963,2023-09-20,2023-09-22,0ad842e0f02b,PRD-0032,DHL,7.3,0,
ORD-000964,2023-12-15,2023-12-20,897da0ff1fdc,PRD-0034,Hermes,7.15,0,
ORD-000965,2023-12-08,2023-12-10,051af2f8dccc,PRD-0033,DHL,4.12,0,
ORD-000966,2023-01-06,2023-01-09,3ee8ae422892,PRD-0031,DPD,4.07,1,Gefällt nicht
ORD-000967,2023-07-04,2023-07-07,188c9a5c1a64,PRD-0007,DPD,4.32,0,
ORD-000968,2023-03-16,2023-03-19,99724234e6f0,PRD-0030,Hermes,7.23,1,Beschädigt
ORD-000969,2023-11-11,2023-11-13,ef8c2437deb7,PRD-0039,DHL,3.68,0,
ORD-000970,2023-08-14,2023-08-17,8eeb91c26b66,PRD-0050,DPD,6.06,1,Gefällt nicht
ORD-000971,2023-08-14,2023-08-15,f94a26a4bbdd,PRD-0021,DHL,5.63,0,
ORD-000972,2023-03-10,2023-03-11,6c32c594f20c,PRD-0029,DPD,4.59,1,Passt nicht
ORD-000973,2023-10-25,2023-10-28,63f37926227c,PRD-0040,DPD,5.7,1,Gefällt nicht
ORD-000974,2023-11-22,2023-11-24,7f8781b8de7f,PRD-0010,DPD,4.19,0,
ORD-000975,2023-07-17,2023-07-20,e342bb1a776b,PRD-0040,Hermes,7.11,1,Gefällt nicht
ORD-000976,2023-11-22,2023-11-30,f878dd62e343,PRD-0007,Hermes,5.88,1,Zu spät geliefert
ORD-000977,2023-08-28,2023-08-31,05cc3be2fee8,PRD-0041,DPD,4.92,0,
ORD-000978,2023-02-01,2023-02-04,88dbab0e54b2,PRD-0013,DPD,3.81,0,
ORD-000979,2023-09-19,2023-09-29,c6ed379381ca,PRD-0049,Hermes,4.74,1,Zu spät geliefert
ORD-000980,2023-08-09,2023-08-16,0e29f3ef6c8e,PRD-0046,Hermes,7.08,1,Zu spät geliefert
ORD-000981,2023-11-14,2023-11-15,809f89f73fa5,PRD-0024,Hermes,6.66,0,
ORD-000982,2023-07-28,2023-08-06,b50e06250f56,PRD-0021,Hermes,5.41,1,Zu spät geliefert
ORD-000983,2023-12-28,2023-12-30,8f9f681c0af4,PRD-0011,Hermes,5.12,1,Passt nicht
ORD-000984,2023-03-04,2023-03-07,9d62b602ed33,PRD-0007,Hermes,5.63,0,
ORD-000985,2023-07-10,2023-07-11,4c8539d04486,PRD-0038,Hermes,7.4,0,
ORD-000986,2023-02-16,2023-02-17,571f0605d00e,PRD-0005,Hermes,6.64,0,
ORD-000987,2023-08-07,2023-08-10,a3e6026be7de,PRD-0037,Hermes,6.46,1,Passt nicht
ORD-000988,2023-03-01,2023-03-02,c4994b8ec859,PRD-0037,Hermes,5.72,0,
ORD-000989,2023-06-12,2023-06-14,a850deaca172,PRD-0029,DHL,3.78,0,
ORD-000990,2023-09-30,2023-10-02,5f53888bfcb6,PRD-0044,DPD,6.08,0,
ORD-000991,2023-05-06,2023-05-07,58e74b1567d2,PRD-0006,DHL,7.11,0,
ORD-000992,2023-12-10,2023-12-13,9d7e2c193c78,PRD-0001,DHL,5.06,1,Gefällt nicht
ORD-000993,2023-10-26,2023-10-27,6d21c5ea8f42,PRD-0029,DHL,4.77,0,
ORD-000994,2023-03-21,2023-03-23,7f89f7c20bec,PRD-0044,Hermes,7.46,0,
ORD-000995,2023-10-28,2023-10-31,c66f5250ffc3,PRD-0001,DPD,4.01,0,
ORD-000996,2023-11-09,2023-11-12,1a362e3b8d84,PRD-0004,Hermes,3.94,1,Gefällt nicht
ORD-000997,2023-04-01,2023-04-03,695df20c0897,PRD-0002,DHL,5.08,0,
ORD-000998,2023-06-30,2023-07-10,b6c409f8788c,PRD-0046,Hermes,4.19,1,Zu spät geliefert
ORD-000999,2023-02-05,2023-02-07,a8ac0b2e1350,PRD-0013,DPD,4.94,0,
ORD-001000,2023-06-27,2023-07-04,6c64f068b9cd,PRD-0010,Hermes,4.08,1,Passt nicht
ORD-001001,2023-10-14,2023-10-16,81d199d7f773,PRD-0032,DPD,4.04,0,
ORD-001002,2023-12-22,2023-12-24,500081b57226,PRD-0042,Hermes,7.22,0,
ORD-001003,2023-12-25,2023-12-28,0f0e0d0ddd58,PRD-0012,Hermes,5.04,0,
ORD-001004,2023-01-03,2023-01-13,17ec06c1973a,PRD-0012,Hermes,4.45,0,
ORD-001005,2023-07-27,2023-07-30,a5db8e85ae4a,PRD-0018,Hermes,5.77,1,Passt nicht
ORD-001006,2023-06-14,2023-06-17,e526f66f6c08,PRD-0024,DHL,6.26,0,
ORD-001007,2023-11-16,2023-11-19,83aebe395a90,PRD-0047,DPD,7.43,0,
ORD-001008,2023-11-19,2023-11-30,f27d94e49727,PRD-0018,Hermes,5.39,1,Zu spät geliefert
ORD-001009,2023-04-30,2023-05-01,868c311e5e64,PRD-0043,DPD,5.66,0,
ORD-001010,2023-08-26,2023-08-27,b21c28b39f88,PRD-0020,DPD,5.64,0,
ORD-001011,2023-04-12,2023-04-15,5b122d52814b,PRD-0031,Hermes,4.83,0,
ORD-001012,2023-03-08,2023-03-17,e6e300a6bed0,PRD-0019,Hermes,6.41,0,
ORD-001013,2023-06-07,2023-06-10,2eb2c33bf712,PRD-0017,DHL,4.18,0,
ORD-001014,2023-08-17,2023-08-20,389e0f551325,PRD-0043,Hermes,4.01,1,Passt nicht
ORD-001015,2023-04-24,2023-04-25,0465ce22ecb4,PRD-0018,Hermes,4.53,0,
ORD-001016,2023-03-03,2023-03-04,868c311e5e64,PRD-0008,DPD,6.46,0,
ORD-001017,2023-01-12,2023-01-18,d451b4fe0223,PRD-0029,Hermes,6.7,1,Zu spät geliefert
ORD-001018,2023-03-22,2023-03-23,87d8cf076baa,PRD-0003,Hermes,6.79,0,
ORD-001019,2023-10-06,2023-10-15,749e9ba6c73c,PRD-0032,Hermes,4.17,0,
ORD-001020,2023-09-28,2023-09-29,6d21c5ea8f42,PRD-0047,Hermes,3.96,0,
ORD-001021,2023-08-18,2023-08-28,95879f7848a2,PRD-0030,Hermes,6.23,1,Zu spät geliefert
ORD-001022,2023-07-27,2023-07-28,7dd1c91fd74e,PRD-0031,Hermes,4.66,0,
ORD-001023,2023-09-24,2023-10-05,ea44f9c67b6e,PRD-0029,Hermes,3.66,0,
ORD-001024,2023-09-16,2023-09-18,880786415f0c,PRD-0035,DPD,5.23,0,
ORD-001025,2023-04-02,2023-04-08,689be503fd22,PRD-0042,Hermes,5.34,1,Gefällt nicht
ORD-001026,2023-12-10,2023-12-13,8716ef4cd079,PRD-0048,DHL,6.58,0,
ORD-001027,2023-02-03,2023-02-06,223915c64e82,PRD-0022,DPD,4.75,0,
ORD-001028,2023-09-19,2023-09-20,7598bd71fe53,PRD-0044,DHL,5.6,1,Passt nicht
ORD-001029,2023-10-27,2023-10-28,51c83192482c,PRD-0029,Hermes,3.59,1,Passt nicht
ORD-001030,2023-04-03,2023-04-06,a9617bd36564,PRD-0004,DPD,4.37,0,
ORD-001031,2023-05-07,2023-05-10,9fcffad07fda,PRD-0041,DHL,3.85,0,
ORD-001032,2023-04-28,2023-05-01,6a5a0702f324,PRD-0009,Hermes,6.71,0,
ORD-001033,2023-09-24,2023-09-25,7aa777e66795,PRD-0008,DPD,5.37,0,
ORD-001034,2023-09-06,2023-09-08,468e709a4a83,PRD-0005,DPD,4.61,0,
ORD-001035,2023-08-22,2023-08-24,44b24c4b5ccd,PRD-0045,DPD,6.62,0,
ORD-001036,2023-09-26,2023-09-28,b2cebf22574d,PRD-0050,DHL,7.48,0,
ORD-001037,2023-01-08,2023-01-10,809f89f73fa5,PRD-0017,DHL,5.94,1,Gefällt nicht
ORD-001038,2023-02-13,2023-02-21,bf3ace308616,PRD-0042,Hermes,6.07,1,Zu spät geliefert
ORD-001039,2023-04-20,2023-04-22,2bec6db3684b,PRD-0029,DPD,3.78,1,Passt nicht
ORD-001040,2023-05-20,2023-05-21,0b3c813eeb53,PRD-0017,Hermes,6.06,0,
ORD-001041,2023-10-29,2023-10-31,7e736143ef37,PRD-0003,DPD,7.12,1,Gefällt nicht
ORD-001042,2023-08-08,2023-08-11,4a5d98f6b886,PRD-0001,DPD,5.46,0,
ORD-001043,2023-08-26,2023-08-27,b3c3587560fe,PRD-0026,DPD,3.51,0,
ORD-001044,2023-06-12,2023-06-13,08c98f957991,PRD-0045,Hermes,4.94,0,
ORD-001045,2023-06-24,2023-06-25,d052d3dc4806,PRD-0020,Hermes,3.86,0,
ORD-001046,2023-01-11,2023-01-13,625a58a0970a,PRD-0022,DHL,4.66,0,
ORD-001047,2023-05-28,2023-05-29,1f1114afaac5,PRD-0012,DPD,6.14,0,
ORD-001048,2023-08-21,2023-08-22,c957b337cc41,PRD-0045,Hermes,3.84,0,
ORD-001049,2023-03-11,2023-03-12,f50fb042f3c9,PRD-0029,DPD,3.6,1,Passt nicht
ORD-001050,2023-01-25,2023-02-04,a70c9987374c,PRD-0016,Hermes,5.5,0,
ORD-001051,2023-08-28,2023-08-29,5f3fbfbffdc5,PRD-0029,DHL,6.65,1,Gefällt nicht
ORD-001052,2023-05-13,2023-05-14,024a96c9fa45,PRD-0026,DHL,6.17,0,
ORD-001053,2023-11-15,2023-11-16,72ba3369b331,PRD-0044,DPD,4.43,0,
ORD-001054,2023-07-29,2023-07-30,c98325181881,PRD-0003,DPD,3.58,0,
ORD-001055,2023-06-20,2023-06-21,0488ae9282bd,PRD-0040,DHL,4.02,0,
ORD-001056,2023-03-15,2023-03-17,48e3cf2a4ce5,PRD-0041,DHL,3.89,0,
ORD-001057,2023-01-01,2023-01-02,13d2e75f5e4c,PRD-0011,DPD,3.93,0,
ORD-001058,2023-05-23,2023-05-24,d203bb5d702c,PRD-0039,DPD,5.2,1,Passt nicht
ORD-001059,2023-04-11,2023-04-13,b5153050464a,PRD-0048,DPD,7.4,0,
ORD-001060,2023-08-24,2023-08-26,59c230b0a5fb,PRD-0035,DHL,6.67,0,
ORD-001061,2023-07-26,2023-07-27,9786d6defc23,PRD-0003,DPD,4.6,1,Passt nicht
ORD-001062,2023-03-05,2023-03-08,2251a199048c,PRD-0027,DHL,4.16,0,
ORD-001063,2023-04-16,2023-04-17,51aacee5186d,PRD-0038,DHL,5.0,1,Falscher Artikel
ORD-001064,2023-04-01,2023-04-07,40db9091b8c8,PRD-0002,Hermes,6.33,0,
ORD-001065,2023-08-07,2023-08-10,a70c9987374c,PRD-0019,Hermes,6.27,0,
ORD-001066,2023-12-21,2023-12-23,69ccd9caa9d8,PRD-0010,DPD,5.15,0,
ORD-001067,2023-07-19,2023-07-22,dfc49371921b,PRD-0012,DPD,6.37,1,Gefällt nicht
ORD-001068,2023-10-16,2023-10-18,9dbcd922c347,PRD-0006,DPD,3.52,0,
ORD-001069,2023-10-29,2023-11-01,fb13defe48b3,PRD-0013,DHL,5.98,0,
ORD-001070,2023-04-18,2023-04-21,f1d915ccea6a,PRD-0049,DPD,4.61,1,Passt nicht
ORD-001071,2023-09-13,2023-09-16,f047058cc75d,PRD-0008,DHL,7.15,0,
ORD-001072,2023-11-02,2023-11-05,d203bb5d702c,PRD-0012,DHL,3.72,0,
ORD-001073,2023-04-06,2023-04-08,ec45b49dae81,PRD-0019,DHL,3.67,1,Gefällt nicht
ORD-001074,2023-11-12,2023-11-13,54b4b35409c9,PRD-0004,DPD,5.44,1,Passt nicht
ORD-001075,2023-01-22,2023-01-25,404ff6a33ad1,PRD-0005,DHL,5.82,0,
ORD-001076,2023-09-28,2023-10-01,f8a89c4399b2,PRD-0013,DPD,4.42,0,
ORD-001077,2023-02-26,2023-02-27,6ef6370210bf,PRD-0021,DHL,5.15,0,
ORD-001078,2023-11-01,2023-11-02,b298bc334963,PRD-0025,DHL,5.44,0,
ORD-001079,2023-12-05,2023-12-06,ab5e5d667420,PRD-0028,DHL,5.32,0,
ORD-001080,2023-09-27,2023-09-29,294350c9a8bc,PRD-0024,DHL,6.03,0,
ORD-001081,2023-09-21,2023-09-23,2ca50b35ad33,PRD-0018,DHL,6.27,0,
ORD-001082,2023-11-16,2023-11-17,2282d30985a3,PRD-0018,DHL,5.33,0,
ORD-001083,2023-10-15,2023-10-16,a97026418d78,PRD-0049,Hermes,6.66,0,
ORD-001084,2023-01-30,2023-02-02,cdf50ee19459,PRD-0040,DHL,6.92,0,
ORD-001085,2023-06-30,2023-07-02,0ad842e0f02b,PRD-0027,DPD,4.37,0,
ORD-001086,2023-10-09,2023-10-10,40ab188bca4c,PRD-0030,Hermes,4.49,0,
ORD-001087,2023-07-29,2023-07-30,953c25151831,PRD-0028,DPD,5.87,0,
ORD-001088,2023-02-13,2023-02-15,23dfee58d4b8,PRD-0037,DHL,3.66,0,
ORD-001089,2023-06-10,2023-06-11,9d45a3a0da7a,PRD-0047,DPD,5.08,0,
ORD-001090,2023-07-03,2023-07-05,195d1d87ed88,PRD-0045,DHL,3.83,0,
ORD-001091,2023-07-14,2023-07-17,2bf6c29e438f,PRD-0001,DPD,4.37,0,
ORD-001092,2023-12-01,2023-12-04,79eb57c262b2,PRD-0019,DHL,3.56,0,
ORD-001093,2023-12-27,2023-12-30,0907e2f4a507,PRD-0020,DHL,5.78,0,
ORD-001094,2023-01-03,2023-01-05,229ff9dd7ffe,PRD-0002,Hermes,5.12,0,
ORD-001095,2023-05-31,2023-06-02,4ff39efe0c37,PRD-0024,DPD,3.51,0,
ORD-001096,2023-09-04,2023-09-11,e181ef26b77f,PRD-0005,Hermes,6.29,1,Gefällt nicht
ORD-001097,2023-05-27,2023-05-28,fb5a43004a03,PRD-0035,DPD,3.82,0,
ORD-001098,2023-09-06,2023-09-07,884802d6725a,PRD-0022,DPD,7.14,0,
ORD-001099,2023-04-16,2023-04-18,ec45b49dae81,PRD-0004,DHL,5.98,0,
ORD-001100,2023-09-15,2023-09-18,cfcb6acdefc1,PRD-0024,DHL,3.77,0,
ORD-001101,2023-03-28,2023-03-29,2f94e3143891,PRD-0050,DHL,4.45,0,
ORD-001102,2023-09-21,2023-09-24,cd672636c75a,PRD-0042,Hermes,7.34,0,
ORD-001103,2023-02-14,2023-02-15,f94a26a4bbdd,PRD-0049,DPD,5.51,1,Gefällt nicht
ORD-001104,2023-05-14,2023-05-15,a0c275e24da4,PRD-0018,DHL,5.31,0,
ORD-001105,2023-12-09,2023-12-11,a5db8e85ae4a,PRD-0034,DHL,6.21,0,
ORD-001106,2023-09-08,2023-09-15,034194b44a36,PRD-0019,Hermes,3.85,1,Gefällt nicht
ORD-001107,2023-07-24,2023-07-31,12647114a0f8,PRD-0012,Hermes,4.09,1,Zu spät geliefert
ORD-001108,2023-08-14,2023-08-17,891a9289ce1b,PRD-0014,DPD,7.38,1,Gefällt nicht
ORD-001109,2023-12-02,2023-12-04,39248ddf5d80,PRD-0009,Hermes,3.59,0,
ORD-001110,2023-10-21,2023-10-22,a3bd3f59a6c4,PRD-0005,DHL,5.58,0,
ORD-001111,2023-10-22,2023-10-24,98eece5c9037,PRD-0027,DPD,6.65,0,
ORD-001112,2023-12-17,2023-12-20,9b0b439a8f79,PRD-0038,DPD,5.69,0,
ORD-001113,2023-12-24,2023-12-25,175db0f629fd,PRD-0020,DPD,4.73,0,
ORD-001114,2023-01-21,2023-01-23,4ff39efe0c37,PRD-0017,DHL,4.65,0,
ORD-001115,2023-02-09,2023-02-11,f0ae84fe65c4,PRD-0004,DHL,5.97,1,Passt nicht
ORD-001116,2023-05-28,2023-05-30,fd0ec81b021e,PRD-0046,DPD,4.2,0,
ORD-001117,2023-09-10,2023-09-11,9c3c032efe68,PRD-0045,DPD,3.97,0,
ORD-001118,2023-11-27,2023-11-29,c24d64f49c94,PRD-0037,DHL,4.32,1,Passt nicht
ORD-001119,2023-04-09,2023-04-11,4d0b23799439,PRD-0003,DPD,4.09,0,
ORD-001120,2023-12-09,2023-12-12,977a97380535,PRD-0035,DHL,7.18,0,
ORD-001121,2023-10-27,2023-10-29,1003cd80e129,PRD-0032,DHL,4.12,0,
ORD-001122,2023-08-14,2023-08-17,ce14e0367a4a,PRD-0048,DPD,6.32,0,
ORD-001123,2023-12-24,2023-12-27,3eac244b5089,PRD-0019,DPD,4.85,1,Gefällt nicht
ORD-001124,2023-10-08,2023-10-17,1a3edd26db8f,PRD-0047,Hermes,3.6,1,Zu spät geliefert
ORD-001125,2023-09-13,2023-09-19,4f4523c8395a,PRD-0015,Hermes,4.28,0,
ORD-001126,2023-02-25,2023-03-06,e439487339f5,PRD-0015,Hermes,6.21,0,
ORD-001127,2023-12-17,2023-12-19,452041c8dc89,PRD-0006,DPD,4.77,0,
ORD-001128,2023-11-27,2023-11-30,6a5a0702f324,PRD-0033,DHL,4.09,0,
ORD-001129,2023-09-12,2023-09-20,4f3591331c55,PRD-0028,Hermes,4.73,0,
ORD-001130,2023-07-18,2023-07-19,3d1f19e70883,PRD-0036,DHL,5.28,0,
ORD-001131,2023-02-06,2023-02-07,0dc43ad19079,PRD-0029,Hermes,5.2,0,
ORD-001132,2023-05-08,2023-05-11,c51f676b7202,PRD-0027,DHL,4.07,0,
ORD-001133,2023-01-01,2023-01-03,38424fe833d6,PRD-0031,DPD,3.85,1,Gefällt nicht
ORD-001134,2023-03-19,2023-03-28,c1e7e0988611,PRD-0041,Hermes,6.52,0,
ORD-001135,2023-06-24,2023-06-26,500081b57226,PRD-0013,DHL,5.46,0,
ORD-001136,2023-10-28,2023-10-30,50e4dac32dcc,PRD-0020,DPD,6.46,0,
ORD-001137,2023-01-19,2023-01-20,619e59062a45,PRD-0002,DHL,7.32,0,
ORD-001138,2023-02-14,2023-02-15,79204e328122,PRD-0041,Hermes,5.17,0,
ORD-001139,2023-07-04,2023-07-05,2463236366e8,PRD-0045,DPD,5.47,1,Beschädigt
ORD-001140,2023-01-22,2023-01-25,ce14e0367a4a,PRD-0005,DPD,5.42,0,
ORD-001141,2023-12-30,2024-01-02,b3c3587560fe,PRD-0017,DPD,6.28,0,
ORD-001142,2023-08-21,2023-08-24,fcf9005f1b56,PRD-0024,DPD,6.88,0,
ORD-001143,2023-03-02,2023-03-03,cbfba0028956,PRD-0038,DHL,7.01,0,
ORD-001144,2023-06-10,2023-06-11,0d9d01d1a344,PRD-0023,DHL,5.18,0,
ORD-001145,2023-09-02,2023-09-04,078cf7c2e76f,PRD-0023,DHL,6.06,0,
ORD-001146,2023-04-26,2023-04-29,0465ce22ecb4,PRD-0033,DHL,5.9,1,Passt nicht
ORD-001147,2023-01-17,2023-01-19,95879f7848a2,PRD-0035,Hermes,4.7,0,
ORD-001148,2023-06-23,2023-06-25,51c83192482c,PRD-0045,DPD,4.91,1,Falscher Artikel
ORD-001149,2023-12-08,2023-12-11,4fbccc16f45a,PRD-0001,DHL,5.15,1,Gefällt nicht
ORD-001150,2023-01-19,2023-01-20,d42b50263f66,PRD-0011,DHL,6.83,1,Passt nicht
ORD-001151,2023-03-21,2023-03-24,75a18f420f3b,PRD-0036,DPD,5.6,0,
ORD-001152,2023-01-13,2023-01-16,576f367a6dd6,PRD-0046,DPD,3.96,0,
ORD-001153,2023-07-19,2023-07-20,395e85ac7d33,PRD-0005,DHL,5.42,0,
ORD-001154,2023-09-02,2023-09-03,c34ae14ba20f,PRD-0045,Hermes,5.89,0,
ORD-001155,2023-07-29,2023-08-01,17e80f1d2699,PRD-0022,DHL,4.39,1,Passt nicht
ORD-001156,2023-01-13,2023-01-16,a2ac4df62e2b,PRD-0045,DHL,4.0,0,
ORD-001157,2023-07-21,2023-07-24,309e98408862,PRD-0006,Hermes,6.6,1,Passt nicht
ORD-001158,2023-09-06,2023-09-07,2251a199048c,PRD-0028,DHL,5.87,1,Falscher Artikel
ORD-001159,2023-12-15,2023-12-20,fccc234064ac,PRD-0008,Hermes,6.63,0,
ORD-001160,2023-12-03,2023-12-06,4effb40d914b,PRD-0039,DHL,4.24,0,
ORD-001161,2023-11-30,2023-12-01,419537955820,PRD-0002,DHL,7.27,0,
ORD-001162,2023-01-26,2023-02-05,9f99f9396b9c,PRD-0038,Hermes,5.95,0,
ORD-001163,2023-06-26,2023-06-27,e6638b0be48a,PRD-0037,DHL,6.55,0,
ORD-001164,2023-03-03,2023-03-04,42f746bc7720,PRD-0014,DPD,4.19,0,
ORD-001165,2023-06-06,2023-06-09,d7502d19f435,PRD-0035,DHL,7.18,1,Gefällt nicht
ORD-001166,2023-02-28,2023-03-02,e9c2bd64e52f,PRD-0046,Hermes,6.19,0,
ORD-001167,2023-07-25,2023-07-27,8761265dcb91,PRD-0012,Hermes,5.13,0,
ORD-001168,2023-03-06,2023-03-08,35d823e07c4d,PRD-0021,DHL,5.48,1,Gefällt nicht
ORD-001169,2023-08-22,2023-08-25,64470c154a9e,PRD-0046,Hermes,3.96,1,Zu spät geliefert
ORD-001170,2023-06-11,2023-06-14,07f7801b3ed6,PRD-0030,DPD,7.4,0,
ORD-001171,2023-08-02,2023-08-04,051af2f8dccc,PRD-0015,DPD,4.26,1,Gefällt nicht
ORD-001172,2023-03-09,2023-03-11,2f3a8a765079,PRD-0031,DPD,6.19,1,Gefällt nicht
ORD-001173,2023-09-10,2023-09-13,cfd276367a24,PRD-0029,DPD,3.98,0,
ORD-001174,2023-12-04,2023-12-07,6286963288a7,PRD-0026,DPD,6.47,0,
ORD-001175,2023-10-27,2023-10-29,063985b5ff29,PRD-0011,DHL,4.85,0,
ORD-001176,2023-04-25,2023-04-26,cac190493a6d,PRD-0026,DHL,6.4,0,
ORD-001177,2023-11-20,2023-11-23,77a71aa76122,PRD-0049,DPD,6.53,0,
ORD-001178,2023-04-27,2023-04-29,5caef4462f84,PRD-0042,Hermes,5.12,0,
ORD-001179,2023-11-24,2023-11-25,c29a8cd01fe7,PRD-0033,Hermes,5.46,1,Gefällt nicht
ORD-001180,2023-07-24,2023-07-25,2be4c3284cdd,PRD-0041,DHL,6.82,1,Passt nicht
ORD-001181,2023-05-07,2023-05-08,de5995b0f460,PRD-0044,DHL,6.22,0,
ORD-001182,2023-10-20,2023-10-23,879bd1edee94,PRD-0020,DPD,6.14,1,Passt nicht
ORD-001183,2023-01-12,2023-01-21,223915c64e82,PRD-0050,Hermes,4.55,1,Zu spät geliefert
ORD-001184,2023-09-14,2023-09-15,582fb1eed8db,PRD-0035,DPD,3.63,0,
ORD-001185,2023-11-27,2023-12-06,82d6069e85e3,PRD-0008,Hermes,3.64,0,
ORD-001186,2023-01-08,2023-01-10,df2618f77ad2,PRD-0036,DPD,4.16,0,
ORD-001187,2023-06-27,2023-07-04,d1b78d8532ed,PRD-0009,Hermes,5.46,0,
ORD-001188,2023-02-27,2023-03-02,4852f5188b47,PRD-0044,DPD,5.75,0,
ORD-001189,2023-07-20,2023-07-22,4704c19af128,PRD-0033,DHL,5.97,1,Gefällt nicht
ORD-001190,2023-07-17,2023-07-27,e6e300a6bed0,PRD-0050,Hermes,6.85,1,Zu spät geliefert
ORD-001191,2023-09-14,2023-09-15,c46a919923c8,PRD-0048,DPD,6.0,0,
ORD-001192,2023-08-14,2023-08-16,6323534375f5,PRD-0007,Hermes,3.73,0,
ORD-001193,2023-05-12,2023-05-15,1824d85429cb,PRD-0016,DHL,3.84,0,
ORD-001194,2023-08-08,2023-08-13,8b96560757d0,PRD-0005,Hermes,3.65,0,
ORD-001195,2023-03-13,2023-03-16,091f24ee1b41,PRD-0028,DPD,4.57,0,
ORD-001196,2023-09-07,2023-09-08,a86478876429,PRD-0031,DPD,5.01,0,
ORD-001197,2023-09-09,2023-09-10,7dd1c91fd74e,PRD-0021,DPD,3.9,0,
ORD-001198,2023-07-01,2023-07-03,8716ef4cd079,PRD-0014,Hermes,4.86,0,
ORD-001199,2023-09-03,2023-09-09,d649fbca3585,PRD-0020,Hermes,5.64,0,
ORD-001200,2023-04-18,2023-04-20,3760c4b579a5,PRD-0017,DHL,5.11,0,
ORD-001201,2023-02-04,2023-02-05,17ec06c1973a,PRD-0040,DPD,5.81,0,
ORD-001202,2023-01-30,2023-01-31,05cc3be2fee8,PRD-0022,Hermes,5.21,0,
ORD-001203,2023-06-12,2023-06-14,657f7140d89d,PRD-0005,DPD,4.7,0,
ORD-001204,2023-07-29,2023-07-30,49b1338338e7,PRD-0035,Hermes,5.56,0,
ORD-001205,2023-01-01,2023-01-02,beeaa327b024,PRD-0049,DPD,6.01,0,
ORD-001206,2023-06-14,2023-06-16,c72f9f914f18,PRD-0012,DPD,7.35,0,
ORD-001207,2023-12-30,2024-01-02,4d2adee0b81e,PRD-0030,Hermes,6.58,0,
ORD-001208,2023-08-19,2023-08-22,b9c4e82cda9e,PRD-0037,DPD,4.96,1,Passt nicht
ORD-001209,2023-09-24,2023-09-27,e7e66c1e9fe0,PRD-0016,DHL,4.7,0,
ORD-001210,2023-02-13,2023-02-14,a3e6026be7de,PRD-0027,Hermes,4.57,0,
ORD-001211,2023-10-07,2023-10-09,116bc32d28bc,PRD-0042,DHL,4.44,0,
ORD-001212,2023-08-21,2023-08-22,39e26850347f,PRD-0008,DHL,5.36,1,Beschädigt
ORD-001213,2023-12-10,2023-12-13,0763c47e87fa,PRD-0028,Hermes,4.59,0,
ORD-001214,2023-12-14,2023-12-17,df34cfce2ddd,PRD-0017,Hermes,3.67,0,
ORD-001215,2023-05-30,2023-05-31,d0fbc5dd9ca1,PRD-0032,DHL,3.84,0,
ORD-001216,2023-11-30,2023-12-02,5bd74e894eab,PRD-0020,DHL,6.19,0,
ORD-001217,2023-02-12,2023-02-15,81d199d7f773,PRD-0006,Hermes,5.78,0,
ORD-001218,2023-03-08,2023-03-11,81eab3379b56,PRD-0008,DPD,7.3,0,
ORD-001219,2023-11-07,2023-11-09,1885ebd4660c,PRD-0034,Hermes,3.99,0,
ORD-001220,2023-07-03,2023-07-06,20ec997f0456,PRD-0021,Hermes,6.48,0,
ORD-001221,2023-06-07,2023-06-08,24d634f17354,PRD-0028,DHL,7.38,1,Gefällt nicht
ORD-001222,2023-06-02,2023-06-13,fbd94c946403,PRD-0027,Hermes,7.29,0,
ORD-001223,2023-02-21,2023-02-23,c24d64f49c94,PRD-0035,Hermes,7.02,0,
ORD-001224,2023-01-07,2023-01-09,887a73cb94dc,PRD-0010,Hermes,3.58,0,
ORD-001225,2023-08-05,2023-08-08,afeee7d6a9ec,PRD-0039,DHL,7.26,0,
ORD-001226,2023-01-13,2023-01-15,d8c4bb416eba,PRD-0043,DHL,4.74,0,
ORD-001227,2023-07-25,2023-08-02,d8c930c100f2,PRD-0045,Hermes,5.05,0,
ORD-001228,2023-02-21,2023-02-28,094eac2625f3,PRD-0026,Hermes,6.94,1,Zu spät geliefert
ORD-001229,2023-11-23,2023-11-25,fd0ec81b021e,PRD-0029,DPD,6.57,0,
ORD-001230,2023-01-07,2023-01-08,c407a7bcfaf0,PRD-0003,Hermes,5.38,0,
ORD-001231,2023-04-04,2023-04-06,801e3483ff30,PRD-0022,DPD,6.78,0,
ORD-001232,2023-08-31,2023-09-02,618cc57afb13,PRD-0011,DPD,4.91,0,
ORD-001233,2023-02-16,2023-02-19,5bd74e894eab,PRD-0047,DPD,6.28,0,
ORD-001234,2023-06-27,2023-06-30,69c7f59f0b65,PRD-0004,DPD,6.66,1,Gefällt nicht
ORD-001235,2023-01-23,2023-01-24,6c1abafed714,PRD-0001,Hermes,3.94,1,Passt nicht
ORD-001236,2023-09-04,2023-09-07,dbd09bd846af,PRD-0034,DPD,6.89,0,
ORD-001237,2023-10-22,2023-10-24,22eb96eb9c82,PRD-0027,Hermes,4.54,0,
ORD-001238,2023-11-09,2023-11-18,ef8c2437deb7,PRD-0038,Hermes,5.07,0,
ORD-001239,2023-03-10,2023-03-11,654a8248ac1b,PRD-0037,DHL,7.19,0,
ORD-001240,2023-12-25,2023-12-26,d603cad7b19e,PRD-0040,DPD,7.4,0,
ORD-001241,2023-06-13,2023-06-14,9e8f9de7c0a2,PRD-0017,DPD,5.22,1,Falscher Artikel
ORD-001242,2023-03-17,2023-03-19,13a10a499400,PRD-0010,DHL,5.77,0,
ORD-001243,2023-09-19,2023-09-21,e27e61b004ff,PRD-0046,DPD,7.21,0,
ORD-001244,2023-12-17,2023-12-23,429cbfd31cd7,PRD-0044,Hermes,6.95,1,Zu spät geliefert
ORD-001245,2023-12-09,2023-12-12,0ecc199bf319,PRD-0018,Hermes,6.93,0,
ORD-001246,2023-04-13,2023-04-16,6fffa85e67a1,PRD-0014,Hermes,5.13,0,
ORD-001247,2023-04-19,2023-04-28,d517469939b6,PRD-0002,Hermes,4.98,0,
ORD-001248,2023-04-15,2023-04-21,873ac5b3a73f,PRD-0042,Hermes,7.4,0,
ORD-001249,2023-03-26,2023-03-29,4f4020b1fffb,PRD-0044,DHL,5.19,0,
ORD-001250,2023-05-07,2023-05-08,e87ccbf56f42,PRD-0017,DHL,3.71,0,
ORD-001251,2023-11-08,2023-11-10,1885ebd4660c,PRD-0016,Hermes,7.37,0,
ORD-001252,2023-08-20,2023-08-21,194874bc22cc,PRD-0046,DPD,5.98,1,Falscher Artikel
ORD-001253,2023-05-29,2023-05-31,ce1cd38c362f,PRD-0026,DPD,7.07,0,
ORD-001254,2023-09-02,2023-09-04,1178ea5629ae,PRD-0038,DHL,5.47,0,
ORD-001255,2023-09-10,2023-09-11,f02966fbdc92,PRD-0030,DHL,5.62,0,
ORD-001256,2023-03-13,2023-03-15,83aebe395a90,PRD-0017,DHL,5.5,1,Gefällt nicht
ORD-001257,2023-09-07,2023-09-09,e60bbfb74318,PRD-0018,DPD,4.63,0,
ORD-001258,2023-04-09,2023-04-11,ac329909b816,PRD-0017,DPD,5.24,0,
ORD-001259,2023-05-10,2023-05-12,0e01fd7ca933,PRD-0021,DPD,4.11,0,
ORD-001260,2023-07-22,2023-07-24,b5a6aad762bb,PRD-0043,DPD,3.72,1,Passt nicht
ORD-001261,2023-09-22,2023-10-01,344ab744ddeb,PRD-0003,Hermes,7.48,1,Zu spät geliefert
ORD-001262,2023-11-15,2023-11-17,1b84fe910c90,PRD-0032,DHL,6.34,0,
ORD-001263,2023-12-06,2023-12-07,c29a8cd01fe7,PRD-0030,Hermes,3.99,0,
ORD-001264,2023-07-08,2023-07-09,93746af9a172,PRD-0014,Hermes,6.79,0,
ORD-001265,2023-12-16,2023-12-17,3f37d071d051,PRD-0043,DPD,7.39,0,
ORD-001266,2023-01-03,2023-01-04,687ee6fc678e,PRD-0050,DPD,3.81,0,
ORD-001267,2023-02-01,2023-02-02,0c73a19e96cc,PRD-0032,DPD,3.6,0,
ORD-001268,2023-03-11,2023-03-13,817685a6fc07,PRD-0044,DHL,7.22,0,
ORD-001269,2023-01-05,2023-01-06,39aca02bf8c0,PRD-0021,DHL,5.32,1,Zu spät geliefert
ORD-001270,2023-10-13,2023-10-16,ae868fa763a9,PRD-0018,DPD,6.12,1,Passt nicht
ORD-001271,2023-10-17,2023-10-20,bc4530a6f78d,PRD-0029,Hermes,6.69,0,
ORD-001272,2023-04-25,2023-04-28,6ff587083847,PRD-0014,DHL,6.48,1,Passt nicht
ORD-001273,2023-11-11,2023-11-17,e0d2dd604c94,PRD-0039,Hermes,6.58,1,Zu spät geliefert
ORD-001274,2023-09-15,2023-09-16,e70e2b8716ad,PRD-0006,DHL,6.62,0,
ORD-001275,2023-12-28,2023-12-29,50280c41c734,PRD-0042,DPD,6.7,1,Gefällt nicht
ORD-001276,2023-09-13,2023-09-16,daef63bdd6d2,PRD-0020,DPD,6.16,0,
ORD-001277,2023-02-25,2023-02-26,c686141e554c,PRD-0024,DPD,7.04,0,
ORD-001278,2023-04-26,2023-04-29,c061d6ecb41c,PRD-0018,DPD,6.53,0,
ORD-001279,2023-03-05,2023-03-06,b5153050464a,PRD-0024,DPD,5.2,0,
ORD-001280,2023-09-13,2023-09-15,a3106c759a3b,PRD-0033,Hermes,6.35,0,
ORD-001281,2023-12-07,2023-12-10,1885ebd4660c,PRD-0032,DPD,3.84,0,
ORD-001282,2023-05-26,2023-05-28,09ce957146a0,PRD-0028,DHL,7.44,0,
ORD-001283,2023-03-25,2023-03-28,873ac5b3a73f,PRD-0020,DHL,5.77,0,
ORD-001284,2023-06-08,2023-06-11,217fb6888b3e,PRD-0005,DHL,5.15,1,Gefällt nicht
ORD-001285,2023-08-20,2023-08-23,1d38108d4d5d,PRD-0043,DPD,4.92,0,
ORD-001286,2023-01-08,2023-01-09,1469f2d2a8c9,PRD-0006,DPD,4.22,1,Zu spät geliefert
ORD-001287,2023-08-16,2023-08-17,97498ce80361,PRD-0026,DHL,6.32,0,
ORD-001288,2023-02-04,2023-02-06,3903bc4ea31b,PRD-0038,DPD,5.3,0,
ORD-001289,2023-12-26,2023-12-31,bad59cbc1a8e,PRD-0017,Hermes,5.92,0,
ORD-001290,2023-03-02,2023-03-04,188c9a5c1a64,PRD-0044,DHL,3.52,0,
ORD-001291,2023-03-28,2023-03-31,3a4c40b4ab8b,PRD-0001,DHL,6.27,0,
ORD-001292,2023-06-28,2023-07-01,873288b0f8fb,PRD-0043,DPD,4.71,0,
ORD-001293,2023-05-22,2023-05-25,3c583cee118d,PRD-0040,Hermes,5.08,0,
ORD-001294,2023-04-07,2023-04-08,ce1cd38c362f,PRD-0006,DHL,6.76,1,Passt nicht
ORD-001295,2023-01-04,2023-01-05,a86478876429,PRD-0013,DHL,4.08,0,
ORD-001296,2023-03-12,2023-03-15,512d5c87257e,PRD-0028,DPD,4.7,0,
ORD-001297,2023-08-03,2023-08-10,e9ee57ea2321,PRD-0010,Hermes,6.46,0,
ORD-001298,2023-12-20,2023-12-21,0dec90d9822f,PRD-0032,Hermes,4.31,0,
ORD-001299,2023-04-14,2023-04-16,7f89f7c20bec,PRD-0026,DHL,7.42,1,Zu spät geliefert
ORD-001300,2023-08-10,2023-08-13,b0c234dacd05,PRD-0032,DPD,5.72,0,
ORD-001301,2023-06-25,2023-06-27,4086cd585ed6,PRD-0003,Hermes,5.95,0,
ORD-001302,2023-06-07,2023-06-10,4c88a13112dc,PRD-0032,DHL,5.19,1,Passt nicht
ORD-001303,2023-11-16,2023-11-18,43bfec19acbc,PRD-0036,DHL,5.17,0,
ORD-001304,2023-11-14,2023-11-17,40ab188bca4c,PRD-0008,Hermes,6.29,0,
ORD-001305,2023-12-26,2024-01-04,ad0a5f423792,PRD-0011,Hermes,5.53,1,Zu spät geliefert
ORD-001306,2023-10-01,2023-10-04,512edac15cb6,PRD-0044,Hermes,5.37,0,
ORD-001307,2023-01-23,2023-01-26,bfe8a25c1406,PRD-0019,DPD,5.17,0,
ORD-001308,2023-04-08,2023-04-11,156bf92e130e,PRD-0044,DPD,5.39,0,
ORD-001309,2023-08-25,2023-08-26,0890fab2d63e,PRD-0011,DPD,6.17,1,Passt nicht
ORD-001310,2023-05-27,2023-05-28,6ff587083847,PRD-0012,DHL,3.9,0,
ORD-001311,2023-09-10,2023-09-15,0dc43ad19079,PRD-0032,Hermes,4.94,0,
ORD-001312,2023-10-23,2023-10-24,fe658e70891a,PRD-0023,DPD,6.94,0,
ORD-001313,2023-06-24,2023-06-26,0edb747c7064,PRD-0003,DHL,5.97,0,
ORD-001314,2023-01-01,2023-01-03,8f970c1893be,PRD-0036,DHL,4.86,0,
ORD-001315,2023-02-21,2023-02-24,4cf18262fe4e,PRD-0050,DHL,6.91,1,Passt nicht
ORD-001316,2023-12-23,2023-12-26,a48886afbfd9,PRD-0033,DPD,7.21,1,Passt nicht
ORD-001317,2023-10-20,2023-10-21,a0a5027f3593,PRD-0030,DHL,5.94,0,
ORD-001318,2023-04-25,2023-04-26,990779cf8869,PRD-0007,DPD,4.17,0,
ORD-001319,2023-04-05,2023-04-06,68b31dfb1b61,PRD-0014,Hermes,6.55,0,
ORD-001320,2023-05-26,2023-05-27,de5995b0f460,PRD-0047,DHL,4.84,0,
ORD-001321,2023-05-04,2023-05-06,918b7cfb57b8,PRD-0008,DHL,6.58,0,
ORD-001322,2023-02-21,2023-02-28,6dcf47721286,PRD-0016,Hermes,4.99,1,Zu spät geliefert
ORD-001323,2023-11-24,2023-11-27,d7502d19f435,PRD-0027,Hermes,6.51,0,
ORD-001324,2023-10-25,2023-10-27,130ce3637d55,PRD-0015,DHL,5.14,0,
ORD-001325,2023-12-13,2023-12-15,72ba3369b331,PRD-0034,DPD,5.27,0,
ORD-001326,2023-09-25,2023-09-28,4d24d8dae4d2,PRD-0001,DPD,3.84,0,
ORD-001327,2023-04-30,2023-05-02,b71b3ef9f857,PRD-0026,DHL,6.14,1,Passt nicht
ORD-001328,2023-01-17,2023-01-18,90afb8c8cd4d,PRD-0010,DPD,7.42,0,
ORD-001329,2023-05-17,2023-05-19,f3c7ffe55341,PRD-0043,DPD,7.04,0,
ORD-001330,2023-05-18,2023-05-21,8807a57da3fe,PRD-0036,Hermes,3.53,0,
ORD-001331,2023-03-28,2023-03-29,0090a09fd83c,PRD-0034,DPD,5.28,0,
ORD-001332,2023-09-29,2023-10-02,9d1af1dcda64,PRD-0035,DPD,6.29,0,
ORD-001333,2023-10-24,2023-10-25,31becad38df2,PRD-0042,Hermes,5.06,1,Gefällt nicht
ORD-001334,2023-06-15,2023-06-18,246c8c07d731,PRD-0048,DHL,4.64,0,
ORD-001335,2023-04-10,2023-04-12,93746af9a172,PRD-0033,DPD,6.53,0,
ORD-001336,2023-07-14,2023-07-17,563748058fe6,PRD-0002,DHL,4.47,0,
ORD-001337,2023-10-20,2023-10-22,33ee35eb843e,PRD-0020,DPD,3.94,0,
ORD-001338,2023-01-31,2023-02-03,2282d30985a3,PRD-0024,Hermes,6.53,0,
ORD-001339,2023-09-29,2023-10-01,156bf92e130e,PRD-0008,Hermes,7.43,1,Beschädigt
ORD-001340,2023-07-26,2023-07-29,e5c38c7b8b62,PRD-0048,DPD,7.25,0,
ORD-001341,2023-11-13,2023-11-14,f247903e701b,PRD-0035,DPD,4.64,0,
ORD-001342,2023-06-20,2023-06-23,0d40dc2ae10d,PRD-0046,DPD,5.01,0,
ORD-001343,2023-11-03,2023-11-05,48a9611b448a,PRD-0016,DHL,4.27,0,
ORD-001344,2023-05-23,2023-05-31,f27d94e49727,PRD-0024,Hermes,3.83,0,
ORD-001345,2023-10-30,2023-11-01,886e21a9b6c8,PRD-0028,DHL,3.81,0,
ORD-001346,2023-04-19,2023-04-22,5a8903a18ef6,PRD-0034,Hermes,6.99,0,
ORD-001347,2023-09-21,2023-09-23,fc756d4ad507,PRD-0032,DPD,6.26,0,
ORD-001348,2023-01-07,2023-01-09,c0aa67bccdba,PRD-0032,DPD,4.08,0,
ORD-001349,2023-04-05,2023-04-07,decdd395c69b,PRD-0032,DPD,6.32,0,
ORD-001350,2023-12-06,2023-12-09,f1d915ccea6a,PRD-0034,DHL,5.39,0,
ORD-001351,2023-06-05,2023-06-07,7625e625a334,PRD-0011,DPD,3.98,0,
ORD-001352,2023-11-18,2023-11-19,bfbae68bbec2,PRD-0027,DHL,4.66,0,
ORD-001353,2023-09-30,2023-10-02,364454046f73,PRD-0010,DHL,5.0,0,
ORD-001354,2023-04-16,2023-04-17,1a362e3b8d84,PRD-0032,DHL,5.86,0,
ORD-001355,2023-11-23,2023-12-01,b6d10b6a036a,PRD-0020,Hermes,5.69,1,Zu spät geliefert
ORD-001356,2023-12-07,2023-12-09,23c74196e72c,PRD-0003,Hermes,7.1,0,
ORD-001357,2023-12-16,2023-12-19,0ecc199bf319,PRD-0025,Hermes,4.05,0,
ORD-001358,2023-07-18,2023-07-21,9d7e2c193c78,PRD-0030,Hermes,4.8,0,
ORD-001359,2023-08-01,2023-08-04,aa5d87998a2a,PRD-0040,DPD,4.43,0,
ORD-001360,2023-02-27,2023-02-28,6286963288a7,PRD-0022,DPD,7.06,0,
ORD-001361,2023-02-16,2023-02-17,daef63bdd6d2,PRD-0018,DPD,6.33,0,
ORD-001362,2023-05-17,2023-05-19,a50ae801e10b,PRD-0041,DPD,4.0,0,
ORD-001363,2023-12-06,2023-12-09,28e03e79c223,PRD-0006,DHL,6.53,0,
ORD-001364,2023-10-06,2023-10-07,452041c8dc89,PRD-0037,DPD,5.51,0,
ORD-001365,2023-08-10,2023-08-13,6bbc7f2133e2,PRD-0008,DPD,3.58,0,
ORD-001366,2023-06-25,2023-06-28,91d7c560befb,PRD-0014,DHL,5.82,0,
ORD-001367,2023-07-13,2023-07-15,9613928529a8,PRD-0035,DPD,3.68,0,
ORD-001368,2023-04-07,2023-04-13,87d8cf076baa,PRD-0002,Hermes,4.77,0,
ORD-001369,2023-07-21,2023-07-22,afe6017571c8,PRD-0006,DHL,4.64,0,
ORD-001370,2023-05-24,2023-05-25,344ab744ddeb,PRD-0017,DHL,5.13,0,
ORD-001371,2023-04-18,2023-04-20,95759a5d8a2b,PRD-0004,DPD,4.69,1,Passt nicht
ORD-001372,2023-10-04,2023-10-06,26d16a151448,PRD-0021,DHL,4.53,0,
ORD-001373,2023-06-05,2023-06-06,7e456e763650,PRD-0008,DHL,5.89,0,
ORD-001374,2023-06-09,2023-06-12,c9971add6108,PRD-0032,DPD,3.96,0,
ORD-001375,2023-03-01,2023-03-04,58e74b1567d2,PRD-0021,Hermes,5.13,0,
ORD-001376,2023-03-18,2023-03-21,4e2191176290,PRD-0002,Hermes,4.49,0,
ORD-001377,2023-02-19,2023-02-21,3f8846b8d9ae,PRD-0042,DHL,5.28,0,
ORD-001378,2023-03-31,2023-04-01,8f9f681c0af4,PRD-0041,DPD,4.07,0,
ORD-001379,2023-06-16,2023-06-19,c7607c20e1b6,PRD-0011,DHL,7.35,0,
ORD-001380,2023-01-15,2023-01-16,3f8846b8d9ae,PRD-0029,DHL,7.34,0,
ORD-001381,2023-05-29,2023-05-30,8cf348161471,PRD-0019,DPD,4.59,1,Gefällt nicht
ORD-001382,2023-06-06,2023-06-08,41179d641cf8,PRD-0044,Hermes,6.86,0,
ORD-001383,2023-11-10,2023-11-13,695df20c0897,PRD-0003,DHL,3.78,0,
ORD-001384,2023-06-30,2023-07-01,46eff0f99985,PRD-0026,DPD,6.4,0,
ORD-001385,2023-08-23,2023-08-26,0090a09fd83c,PRD-0028,DHL,6.71,0,
ORD-001386,2023-10-29,2023-11-08,f073c64a2004,PRD-0044,Hermes,6.15,1,Zu spät geliefert
ORD-001387,2023-08-31,2023-09-02,cd294a56e965,PRD-0022,DHL,4.81,0,
ORD-001388,2023-07-25,2023-07-28,0d409b8b3b80,PRD-0045,DHL,5.94,0,
ORD-001389,2023-06-08,2023-06-09,94f6486963cd,PRD-0001,DPD,7.08,0,
ORD-001390,2023-04-21,2023-04-28,d0f9e20b6ac8,PRD-0032,Hermes,7.07,0,
ORD-001391,2023-08-16,2023-08-26,fb86fc199742,PRD-0043,Hermes,4.93,0,
ORD-001392,2023-01-29,2023-01-30,df2618f77ad2,PRD-0050,DPD,7.24,1,Gefällt nicht
ORD-001393,2023-02-20,2023-02-23,0dec90d9822f,PRD-0001,DHL,6.22,1,Gefällt nicht
ORD-001394,2023-05-25,2023-05-26,2f94e3143891,PRD-0023,DHL,6.0,0,
ORD-001395,2023-08-14,2023-08-15,bad59cbc1a8e,PRD-0046,DHL,7.37,0,
ORD-001396,2023-05-01,2023-05-04,99724234e6f0,PRD-0018,Hermes,4.28,0,
ORD-001397,2023-08-09,2023-08-10,70fa5743eedd,PRD-0041,Hermes,5.48,0,
ORD-001398,2023-11-14,2023-11-17,9759761fbaf6,PRD-0013,DPD,6.23,0,
ORD-001399,2023-07-08,2023-07-11,ab0fde7e9e0e,PRD-0012,DHL,3.76,0,
ORD-001400,2023-12-20,2023-12-23,5d6484f28822,PRD-0037,DHL,4.6,0,
ORD-001401,2023-11-29,2023-12-02,b0c234dacd05,PRD-0044,DHL,5.96,0,
ORD-001402,2023-12-11,2023-12-12,817685a6fc07,PRD-0036,Hermes,7.27,0,
ORD-001403,2023-09-16,2023-09-26,1cc70d32846d,PRD-0021,Hermes,4.95,0,
ORD-001404,2023-12-18,2023-12-19,49b5de66f141,PRD-0003,DPD,5.63,1,Gefällt nicht
ORD-001405,2023-03-09,2023-03-18,43bfec19acbc,PRD-0001,Hermes,7.46,0,
ORD-001406,2023-02-22,2023-02-23,17ec06c1973a,PRD-0045,Hermes,4.82,0,
ORD-001407,2023-10-18,2023-10-19,5d3422d03696,PRD-0041,DPD,6.73,1,Zu spät geliefert
ORD-001408,2023-01-20,2023-01-29,05cc3be2fee8,PRD-0041,Hermes,4.86,1,Zu spät geliefert
ORD-001409,2023-04-10,2023-04-11,b9e344c756b9,PRD-0022,DPD,6.6,0,
ORD-001410,2023-03-14,2023-03-17,faa2f6f03cc1,PRD-0029,DHL,4.0,0,
ORD-001411,2023-08-23,2023-08-25,ff5ac746bfa2,PRD-0004,DHL,6.63,1,Passt nicht
ORD-001412,2023-07-23,2023-07-25,886e21a9b6c8,PRD-0029,DHL,5.23,0,
ORD-001413,2023-05-31,2023-06-03,9124aad31df2,PRD-0044,DHL,5.11,1,Zu spät geliefert
ORD-001414,2023-03-13,2023-03-14,4f4523c8395a,PRD-0049,Hermes,6.0,0,
ORD-001415,2023-03-06,2023-03-08,ab6da4d8621c,PRD-0025,Hermes,4.86,0,
ORD-001416,2023-06-09,2023-06-11,dfc49371921b,PRD-0044,DHL,5.85,0,
ORD-001417,2023-08-07,2023-08-10,6adad2b3a3cf,PRD-0007,DHL,5.87,0,
ORD-001418,2023-08-29,2023-08-30,46abfdacd226,PRD-0013,DPD,4.53,0,
ORD-001419,2023-02-20,2023-02-23,130ce3637d55,PRD-0031,DPD,4.47,0,
ORD-001420,2023-01-05,2023-01-06,ea44f9c67b6e,PRD-0003,DHL,5.55,1,Gefällt nicht
ORD-001421,2023-05-30,2023-06-01,fbfe8cce73de,PRD-0049,Hermes,4.08,0,
ORD-001422,2023-06-11,2023-06-13,fccc234064ac,PRD-0020,DPD,7.38,0,
ORD-001423,2023-06-04,2023-06-07,a8ea3b6635e5,PRD-0038,DPD,4.45,0,
ORD-001424,2023-01-29,2023-01-31,aaa6ae316d32,PRD-0036,DHL,7.41,0,
ORD-001425,2023-06-26,2023-06-28,d8c6eb9296b5,PRD-0013,DHL,5.4,0,
ORD-001426,2023-12-28,2023-12-31,653ad0b2bb63,PRD-0030,DPD,5.81,0,
ORD-001427,2023-08-10,2023-08-12,3d72668edf04,PRD-0022,DPD,4.15,0,
ORD-001428,2023-08-15,2023-08-16,4d14f0447871,PRD-0003,Hermes,6.27,0,
ORD-001429,2023-06-08,2023-06-09,af6695e50e2e,PRD-0040,DHL,6.57,0,
ORD-001430,2023-03-10,2023-03-12,57719992ae4c,PRD-0022,DPD,6.8,1,Passt nicht
ORD-001431,2023-03-15,2023-03-16,6dcf47721286,PRD-0024,DHL,5.72,0,
ORD-001432,2023-12-13,2023-12-14,83aebe395a90,PRD-0019,Hermes,4.94,0,
ORD-001433,2023-05-14,2023-05-15,2ca50b35ad33,PRD-0002,DHL,4.38,0,
ORD-001434,2023-05-27,2023-05-29,d1e81688058a,PRD-0047,DHL,4.48,0,
ORD-001435,2023-08-26,2023-08-28,9b6eada5ad31,PRD-0002,DHL,3.58,0,
ORD-001436,2023-08-18,2023-08-21,5a8903a18ef6,PRD-0009,Hermes,4.72,1,Gefällt nicht
ORD-001437,2023-12-19,2023-12-30,86f6d149b736,PRD-0024,Hermes,7.49,0,
ORD-001438,2023-12-12,2023-12-13,7069ce379c0d,PRD-0028,DPD,6.68,1,Gefällt nicht
ORD-001439,2023-08-22,2023-09-02,d45ab1001715,PRD-0035,Hermes,6.04,0,
ORD-001440,2023-09-13,2023-09-16,d42b50263f66,PRD-0003,DPD,6.66,1,Gefällt nicht
ORD-001441,2023-11-15,2023-11-18,953c25151831,PRD-0016,DHL,6.99,0,
ORD-001442,2023-03-01,2023-03-03,e9c2bd64e52f,PRD-0033,DPD,6.64,1,Passt nicht
ORD-001443,2023-08-17,2023-08-18,edd213b55d91,PRD-0043,DPD,6.51,1,Gefällt nicht
ORD-001444,2023-12-22,2023-12-24,7515db680360,PRD-0049,DPD,5.36,0,
ORD-001445,2023-10-14,2023-10-17,cd294a56e965,PRD-0046,Hermes,5.48,0,
ORD-001446,2023-08-23,2023-08-26,8ed36ba577d5,PRD-0038,Hermes,3.65,0,
ORD-001447,2023-11-04,2023-11-11,be09470a4786,PRD-0013,Hermes,5.01,0,
ORD-001448,2023-10-13,2023-10-20,4704c19af128,PRD-0024,Hermes,5.58,0,
ORD-001449,2023-08-01,2023-08-03,1c5088deb9cd,PRD-0038,DHL,4.85,0,
ORD-001450,2023-04-07,2023-04-16,9582264a8797,PRD-0030,Hermes,5.03,1,Zu spät geliefert
ORD-001451,2023-03-25,2023-03-27,e1f4a299a8d3,PRD-0029,DHL,4.94,0,
ORD-001452,2023-05-05,2023-05-08,685102ce2f35,PRD-0019,DPD,3.81,0,
ORD-001453,2023-10-19,2023-10-20,b2cebf22574d,PRD-0015,DHL,5.68,1,Passt nicht
ORD-001454,2023-08-03,2023-08-05,2fdbd1a9022b,PRD-0013,DPD,6.48,0,
ORD-001455,2023-10-13,2023-10-14,0c73a19e96cc,PRD-0044,Hermes,7.49,0,
ORD-001456,2023-07-05,2023-07-08,78a2938173f2,PRD-0046,DPD,3.53,0,
ORD-001457,2023-12-02,2023-12-04,c957b337cc41,PRD-0019,Hermes,6.53,0,
ORD-001458,2023-06-05,2023-06-08,09d35015c802,PRD-0031,DPD,7.31,0,
ORD-001459,2023-08-04,2023-08-05,d7c8a8f805ce,PRD-0026,DHL,4.34,0,
ORD-001460,2023-07-19,2023-07-22,4e2191176290,PRD-0034,DPD,6.39,0,
ORD-001461,2023-06-30,2023-07-02,c3a3122f53f0,PRD-0022,DHL,5.22,0,
ORD-001462,2023-10-03,2023-10-04,7e456e763650,PRD-0045,Hermes,3.62,0,
ORD-001463,2023-07-12,2023-07-14,a8ac0b2e1350,PRD-0037,DHL,3.54,0,
ORD-001464,2023-06-25,2023-07-04,195d1d87ed88,PRD-0043,Hermes,5.11,0,
ORD-001465,2023-08-26,2023-08-28,f27d94e49727,PRD-0045,DPD,3.59,0,
ORD-001466,2023-03-14,2023-03-15,bdde9cfbebaf,PRD-0003,DHL,7.48,0,
ORD-001467,2023-05-25,2023-05-28,89592b8f6d10,PRD-0041,DPD,5.06,0,
ORD-001468,2023-12-22,2023-12-23,00aab29cebe7,PRD-0014,Hermes,4.82,1,Passt nicht
ORD-001469,2023-10-31,2023-11-02,ea0c9d4c943e,PRD-0029,DPD,6.2,1,Passt nicht
ORD-001470,2023-06-18,2023-06-21,df2618f77ad2,PRD-0003,DPD,4.25,0,
ORD-001471,2023-01-05,2023-01-14,2f3a8a765079,PRD-0025,Hermes,3.73,1,Zu spät geliefert
ORD-001472,2023-04-27,2023-04-29,a8ea3b6635e5,PRD-0001,DHL,5.14,0,
ORD-001473,2023-02-17,2023-02-20,4704c19af128,PRD-0008,DHL,6.47,0,
ORD-001474,2023-04-06,2023-04-07,65e0a6c5bce6,PRD-0014,DHL,4.14,1,Gefällt nicht
ORD-001475,2023-04-09,2023-04-10,4a5d98f6b886,PRD-0020,DPD,6.24,0,
ORD-001476,2023-07-23,2023-07-24,182a643a7a92,PRD-0013,DHL,6.8,0,
ORD-001477,2023-03-09,2023-03-11,6a5a0702f324,PRD-0016,DPD,7.02,0,
ORD-001478,2023-01-19,2023-01-20,395e85ac7d33,PRD-0030,DPD,4.65,0,
ORD-001479,2023-07-23,2023-07-26,7069ce379c0d,PRD-0030,Hermes,5.06,0,
ORD-001480,2023-12-03,2023-12-12,8b9804a18cf9,PRD-0012,Hermes,5.33,0,
ORD-001481,2023-11-10,2023-11-13,f6a34b6ae058,PRD-0043,DHL,5.07,0,
ORD-001482,2023-04-08,2023-04-09,07b92aac87b8,PRD-0003,DHL,6.17,1,Gefällt nicht
ORD-001483,2023-12-14,2023-12-17,db7f6e6545a6,PRD-0045,DPD,7.13,0,
ORD-001484,2023-08-25,2023-08-26,a53456968de8,PRD-0049,DPD,3.81,0,
ORD-001485,2023-11-12,2023-11-14,afb8f64e78d8,PRD-0033,Hermes,5.35,1,Passt nicht
ORD-001486,2023-04-06,2023-04-09,379ebebe8e18,PRD-0041,DPD,5.02,0,
ORD-001487,2023-02-07,2023-02-09,4b1152688331,PRD-0026,DHL,3.96,1,Beschädigt
ORD-001488,2023-05-08,2023-05-11,880786415f0c,PRD-0009,Hermes,3.77,0,
ORD-001489,2023-03-19,2023-03-22,749ff7edced9,PRD-0043,DHL,4.06,0,
ORD-001490,2023-08-23,2023-08-24,70fa5743eedd,PRD-0018,DHL,5.93,0,
ORD-001491,2023-07-25,2023-07-28,df2618f77ad2,PRD-0019,DHL,4.17,0,
ORD-001492,2023-10-17,2023-10-20,beeaa327b024,PRD-0049,DHL,4.93,1,Gefällt nicht
ORD-001493,2023-03-15,2023-03-18,897da0ff1fdc,PRD-0046,DHL,5.27,0,
ORD-001494,2023-10-24,2023-10-27,619165201926,PRD-0041,DPD,6.14,0,
ORD-001495,2023-08-21,2023-08-23,7299927759bf,PRD-0025,DPD,5.89,0,
ORD-001496,2023-02-02,2023-02-03,b6d10b6a036a,PRD-0050,Hermes,4.45,0,
ORD-001497,2023-03-02,2023-03-03,3817ec543c32,PRD-0002,Hermes,4.27,0,
ORD-001498,2023-02-18,2023-02-19,0907e2f4a507,PRD-0005,DHL,6.82,0,
ORD-001499,2023-06-06,2023-06-07,95879f7848a2,PRD-0047,DHL,3.93,0,
ORD-001500,2023-01-04,2023-01-07,9ac16b47a843,PRD-0021,DPD,4.33,0,
ORD-001501,2023-01-12,2023-01-17,39248ddf5d80,PRD-0026,Hermes,4.19,0,
ORD-001502,2023-01-02,2023-01-10,eefb36acc47f,PRD-0042,Hermes,6.13,1,Zu spät geliefert
ORD-001503,2023-12-15,2023-12-17,77a71aa76122,PRD-0042,DPD,5.14,1,Passt nicht
ORD-001504,2023-01-26,2023-01-27,bb3934db10be,PRD-0039,Hermes,7.19,0,
ORD-001505,2023-04-23,2023-04-24,05b23c8b13d0,PRD-0011,Hermes,6.29,0,
ORD-001506,2023-04-26,2023-04-27,4c88a13112dc,PRD-0050,DPD,7.41,1,Gefällt nicht
ORD-001507,2023-01-20,2023-01-22,f04a1851f388,PRD-0031,DHL,5.03,1,Gefällt nicht
ORD-001508,2023-09-11,2023-09-14,d8c6eb9296b5,PRD-0048,DHL,7.45,0,
ORD-001509,2023-09-13,2023-09-14,10f3d78de149,PRD-0002,DPD,6.45,0,
ORD-001510,2023-09-29,2023-09-30,2251a199048c,PRD-0016,DPD,5.49,1,Beschädigt
ORD-001511,2023-07-01,2023-07-02,cd2c51f526bd,PRD-0010,Hermes,6.4,0,
ORD-001512,2023-12-28,2023-12-30,07b92aac87b8,PRD-0029,DPD,6.07,1,Gefällt nicht
ORD-001513,2023-06-04,2023-06-06,49067f21850d,PRD-0003,DPD,4.65,0,
ORD-001514,2023-02-27,2023-03-01,4778890e21f0,PRD-0015,DPD,5.66,1,Passt nicht
ORD-001515,2023-11-23,2023-11-26,0488ae9282bd,PRD-0043,DHL,4.39,0,
ORD-001516,2023-08-28,2023-08-30,abd59341f3f1,PRD-0025,DPD,6.02,0,
ORD-001517,2023-10-09,2023-10-10,88e7bdd912aa,PRD-0032,DHL,7.25,1,Gefällt nicht
ORD-001518,2023-10-18,2023-10-21,434ffda97134,PRD-0006,DHL,6.68,0,
ORD-001519,2023-01-27,2023-01-28,e61839c34145,PRD-0016,DPD,5.37,0,
ORD-001520,2023-11-04,2023-11-05,0e01fd7ca933,PRD-0047,DHL,5.92,0,
ORD-001521,2023-04-29,2023-05-01,38424fe833d6,PRD-0019,DPD,4.31,0,
ORD-001522,2023-10-15,2023-10-17,f1d915ccea6a,PRD-0031,DHL,4.17,0,
ORD-001523,2023-09-11,2023-09-14,25185671a9c4,PRD-0028,DPD,6.54,0,
ORD-001524,2023-09-14,2023-09-16,562195e19ef5,PRD-0031,DHL,3.83,0,
ORD-001525,2023-03-30,2023-04-02,0488ae9282bd,PRD-0020,DPD,6.41,0,
ORD-001526,2023-11-28,2023-11-30,afe6017571c8,PRD-0025,Hermes,5.92,0,
ORD-001527,2023-01-14,2023-01-17,c98325181881,PRD-0022,DHL,4.12,0,
ORD-001528,2023-12-05,2023-12-08,723a77d2c86b,PRD-0001,DHL,5.0,0,
ORD-001529,2023-04-21,2023-05-01,1003cd80e129,PRD-0027,Hermes,7.45,1,Zu spät geliefert
ORD-001530,2023-10-11,2023-10-12,15aca2854624,PRD-0027,DHL,5.76,0,
ORD-001531,2023-12-30,2024-01-01,f047058cc75d,PRD-0049,Hermes,4.89,0,
ORD-001532,2023-08-08,2023-08-11,2f94e3143891,PRD-0032,DPD,3.73,0,
ORD-001533,2023-01-28,2023-01-29,a09934c5e7c7,PRD-0028,DPD,3.64,0,
ORD-001534,2023-03-26,2023-03-29,3c583cee118d,PRD-0024,DPD,6.29,0,
ORD-001535,2023-04-27,2023-04-30,7515db680360,PRD-0010,Hermes,4.52,0,
ORD-001536,2023-02-15,2023-02-16,5bd74e894eab,PRD-0038,DPD,6.08,1,Passt nicht
ORD-001537,2023-01-07,2023-01-10,a6a4c4bba062,PRD-0025,Hermes,5.57,0,
ORD-001538,2023-03-21,2023-03-23,a3bd3f59a6c4,PRD-0028,DHL,4.71,0,
ORD-001539,2023-07-20,2023-07-22,afeee7d6a9ec,PRD-0035,DPD,6.44,0,
ORD-001540,2023-11-12,2023-11-13,78a2938173f2,PRD-0047,DHL,6.61,0,
ORD-001541,2023-08-12,2023-08-22,15ce055c280c,PRD-0010,Hermes,3.53,0,
ORD-001542,2023-07-12,2023-07-13,d3b1f769f7d5,PRD-0032,DHL,5.6,1,Zu spät geliefert
ORD-001543,2023-05-05,2023-05-07,a87472edbf2f,PRD-0019,DPD,4.25,1,Gefällt nicht
ORD-001544,2023-03-01,2023-03-02,076a230994c4,PRD-0013,Hermes,6.76,1,Falscher Artikel
ORD-001545,2023-12-16,2023-12-19,52c6914ee471,PRD-0013,DHL,6.54,0,
ORD-001546,2023-09-04,2023-09-07,5d6484f28822,PRD-0027,Hermes,3.82,1,Gefällt nicht
ORD-001547,2023-11-24,2023-11-26,e4dfa3382446,PRD-0025,DHL,5.84,1,Passt nicht
ORD-001548,2023-07-31,2023-08-01,686dcba1686e,PRD-0032,DPD,6.51,1,Beschädigt
ORD-001549,2023-07-02,2023-07-03,2c8754a768e5,PRD-0043,DPD,5.0,1,Passt nicht
ORD-001550,2023-02-21,2023-02-23,223915c64e82,PRD-0049,Hermes,4.85,1,Gefällt nicht
ORD-001551,2023-01-13,2023-01-14,d052d3dc4806,PRD-0022,Hermes,5.01,0,
ORD-001552,2023-08-18,2023-08-26,3f9cb3978a57,PRD-0023,Hermes,7.05,0,
ORD-001553,2023-08-27,2023-08-28,a8ac0b2e1350,PRD-0002,DPD,4.62,0,
ORD-001554,2023-07-29,2023-07-31,61e80c53c02e,PRD-0049,DHL,6.24,0,
ORD-001555,2023-06-18,2023-06-20,7a3caf8d72f9,PRD-0031,DPD,3.51,0,
ORD-001556,2023-09-08,2023-09-11,cdf50ee19459,PRD-0021,DHL,3.68,0,
ORD-001557,2023-05-08,2023-05-11,20ec997f0456,PRD-0048,Hermes,5.1,0,
ORD-001558,2023-11-20,2023-11-22,fb5a43004a03,PRD-0006,Hermes,5.4,0,
ORD-001559,2023-09-18,2023-09-21,d451b4fe0223,PRD-0045,DHL,5.93,0,
ORD-001560,2023-05-30,2023-06-02,e04a43e94370,PRD-0010,DPD,6.37,0,
ORD-001561,2023-04-26,2023-05-05,35402ac5b811,PRD-0009,Hermes,5.37,0,
ORD-001562,2023-03-04,2023-03-06,c51f676b7202,PRD-0029,DHL,4.46,0,
ORD-001563,2023-10-16,2023-10-19,635719a9bacb,PRD-0011,DPD,7.47,1,Gefällt nicht
ORD-001564,2023-11-02,2023-11-04,df34cfce2ddd,PRD-0011,Hermes,6.16,1,Gefällt nicht
ORD-001565,2023-09-17,2023-09-20,c8264ff97bdf,PRD-0043,DHL,3.86,1,Gefällt nicht
ORD-001566,2023-09-28,2023-10-01,653ad0b2bb63,PRD-0022,DHL,5.9,0,
ORD-001567,2023-02-22,2023-02-25,0e29f3ef6c8e,PRD-0022,Hermes,6.12,0,
ORD-001568,2023-04-26,2023-05-01,0d40dc2ae10d,PRD-0036,Hermes,3.95,0,
ORD-001569,2023-12-19,2023-12-20,3ee8ae422892,PRD-0048,DPD,3.96,0,
ORD-001570,2023-01-05,2023-01-07,8bf6259d1423,PRD-0009,Hermes,5.86,1,Passt nicht
ORD-001571,2023-05-08,2023-05-10,723a77d2c86b,PRD-0025,Hermes,7.24,0,
ORD-001572,2023-08-30,2023-09-02,3fb6657a5403,PRD-0034,DPD,3.93,0,
ORD-001573,2023-10-03,2023-10-11,c81259f34a41,PRD-0035,Hermes,5.5,0,
ORD-001574,2023-09-10,2023-09-12,819426776d5c,PRD-0010,DPD,6.16,0,
ORD-001575,2023-02-28,2023-03-03,5caef4462f84,PRD-0045,DHL,5.51,0,
ORD-001576,2023-01-22,2023-01-25,989608d8299d,PRD-0008,Hermes,4.36,0,
ORD-001577,2023-07-21,2023-07-22,e5e92df1e0aa,PRD-0046,Hermes,6.81,0,
ORD-001578,2023-03-12,2023-03-15,1c19c7c40810,PRD-0047,DHL,7.19,0,
ORD-001579,2023-04-01,2023-04-09,831786676e1c,PRD-0012,Hermes,5.69,0,
ORD-001580,2023-05-11,2023-05-13,7c91be984130,PRD-0028,DPD,6.53,0,
ORD-001581,2023-11-19,2023-11-22,12647114a0f8,PRD-0005,DPD,6.3,1,Passt nicht
ORD-001582,2023-04-01,2023-04-02,749ff7edced9,PRD-0026,DHL,6.67,0,
ORD-001583,2023-01-13,2023-01-15,d7c8a8f805ce,PRD-0004,DPD,4.15,0,
ORD-001584,2023-08-10,2023-08-12,500081b57226,PRD-0029,DPD,4.34,1,Passt nicht
ORD-001585,2023-12-29,2024-01-01,3f102afad00d,PRD-0048,DHL,4.95,0,
ORD-001586,2023-07-08,2023-07-11,4cea042f7aed,PRD-0037,DHL,6.93,0,
ORD-001587,2023-06-15,2023-06-16,fbf122d940e4,PRD-0028,DPD,3.88,0,
ORD-001588,2023-06-16,2023-06-17,ff5ac746bfa2,PRD-0031,DHL,5.87,1,Gefällt nicht
ORD-001589,2023-08-25,2023-08-28,ce14e0367a4a,PRD-0010,DPD,3.64,0,
ORD-001590,2023-11-07,2023-11-09,1aa279e94dde,PRD-0026,Hermes,6.11,0,
ORD-001591,2023-02-09,2023-02-12,f86b972e587c,PRD-0050,DPD,6.61,0,
ORD-001592,2023-08-30,2023-09-01,968238901c07,PRD-0042,Hermes,3.55,0,
ORD-001593,2023-04-12,2023-04-14,3a4c40b4ab8b,PRD-0006,DHL,7.13,0,
ORD-001594,2023-08-05,2023-08-08,1b95f3d81212,PRD-0002,DPD,5.42,0,
ORD-001595,2023-12-18,2023-12-21,53e714819d6b,PRD-0048,DHL,5.44,0,
ORD-001596,2023-08-29,2023-08-31,7515db680360,PRD-0045,Hermes,6.36,1,Passt nicht
ORD-001597,2023-06-05,2023-06-07,87d8cf076baa,PRD-0035,DHL,3.58,0,
ORD-001598,2023-02-18,2023-02-20,bcea4943f5ed,PRD-0035,DPD,5.66,1,Falscher Artikel
ORD-001599,2023-12-22,2023-12-23,aaa6ae316d32,PRD-0042,DHL,7.09,0,
ORD-001600,2023-08-09,2023-08-10,eeef6eaf3244,PRD-0039,DPD,6.7,1,Gefällt nicht
ORD-001601,2023-11-18,2023-11-21,a345a4ce9ea4,PRD-0003,DHL,3.85,1,Passt nicht
ORD-001602,2023-10-29,2023-10-30,3e16d8c02f6b,PRD-0049,DHL,5.52,0,
ORD-001603,2023-07-31,2023-08-02,ec45b49dae81,PRD-0035,DHL,6.13,0,
ORD-001604,2023-12-24,2023-12-27,91b12e4eb82c,PRD-0020,DHL,4.67,0,
ORD-001605,2023-11-14,2023-11-17,c4a39151ab7a,PRD-0029,DHL,4.75,0,
ORD-001606,2023-01-14,2023-01-17,f6a34b6ae058,PRD-0023,DPD,6.25,0,
ORD-001607,2023-09-10,2023-09-11,0c686f54405d,PRD-0003,DHL,6.92,1,Gefällt nicht
ORD-001608,2023-11-29,2023-12-02,a8023688433d,PRD-0009,DPD,4.94,0,
ORD-001609,2023-05-24,2023-05-26,1be9d2cedf01,PRD-0047,DPD,4.54,1,Beschädigt
ORD-001610,2023-06-06,2023-06-14,c1a8ccf1ada0,PRD-0011,Hermes,7.26,0,
ORD-001611,2023-07-27,2023-07-28,6db3bee68ad0,PRD-0035,DHL,4.58,0,
ORD-001612,2023-02-21,2023-02-22,673d27f582ed,PRD-0045,DPD,5.75,0,
ORD-001613,2023-12-08,2023-12-09,204dcf7a5e26,PRD-0033,DPD,4.11,0,
ORD-001614,2023-01-02,2023-01-03,3440e95f3c5a,PRD-0028,Hermes,4.58,0,
ORD-001615,2023-02-03,2023-02-06,576f367a6dd6,PRD-0008,DPD,4.82,0,
ORD-001616,2023-07-04,2023-07-11,46eff0f99985,PRD-0024,Hermes,3.89,1,Zu spät geliefert
ORD-001617,2023-09-13,2023-09-14,66d83e310e09,PRD-0015,Hermes,5.86,1,Gefällt nicht
ORD-001618,2023-05-22,2023-05-25,20ec997f0456,PRD-0032,DHL,5.79,0,
ORD-001619,2023-04-06,2023-04-13,695df20c0897,PRD-0036,Hermes,7.29,0,
ORD-001620,2023-09-01,2023-09-04,65e0a6c5bce6,PRD-0012,Hermes,5.71,0,
ORD-001621,2023-12-30,2024-01-06,b50e06250f56,PRD-0026,Hermes,6.35,0,
ORD-001622,2023-01-02,2023-01-04,091f24ee1b41,PRD-0009,DHL,4.57,0,
ORD-001623,2023-06-24,2023-06-26,689be503fd22,PRD-0047,DPD,4.5,0,
ORD-001624,2023-08-28,2023-08-30,f6cc1089a080,PRD-0027,DPD,7.44,0,
ORD-001625,2023-06-08,2023-06-10,d4129aa4c1b3,PRD-0030,DPD,5.21,0,
ORD-001626,2023-06-08,2023-06-10,7e456e763650,PRD-0046,DHL,3.85,0,
ORD-001627,2023-02-09,2023-02-10,1f44f5258dc4,PRD-0027,Hermes,7.28,1,Gefällt nicht
ORD-001628,2023-12-30,2023-12-31,660792f4ffff,PRD-0037,DHL,5.72,0,
ORD-001629,2023-07-24,2023-07-27,3e00f34a1b6c,PRD-0001,Hermes,5.42,0,
ORD-001630,2023-06-17,2023-06-20,6449d9ef9de5,PRD-0044,DPD,5.12,0,
ORD-001631,2023-08-11,2023-08-12,5e8451fe3696,PRD-0013,DPD,6.31,0,
ORD-001632,2023-05-10,2023-05-13,f2bd2fe964a2,PRD-0023,DHL,7.18,0,
ORD-001633,2023-07-06,2023-07-09,884802d6725a,PRD-0034,DPD,7.36,1,Zu spät geliefert
ORD-001634,2023-03-01,2023-03-02,9cc2ce1d1e58,PRD-0049,DPD,6.86,1,Gefällt nicht
ORD-001635,2023-10-22,2023-10-24,b56320997ee9,PRD-0023,DHL,4.18,0,
ORD-001636,2023-10-24,2023-11-04,ce14e0367a4a,PRD-0008,Hermes,6.93,0,
ORD-001637,2023-09-11,2023-09-17,4086cd585ed6,PRD-0020,Hermes,5.78,0,
ORD-001638,2023-12-22,2023-12-25,b77ee237a99d,PRD-0020,DPD,3.64,0,
ORD-001639,2023-10-12,2023-10-21,e9ee57ea2321,PRD-0040,Hermes,4.69,1,Zu spät geliefert
ORD-001640,2023-09-07,2023-09-16,8761265dcb91,PRD-0001,Hermes,5.22,1,Zu spät geliefert
ORD-001641,2023-10-27,2023-10-30,e99680c88a42,PRD-0006,DPD,5.14,0,
ORD-001642,2023-04-23,2023-04-24,0d409b8b3b80,PRD-0032,DHL,4.5,0,
ORD-001643,2023-11-26,2023-12-03,9d45a3a0da7a,PRD-0026,Hermes,4.58,0,
ORD-001644,2023-11-25,2023-12-03,1873ed8a8f12,PRD-0043,Hermes,7.03,1,Zu spät geliefert
ORD-001645,2023-01-03,2023-01-04,2f94e3143891,PRD-0013,DHL,4.03,0,
ORD-001646,2023-05-01,2023-05-07,130ce3637d55,PRD-0048,Hermes,7.34,0,
ORD-001647,2023-04-07,2023-04-09,23c746589c26,PRD-0008,Hermes,6.36,0,
ORD-001648,2023-11-05,2023-11-08,295bc6b838da,PRD-0049,Hermes,6.8,0,
ORD-001649,2023-04-30,2023-05-01,fef1b545c51c,PRD-0008,DHL,4.88,0,
ORD-001650,2023-07-10,2023-07-11,8dc07de707aa,PRD-0050,DPD,5.22,1,Gefällt nicht
ORD-001651,2023-04-11,2023-04-13,e87ccbf56f42,PRD-0048,DHL,4.63,0,
ORD-001652,2023-02-16,2023-02-17,685102ce2f35,PRD-0049,Hermes,4.25,0,
ORD-001653,2023-10-04,2023-10-06,9d55669ec3db,PRD-0050,DHL,4.49,0,
ORD-001654,2023-03-05,2023-03-07,70fa5743eedd,PRD-0028,DHL,6.74,0,
ORD-001655,2023-05-04,2023-05-07,8807a57da3fe,PRD-0047,DPD,7.47,0,
ORD-001656,2023-03-29,2023-03-30,b51224cb0170,PRD-0041,DPD,4.03,0,
ORD-001657,2023-01-29,2023-01-30,b45ed2c50b71,PRD-0018,DHL,5.97,0,
ORD-001658,2023-09-13,2023-09-15,3817ec543c32,PRD-0004,Hermes,7.42,0,
ORD-001659,2023-03-17,2023-03-26,b0693dcc41cf,PRD-0022,Hermes,4.72,0,
ORD-001660,2023-07-07,2023-07-09,1f609003020d,PRD-0024,Hermes,7.08,0,
ORD-001661,2023-09-14,2023-09-15,97498ce80361,PRD-0003,DHL,4.79,0,
ORD-001662,2023-08-29,2023-09-06,5ba481d9f495,PRD-0031,Hermes,5.47,1,Zu spät geliefert
ORD-001663,2023-05-03,2023-05-04,29af765e49d1,PRD-0020,DHL,6.23,0,
ORD-001664,2023-11-27,2023-11-29,4d24d8dae4d2,PRD-0009,Hermes,6.62,0,
ORD-001665,2023-06-07,2023-06-08,42f746bc7720,PRD-0039,Hermes,3.85,1,Gefällt nicht
ORD-001666,2023-02-07,2023-02-10,39aca02bf8c0,PRD-0009,DPD,3.66,0,
ORD-001667,2023-01-05,2023-01-06,f62642695f24,PRD-0042,DHL,7.2,0,
ORD-001668,2023-01-21,2023-01-23,05736a0d282c,PRD-0035,DPD,5.4,0,
ORD-001669,2023-07-12,2023-07-15,35d823e07c4d,PRD-0013,DPD,4.01,0,
ORD-001670,2023-07-10,2023-07-12,ab5a82deb9ec,PRD-0036,DPD,6.54,0,
ORD-001671,2023-07-12,2023-07-14,8f9f681c0af4,PRD-0036,Hermes,7.14,0,
ORD-001672,2023-03-18,2023-03-21,23c74196e72c,PRD-0031,Hermes,3.59,0,
ORD-001673,2023-09-07,2023-09-08,9fcffad07fda,PRD-0018,DPD,7.32,0,
ORD-001674,2023-03-07,2023-03-10,58e74b1567d2,PRD-0045,DHL,5.48,0,
ORD-001675,2023-01-29,2023-01-30,034194b44a36,PRD-0033,DHL,5.54,0,
ORD-001676,2023-07-12,2023-07-14,3deb8e72056c,PRD-0050,Hermes,4.14,1,Passt nicht
ORD-001677,2023-05-16,2023-05-17,6cd541597068,PRD-0038,DPD,6.66,0,
ORD-001678,2023-01-25,2023-01-28,819426776d5c,PRD-0033,DPD,4.71,0,
ORD-001679,2023-03-29,2023-03-31,ec8528237f6f,PRD-0019,DPD,4.18,0,
ORD-001680,2023-06-12,2023-06-14,2576f8c3e902,PRD-0035,DHL,7.27,1,Gefällt nicht
ORD-001681,2023-02-03,2023-02-04,e4b1c9add3b5,PRD-0009,Hermes,6.79,0,
ORD-001682,2023-10-22,2023-10-25,625a58a0970a,PRD-0008,DHL,5.92,0,
ORD-001683,2023-08-12,2023-08-15,8d7552eb62a6,PRD-0021,DHL,4.56,0,
ORD-001684,2023-10-23,2023-10-25,6b2a01940a1d,PRD-0027,DPD,3.73,0,
ORD-001685,2023-09-15,2023-09-16,fb86fc199742,PRD-0001,Hermes,7.39,1,Gefällt nicht
ORD-001686,2023-03-11,2023-03-12,ef585dfe39ff,PRD-0043,DPD,6.25,0,
ORD-001687,2023-01-18,2023-01-21,07b92aac87b8,PRD-0042,Hermes,6.77,0,
ORD-001688,2023-02-26,2023-02-27,ec8528237f6f,PRD-0021,Hermes,6.51,0,
ORD-001689,2023-09-27,2023-09-30,0d662469e248,PRD-0029,DHL,4.97,0,
ORD-001690,2023-05-10,2023-05-12,b2d49550cf02,PRD-0031,DHL,6.76,1,Passt nicht
ORD-001691,2023-11-20,2023-11-22,f424a6d31f39,PRD-0013,DPD,4.22,0,
ORD-001692,2023-08-30,2023-08-31,695df20c0897,PRD-0002,Hermes,6.25,0,
ORD-001693,2023-10-17,2023-10-18,32a0146486a6,PRD-0005,DHL,5.32,0,
ORD-001694,2023-11-21,2023-11-24,7515db680360,PRD-0026,DHL,6.41,0,
ORD-001695,2023-08-15,2023-08-16,bad59cbc1a8e,PRD-0001,DPD,3.58,0,
ORD-001696,2023-08-21,2023-08-22,ee2a9f424f39,PRD-0001,DPD,4.57,1,Passt nicht
ORD-001697,2023-10-08,2023-10-09,a6006729eb0e,PRD-0041,DPD,3.54,0,
ORD-001698,2023-01-28,2023-01-31,5128bef0e4a9,PRD-0007,DPD,6.91,0,
ORD-001699,2023-08-18,2023-08-20,e4dfa3382446,PRD-0013,DHL,7.07,0,
ORD-001700,2023-03-19,2023-03-21,fb86fc199742,PRD-0011,Hermes,6.01,1,Gefällt nicht
ORD-001701,2023-07-20,2023-07-21,af26dae9e150,PRD-0002,DHL,3.91,0,
ORD-001702,2023-07-08,2023-07-09,1636252b729a,PRD-0027,DHL,3.6,0,
ORD-001703,2023-03-17,2023-03-19,44b24c4b5ccd,PRD-0025,DHL,4.4,0,
ORD-001704,2023-03-23,2023-03-26,688d8e5662ef,PRD-0044,Hermes,3.95,0,
ORD-001705,2023-06-28,2023-06-29,95759a5d8a2b,PRD-0008,DHL,4.63,0,
ORD-001706,2023-01-16,2023-01-21,0465ce22ecb4,PRD-0040,Hermes,5.92,0,
ORD-001707,2023-03-15,2023-03-17,bf3ace308616,PRD-0028,DPD,6.22,0,
ORD-001708,2023-04-26,2023-04-28,e813fca4c6e1,PRD-0043,DPD,4.65,0,
ORD-001709,2023-10-12,2023-10-14,a3d1bc8c2ba2,PRD-0007,Hermes,6.74,0,
ORD-001710,2023-03-13,2023-03-14,c4994b8ec859,PRD-0005,DHL,4.09,0,
ORD-001711,2023-11-11,2023-11-14,e7e66c1e9fe0,PRD-0025,Hermes,6.76,0,
ORD-001712,2023-04-25,2023-05-02,1a3edd26db8f,PRD-0037,Hermes,4.23,1,Passt nicht
ORD-001713,2023-11-27,2023-11-29,a09934c5e7c7,PRD-0023,Hermes,5.16,0,
ORD-001714,2023-05-01,2023-05-02,cd0279635bf1,PRD-0041,Hermes,4.48,0,
ORD-001715,2023-04-17,2023-04-20,ab5a82deb9ec,PRD-0036,Hermes,6.79,0,
ORD-001716,2023-11-25,2023-11-28,571f0605d00e,PRD-0006,DPD,5.81,0,
ORD-001717,2023-06-24,2023-06-27,53e714819d6b,PRD-0048,DHL,3.51,1,Beschädigt
ORD-001718,2023-04-22,2023-04-25,e9c2bd64e52f,PRD-0002,Hermes,3.94,0,
ORD-001719,2023-08-02,2023-08-08,078cf7c2e76f,PRD-0023,Hermes,5.71,0,
ORD-001720,2023-08-25,2023-08-26,1885ebd4660c,PRD-0027,DHL,3.72,0,
ORD-001721,2023-01-01,2023-01-04,918b7cfb57b8,PRD-0008,DPD,6.43,0,
ORD-001722,2023-10-30,2023-10-31,a86478876429,PRD-0028,Hermes,3.8,0,
ORD-001723,2023-04-16,2023-04-17,749e9ba6c73c,PRD-0039,DHL,3.82,1,Passt nicht
ORD-001724,2023-07-11,2023-07-13,0465ce22ecb4,PRD-0001,DPD,5.38,1,Passt nicht
ORD-001725,2023-06-17,2023-06-20,d83e23745063,PRD-0048,DPD,5.38,0,
ORD-001726,2023-01-10,2023-01-13,d0fbc5dd9ca1,PRD-0022,Hermes,3.74,1,Passt nicht
ORD-001727,2023-06-22,2023-06-23,3a4982af4066,PRD-0003,DPD,3.54,0,
ORD-001728,2023-10-19,2023-10-21,c686141e554c,PRD-0028,DPD,6.82,0,
ORD-001729,2023-07-27,2023-07-29,83917dff0d2a,PRD-0037,DPD,5.19,0,
ORD-001730,2023-06-11,2023-06-14,4704c19af128,PRD-0018,DHL,7.3,0,
ORD-001731,2023-12-03,2023-12-13,4d2adee0b81e,PRD-0014,Hermes,6.48,1,Zu spät geliefert
ORD-001732,2023-02-19,2023-02-22,28e03e79c223,PRD-0039,DHL,4.75,0,
ORD-001733,2023-10-28,2023-11-04,3a4982af4066,PRD-0026,Hermes,4.28,0,
ORD-001734,2023-03-29,2023-03-31,5f53888bfcb6,PRD-0007,DHL,6.89,0,
ORD-001735,2023-05-03,2023-05-04,15b0192f7a89,PRD-0016,Hermes,3.54,1,Falscher Artikel
ORD-001736,2023-01-26,2023-01-29,094eac2625f3,PRD-0020,DHL,7.22,0,
ORD-001737,2023-12-25,2023-12-28,1aa279e94dde,PRD-0018,DHL,5.75,0,
ORD-001738,2023-12-10,2023-12-11,edd213b55d91,PRD-0031,DHL,3.53,1,Gefällt nicht
ORD-001739,2023-01-02,2023-01-04,b30dde1c0c5a,PRD-0049,Hermes,6.4,1,Gefällt nicht
ORD-001740,2023-09-26,2023-09-29,ff5ac746bfa2,PRD-0009,DPD,7.09,1,Zu spät geliefert
ORD-001741,2023-11-22,2023-11-23,0edb747c7064,PRD-0007,DPD,5.41,1,Gefällt nicht
ORD-001742,2023-07-02,2023-07-10,873288b0f8fb,PRD-0003,Hermes,6.0,1,Zu spät geliefert
ORD-001743,2023-06-10,2023-06-11,e263a7a78454,PRD-0046,DHL,6.12,0,
ORD-001744,2023-05-05,2023-05-08,8c62b2defcd9,PRD-0046,DHL,6.41,0,
ORD-001745,2023-01-30,2023-02-01,fbfe8cce73de,PRD-0034,Hermes,4.94,0,
ORD-001746,2023-10-29,2023-11-01,4cea042f7aed,PRD-0028,DHL,5.05,0,
ORD-001747,2023-10-22,2023-10-23,7bac92bd3853,PRD-0040,DPD,5.77,0,
ORD-001748,2023-08-25,2023-08-26,d203bb5d702c,PRD-0007,DHL,4.74,0,
ORD-001749,2023-01-28,2023-01-29,55b8948f723e,PRD-0006,Hermes,4.68,0,
ORD-001750,2023-11-02,2023-11-04,23c74196e72c,PRD-0018,DPD,3.78,0,
ORD-001751,2023-07-03,2023-07-05,eff7c49b7f80,PRD-0050,Hermes,6.55,0,
ORD-001752,2023-09-02,2023-09-03,4156cfc49b85,PRD-0042,DHL,5.45,0,
ORD-001753,2023-01-14,2023-01-16,ec45b49dae81,PRD-0019,Hermes,4.02,0,
ORD-001754,2023-12-23,2023-12-25,f366585846eb,PRD-0033,DPD,6.23,0,
ORD-001755,2023-09-25,2023-10-02,6bdb39cf3875,PRD-0029,Hermes,4.48,0,
ORD-001756,2023-08-05,2023-08-06,70fa5743eedd,PRD-0036,DHL,4.66,0,
ORD-001757,2023-11-28,2023-12-06,db861bab1e40,PRD-0037,Hermes,4.9,0,
ORD-001758,2023-10-31,2023-11-02,09ce957146a0,PRD-0042,DPD,6.43,1,Passt nicht
ORD-001759,2023-05-19,2023-05-20,880786415f0c,PRD-0026,Hermes,7.49,1,Beschädigt
ORD-001760,2023-02-04,2023-02-07,9b0b439a8f79,PRD-0014,DPD,4.61,0,
ORD-001761,2023-07-07,2023-07-09,b45ed2c50b71,PRD-0035,DHL,4.35,0,
ORD-001762,2023-09-27,2023-09-29,89592b8f6d10,PRD-0003,DPD,6.66,1,Gefällt nicht
ORD-001763,2023-04-03,2023-04-04,40ab188bca4c,PRD-0014,DHL,7.31,0,
ORD-001764,2023-09-13,2023-09-15,873ac5b3a73f,PRD-0028,Hermes,4.6,1,Passt nicht
ORD-001765,2023-03-06,2023-03-08,10d283c4b3f1,PRD-0020,DPD,5.6,0,
ORD-001766,2023-12-02,2023-12-03,0907e2f4a507,PRD-0017,DHL,4.87,1,Zu spät geliefert
ORD-001767,2023-07-29,2023-07-30,2bf6c29e438f,PRD-0020,DHL,5.18,0,
ORD-001768,2023-08-19,2023-08-20,82596d07353f,PRD-0035,DPD,5.25,0,
ORD-001769,2023-05-15,2023-05-17,2bec6db3684b,PRD-0045,DPD,5.74,0,
ORD-001770,2023-01-31,2023-02-01,3dccc84ce1e3,PRD-0039,DHL,5.81,0,
ORD-001771,2023-04-15,2023-04-18,daa2c4289cbf,PRD-0021,DPD,6.45,0,
ORD-001772,2023-05-17,2023-05-19,c24d64f49c94,PRD-0001,DHL,5.5,0,
ORD-001773,2023-05-29,2023-05-31,c24d64f49c94,PRD-0008,DPD,6.39,0,
ORD-001774,2023-03-16,2023-03-18,9582264a8797,PRD-0009,DPD,5.81,0,
ORD-001775,2023-04-10,2023-04-11,99724234e6f0,PRD-0014,DPD,5.68,0,
ORD-001776,2023-01-15,2023-01-21,54ff55540509,PRD-0039,Hermes,5.81,0,
ORD-001777,2023-08-23,2023-08-30,e27e61b004ff,PRD-0024,Hermes,6.97,0,
ORD-001778,2023-11-13,2023-11-15,61e80c53c02e,PRD-0032,DPD,4.91,0,
ORD-001779,2023-01-29,2023-02-01,94bcba74315e,PRD-0035,Hermes,7.21,0,
ORD-001780,2023-08-05,2023-08-06,72ba3369b331,PRD-0028,Hermes,5.24,0,
ORD-001781,2023-11-05,2023-11-08,50280c41c734,PRD-0043,DPD,4.63,0,
ORD-001782,2023-05-18,2023-05-19,8cf348161471,PRD-0007,DHL,5.97,1,Passt nicht
ORD-001783,2023-07-17,2023-07-20,a53456968de8,PRD-0007,Hermes,3.9,0,
ORD-001784,2023-01-01,2023-01-02,051af2f8dccc,PRD-0033,DPD,6.91,0,
ORD-001785,2023-05-14,2023-05-22,635719a9bacb,PRD-0015,Hermes,7.3,0,
ORD-001786,2023-05-15,2023-05-18,419537955820,PRD-0030,Hermes,3.53,0,
ORD-001787,2023-07-31,2023-08-02,a788d39efb30,PRD-0015,DPD,4.73,1,Gefällt nicht
ORD-001788,2023-10-16,2023-10-17,7205110569a0,PRD-0027,DPD,3.63,1,Zu spät geliefert
ORD-001789,2023-01-31,2023-02-03,b61fe1d1a782,PRD-0010,Hermes,4.84,0,
ORD-001790,2023-10-11,2023-10-12,19a338cccf37,PRD-0037,Hermes,5.97,0,
ORD-001791,2023-10-14,2023-10-16,8a8feb40235e,PRD-0004,DPD,7.41,1,Gefällt nicht
ORD-001792,2023-11-10,2023-11-18,919cb12d101f,PRD-0026,Hermes,6.7,1,Zu spät geliefert
ORD-001793,2023-02-07,2023-02-10,6cad594cb7a1,PRD-0008,DPD,6.87,0,
ORD-001794,2023-05-05,2023-05-06,e181ef26b77f,PRD-0017,DPD,4.32,0,
ORD-001795,2023-12-14,2023-12-15,93746af9a172,PRD-0002,Hermes,3.61,0,
ORD-001796,2023-11-21,2023-11-24,4d0b23799439,PRD-0035,DHL,6.47,0,
ORD-001797,2023-06-25,2023-06-28,309e98408862,PRD-0030,DPD,4.25,0,
ORD-001798,2023-04-12,2023-04-13,d1c30d00d274,PRD-0015,Hermes,6.58,1,Gefällt nicht
ORD-001799,2023-04-16,2023-04-17,07a15cd7310f,PRD-0004,Hermes,6.05,0,
ORD-001800,2023-10-06,2023-10-08,b21c28b39f88,PRD-0007,DHL,3.99,0,
ORD-001801,2023-11-07,2023-11-15,83aebe395a90,PRD-0019,Hermes,7.15,0,
ORD-001802,2023-08-29,2023-08-31,04c68ecc66da,PRD-0026,DHL,5.15,0,
ORD-001803,2023-06-02,2023-06-03,1342a927b8b4,PRD-0041,DHL,5.0,0,
ORD-001804,2023-09-17,2023-09-22,3903bc4ea31b,PRD-0041,Hermes,6.14,0,
ORD-001805,2023-05-23,2023-05-24,e05e68fad718,PRD-0039,DHL,7.47,0,
ORD-001806,2023-04-07,2023-04-10,2cb552c3de87,PRD-0040,DPD,7.21,1,Gefällt nicht
ORD-001807,2023-08-22,2023-08-25,27af6e4e317b,PRD-0039,DHL,4.37,1,Passt nicht
ORD-001808,2023-09-16,2023-09-17,17fb39050eb0,PRD-0008,DHL,4.38,0,
ORD-001809,2023-02-15,2023-02-17,0b3c813eeb53,PRD-0045,DHL,4.3,0,
ORD-001810,2023-12-25,2023-12-28,a9617bd36564,PRD-0023,DPD,5.37,0,
ORD-001811,2023-06-04,2023-06-07,9f8bb10d51b5,PRD-0032,Hermes,4.5,0,
ORD-001812,2023-01-19,2023-01-21,e99680c88a42,PRD-0044,DPD,3.91,0,
ORD-001813,2023-09-09,2023-09-11,cd0279635bf1,PRD-0050,DPD,7.32,1,Passt nicht
ORD-001814,2023-07-11,2023-07-13,5dd4c4cf4b04,PRD-0028,Hermes,4.77,0,
ORD-001815,2023-11-15,2023-11-23,6adad2b3a3cf,PRD-0039,Hermes,6.03,1,Zu spät geliefert
ORD-001816,2023-07-03,2023-07-04,6e9e7a01eb11,PRD-0029,DHL,4.51,0,
ORD-001817,2023-01-02,2023-01-05,c1e7e0988611,PRD-0019,DPD,5.62,0,
ORD-001818,2023-01-20,2023-01-21,4f4020b1fffb,PRD-0002,DHL,5.22,0,
ORD-001819,2023-04-21,2023-04-22,52c6914ee471,PRD-0023,DHL,4.99,0,
ORD-001820,2023-01-05,2023-01-10,daa2c4289cbf,PRD-0050,Hermes,4.36,0,
ORD-001821,2023-08-17,2023-08-20,89592b8f6d10,PRD-0021,DHL,5.91,1,Beschädigt
ORD-001822,2023-04-06,2023-04-09,e439487339f5,PRD-0014,DHL,5.8,1,Passt nicht
ORD-001823,2023-12-13,2023-12-15,0b2cf2585cf2,PRD-0027,DPD,4.78,0,
ORD-001824,2023-11-18,2023-11-26,c4b7b6daa6a5,PRD-0004,Hermes,4.0,1,Zu spät geliefert
ORD-001825,2023-11-08,2023-11-19,a97026418d78,PRD-0039,Hermes,3.57,1,Zu spät geliefert
ORD-001826,2023-01-05,2023-01-07,0a872da2b2c2,PRD-0037,DHL,3.65,1,Gefällt nicht
ORD-001827,2023-10-06,2023-10-08,c4a39151ab7a,PRD-0034,DHL,3.78,0,
ORD-001828,2023-05-01,2023-05-03,469278a0c2d3,PRD-0027,DPD,6.51,0,
ORD-001829,2023-05-04,2023-05-06,72a8fc4b3f4b,PRD-0006,DPD,3.69,0,
ORD-001830,2023-12-13,2023-12-15,9d5f179198bf,PRD-0045,Hermes,3.99,0,
ORD-001831,2023-05-02,2023-05-03,4f648875299c,PRD-0040,DHL,4.05,1,Passt nicht
ORD-001832,2023-02-15,2023-02-17,d145218f85d8,PRD-0045,DPD,3.85,0,
ORD-001833,2023-07-29,2023-07-30,0963f40945fa,PRD-0024,DPD,6.97,0,
ORD-001834,2023-04-18,2023-04-19,5d6484f28822,PRD-0003,DHL,3.8,0,
ORD-001835,2023-01-08,2023-01-10,d746c1ddc650,PRD-0045,DPD,4.18,0,
ORD-001836,2023-10-23,2023-10-29,918b7cfb57b8,PRD-0038,Hermes,7.05,0,
ORD-001837,2023-04-07,2023-04-09,6a18980f851a,PRD-0027,DPD,5.59,0,
ORD-001838,2023-08-23,2023-08-26,1aa279e94dde,PRD-0037,Hermes,4.4,1,Gefällt nicht
ORD-001839,2023-12-25,2024-01-05,d1955254241e,PRD-0050,Hermes,4.47,0,
ORD-001840,2023-11-03,2023-11-06,d603cad7b19e,PRD-0048,DHL,3.74,1,Zu spät geliefert
ORD-001841,2023-10-04,2023-10-06,8dc07de707aa,PRD-0043,DHL,4.25,0,
ORD-001842,2023-08-01,2023-08-04,afb8f64e78d8,PRD-0022,DHL,5.56,0,
ORD-001843,2023-02-28,2023-03-03,21aede179a18,PRD-0049,Hermes,7.16,1,Passt nicht
ORD-001844,2023-03-11,2023-03-13,be09470a4786,PRD-0024,Hermes,6.62,0,
ORD-001845,2023-02-01,2023-02-09,32a0146486a6,PRD-0005,Hermes,5.81,0,
ORD-001846,2023-11-09,2023-11-10,9124aad31df2,PRD-0010,Hermes,7.08,0,
ORD-001847,2023-07-29,2023-07-31,b9ad68fbc78c,PRD-0018,DHL,5.31,0,
ORD-001848,2023-01-10,2023-01-11,c4c7cda08897,PRD-0008,DPD,4.35,0,
ORD-001849,2023-09-22,2023-10-02,f60a0483a6ab,PRD-0033,Hermes,3.89,1,Zu spät geliefert
ORD-001850,2023-03-23,2023-03-25,22583b4a1b25,PRD-0025,DPD,4.26,0,
ORD-001851,2023-08-17,2023-08-20,f424a6d31f39,PRD-0039,Hermes,3.94,0,
ORD-001852,2023-05-29,2023-05-30,f878dd62e343,PRD-0042,DHL,7.08,1,Passt nicht
ORD-001853,2023-06-02,2023-06-03,59c230b0a5fb,PRD-0018,DHL,4.6,0,
ORD-001854,2023-10-26,2023-10-29,b50e06250f56,PRD-0040,DPD,5.07,0,
ORD-001855,2023-03-04,2023-03-06,ec8528237f6f,PRD-0047,DPD,4.18,0,
ORD-001856,2023-10-25,2023-10-27,0b4881f54699,PRD-0023,DPD,4.65,0,
ORD-001857,2023-10-14,2023-10-17,c3c2603b2d70,PRD-0007,DHL,5.99,0,
ORD-001858,2023-10-12,2023-10-13,84ba34358ea2,PRD-0020,DPD,6.23,0,
ORD-001859,2023-01-16,2023-01-22,54ff55540509,PRD-0012,Hermes,5.21,0,
ORD-001860,2023-04-03,2023-04-08,ad0a5f423792,PRD-0012,Hermes,7.38,0,
ORD-001861,2023-07-19,2023-07-20,229ff9dd7ffe,PRD-0001,Hermes,5.77,1,Passt nicht
ORD-001862,2023-05-25,2023-05-28,4086cd585ed6,PRD-0015,DPD,6.6,1,Passt nicht
ORD-001863,2023-12-22,2023-12-24,1086241e2fd7,PRD-0020,DPD,6.44,0,
ORD-001864,2023-11-15,2023-11-17,f50a415590f0,PRD-0017,DPD,5.34,0,
ORD-001865,2023-07-31,2023-08-11,429cbfd31cd7,PRD-0023,Hermes,6.93,0,
ORD-001866,2023-08-04,2023-08-13,b2d49550cf02,PRD-0039,Hermes,3.58,0,
ORD-001867,2023-06-05,2023-06-06,fd7902f1976a,PRD-0015,DPD,3.62,0,
ORD-001868,2023-09-23,2023-09-25,6d21c5ea8f42,PRD-0048,DPD,6.48,0,
ORD-001869,2023-04-19,2023-04-20,f047058cc75d,PRD-0025,DPD,7.01,0,
ORD-001870,2023-09-02,2023-09-11,5cd8ccb79288,PRD-0035,Hermes,5.06,0,
ORD-001871,2023-09-27,2023-10-06,6c64f068b9cd,PRD-0018,Hermes,6.84,0,
ORD-001872,2023-10-16,2023-10-19,a345a4ce9ea4,PRD-0028,Hermes,4.65,0,
ORD-001873,2023-01-09,2023-01-17,66d83e310e09,PRD-0001,Hermes,4.66,1,Zu spät geliefert
ORD-001874,2023-09-14,2023-09-16,7c129bcbaf79,PRD-0043,DHL,3.76,0,
ORD-001875,2023-06-22,2023-07-01,1a362e3b8d84,PRD-0001,Hermes,5.45,1,Zu spät geliefert
ORD-001876,2023-07-27,2023-07-30,dad91dcce010,PRD-0028,Hermes,4.9,1,Gefällt nicht
ORD-001877,2023-07-29,2023-08-01,07f7801b3ed6,PRD-0033,DPD,6.35,1,Passt nicht
ORD-001878,2023-01-05,2023-01-07,6db3bee68ad0,PRD-0047,DHL,3.82,0,
ORD-001879,2023-02-28,2023-03-09,be09470a4786,PRD-0003,Hermes,7.37,1,Zu spät geliefert
ORD-001880,2023-06-02,2023-06-13,7320f3ffb41e,PRD-0017,Hermes,7.0,0,
ORD-001881,2023-05-05,2023-05-08,3f102afad00d,PRD-0038,DHL,4.5,0,
ORD-001882,2023-03-03,2023-03-05,180277d9bac3,PRD-0036,DHL,4.69,0,
ORD-001883,2023-08-25,2023-09-04,1b84fe910c90,PRD-0041,Hermes,5.61,1,Zu spät geliefert
ORD-001884,2023-09-29,2023-10-02,53e714819d6b,PRD-0021,DPD,5.37,0,
ORD-001885,2023-05-12,2023-05-14,44b24c4b5ccd,PRD-0030,Hermes,3.61,0,
ORD-001886,2023-02-05,2023-02-06,bb3934db10be,PRD-0027,DHL,4.71,0,
ORD-001887,2023-12-17,2023-12-19,b0ba10a7453d,PRD-0038,DPD,5.67,0,
ORD-001888,2023-05-29,2023-05-31,c0186f5bc743,PRD-0019,DHL,5.35,1,Passt nicht
ORD-001889,2023-04-20,2023-04-27,17e80f1d2699,PRD-0034,Hermes,6.1,0,
ORD-001890,2023-09-26,2023-09-28,2fdbd1a9022b,PRD-0039,DHL,6.26,0,
ORD-001891,2023-06-19,2023-06-22,968238901c07,PRD-0004,DHL,5.54,0,
ORD-001892,2023-10-03,2023-10-04,2bd03759e5df,PRD-0004,DPD,5.75,0,
ORD-001893,2023-08-22,2023-08-23,afeee7d6a9ec,PRD-0032,DHL,6.06,0,
ORD-001894,2023-03-22,2023-03-24,3f849035109e,PRD-0020,DPD,7.25,0,
ORD-001895,2023-12-03,2023-12-06,e5c38c7b8b62,PRD-0032,DPD,3.77,0,
ORD-001896,2023-03-21,2023-03-24,879bd1edee94,PRD-0039,DHL,3.91,1,Passt nicht
ORD-001897,2023-10-08,2023-10-14,690e733c2dab,PRD-0033,Hermes,7.43,1,Gefällt nicht
ORD-001898,2023-04-02,2023-04-04,562195e19ef5,PRD-0016,DPD,6.23,0,
ORD-001899,2023-05-14,2023-05-15,e5cfa1b88670,PRD-0043,DPD,6.04,0,
ORD-001900,2023-10-07,2023-10-10,7aa777e66795,PRD-0010,DPD,5.55,0,
ORD-001901,2023-06-12,2023-06-14,61e80c53c02e,PRD-0035,DHL,4.66,0,
ORD-001902,2023-02-21,2023-02-23,1086241e2fd7,PRD-0038,Hermes,6.29,0,
ORD-001903,2023-03-19,2023-03-27,8761265dcb91,PRD-0030,Hermes,5.76,0,
ORD-001904,2023-01-22,2023-01-23,5b122d52814b,PRD-0038,Hermes,5.98,0,
ORD-001905,2023-12-29,2023-12-31,024a96c9fa45,PRD-0023,DHL,5.33,0,
ORD-001906,2023-03-15,2023-03-18,c81259f34a41,PRD-0011,Hermes,4.9,0,
ORD-001907,2023-08-23,2023-08-31,09ced3b306bc,PRD-0034,Hermes,6.38,0,
ORD-001908,2023-07-01,2023-07-02,f02966fbdc92,PRD-0030,DPD,6.55,0,
ORD-001909,2023-04-27,2023-04-30,38424fe833d6,PRD-0026,DHL,7.35,0,
ORD-001910,2023-04-13,2023-04-16,1b3ba607254b,PRD-0043,DHL,5.53,0,
ORD-001911,2023-11-27,2023-11-28,d451b4fe0223,PRD-0034,Hermes,5.82,0,
ORD-001912,2023-01-09,2023-01-15,fc756d4ad507,PRD-0040,Hermes,6.16,1,Zu spät geliefert
ORD-001913,2023-07-15,2023-07-17,25afb81b53f9,PRD-0044,Hermes,6.73,0,
ORD-001914,2023-12-19,2023-12-20,dde3f5369231,PRD-0016,DHL,5.04,0,
ORD-001915,2023-07-16,2023-07-17,e60bbfb74318,PRD-0027,DHL,3.96,0,
ORD-001916,2023-12-16,2023-12-18,8cb2516ad183,PRD-0048,DHL,5.93,0,
ORD-001917,2023-01-21,2023-01-23,46abfdacd226,PRD-0002,DHL,5.01,1,Zu spät geliefert
ORD-001918,2023-10-23,2023-10-24,7258cc2bbd49,PRD-0037,DPD,5.25,1,Gefällt nicht
ORD-001919,2023-10-26,2023-10-29,5ba481d9f495,PRD-0015,DHL,3.84,1,Passt nicht
ORD-001920,2023-11-23,2023-11-24,4778890e21f0,PRD-0041,DPD,6.74,0,
ORD-001921,2023-06-17,2023-06-19,f4ec8620a252,PRD-0001,Hermes,4.86,0,
ORD-001922,2023-07-09,2023-07-12,d052d3dc4806,PRD-0047,DPD,4.26,0,
ORD-001923,2023-01-17,2023-01-28,04c68ecc66da,PRD-0037,Hermes,6.91,0,
ORD-001924,2023-07-16,2023-07-18,5caef4462f84,PRD-0005,Hermes,5.78,0,
ORD-001925,2023-10-07,2023-10-13,decdd395c69b,PRD-0034,Hermes,5.66,1,Zu spät geliefert
ORD-001926,2023-08-24,2023-09-01,210b5734e487,PRD-0015,Hermes,6.99,1,Zu spät geliefert
ORD-001927,2023-08-05,2023-08-08,f62642695f24,PRD-0019,DHL,6.91,0,
ORD-001928,2023-07-07,2023-07-09,a2358e00a911,PRD-0040,DPD,3.73,0,
ORD-001929,2023-01-17,2023-01-19,0e115f6fca4f,PRD-0008,DPD,7.44,0,
ORD-001930,2023-08-20,2023-08-22,d1c30d00d274,PRD-0002,DHL,4.3,0,
ORD-001931,2023-03-07,2023-03-08,446545a9feff,PRD-0049,DHL,7.2,1,Gefällt nicht
ORD-001932,2023-01-16,2023-01-18,49b1338338e7,PRD-0004,DHL,4.88,1,Passt nicht
ORD-001933,2023-09-21,2023-09-24,15aca2854624,PRD-0027,DPD,3.82,0,
ORD-001934,2023-10-05,2023-10-07,217fb6888b3e,PRD-0031,DHL,3.92,0,
ORD-001935,2023-02-15,2023-02-18,cd2b612e83a2,PRD-0033,DHL,5.41,0,
ORD-001936,2023-08-21,2023-08-22,0ecc199bf319,PRD-0015,DHL,5.64,1,Passt nicht
ORD-001937,2023-09-29,2023-10-02,fb46fedca7cb,PRD-0025,DPD,5.71,0,
ORD-001938,2023-08-27,2023-09-06,1cc70d32846d,PRD-0025,Hermes,3.96,0,
ORD-001939,2023-02-05,2023-02-14,68b31dfb1b61,PRD-0040,Hermes,4.45,0,
ORD-001940,2023-07-30,2023-07-31,a9617bd36564,PRD-0038,DHL,6.51,0,
ORD-001941,2023-11-22,2023-11-23,bad59cbc1a8e,PRD-0035,DPD,3.56,0,
ORD-001942,2023-10-08,2023-10-09,3435d4a9da90,PRD-0016,DHL,4.22,1,Zu spät geliefert
ORD-001943,2023-11-16,2023-11-19,055ae687dcb3,PRD-0021,Hermes,4.67,0,
ORD-001944,2023-09-27,2023-10-04,1b3ba607254b,PRD-0026,Hermes,4.32,1,Falscher Artikel
ORD-001945,2023-09-02,2023-09-03,6e6fed191789,PRD-0048,Hermes,4.97,0,
ORD-001946,2023-12-10,2023-12-11,217fb6888b3e,PRD-0019,DPD,4.57,0,
ORD-001947,2023-04-20,2023-04-21,0e115f6fca4f,PRD-0035,DPD,6.32,1,Zu spät geliefert
ORD-001948,2023-12-03,2023-12-09,95d6261eb033,PRD-0032,Hermes,5.58,0,
ORD-001949,2023-03-28,2023-03-29,1f44f5258dc4,PRD-0048,DPD,6.4,0,
ORD-001950,2023-01-31,2023-02-01,3440e95f3c5a,PRD-0010,DHL,6.1,0,
ORD-001951,2023-02-05,2023-02-07,ab6da4d8621c,PRD-0008,DHL,4.58,0,
ORD-001952,2023-03-19,2023-03-28,15fc50238f91,PRD-0025,Hermes,3.58,0,
ORD-001953,2023-09-22,2023-09-30,45a20b0f920a,PRD-0025,Hermes,5.22,1,Zu spät geliefert
ORD-001954,2023-11-29,2023-11-30,1cc70d32846d,PRD-0043,Hermes,7.14,1,Passt nicht
ORD-001955,2023-12-20,2023-12-27,d7502d19f435,PRD-0022,Hermes,6.96,1,Gefällt nicht
ORD-001956,2023-02-26,2023-02-27,a843c897601f,PRD-0047,DPD,5.71,0,
ORD-001957,2023-11-11,2023-11-13,e263a7a78454,PRD-0047,DPD,7.25,0,
ORD-001958,2023-06-01,2023-06-04,e9ee57ea2321,PRD-0028,DPD,5.58,0,
ORD-001959,2023-05-28,2023-05-31,cbfba0028956,PRD-0025,Hermes,7.13,0,
ORD-001960,2023-02-08,2023-02-09,9d55669ec3db,PRD-0044,Hermes,4.68,0,
ORD-001961,2023-02-07,2023-02-10,01e26e099605,PRD-0026,DHL,4.57,0,
ORD-001962,2023-05-11,2023-05-12,41179d641cf8,PRD-0042,DPD,6.84,1,Gefällt nicht
ORD-001963,2023-07-28,2023-08-03,8cb2516ad183,PRD-0012,Hermes,7.36,0,
ORD-001964,2023-04-18,2023-04-19,9bf8bb92f6f0,PRD-0041,DPD,5.82,0,
ORD-001965,2023-08-03,2023-08-06,fa66a4abdf6e,PRD-0018,DPD,3.76,0,
ORD-001966,2023-05-12,2023-05-14,017f7d9aa46c,PRD-0017,Hermes,6.02,0,
ORD-001967,2023-08-06,2023-08-07,e60dc7c1c7ac,PRD-0040,DPD,4.24,1,Passt nicht
ORD-001968,2023-01-19,2023-01-21,6bdb39cf3875,PRD-0029,DPD,3.74,1,Passt nicht
ORD-001969,2023-05-14,2023-05-15,9d62b602ed33,PRD-0017,Hermes,4.91,0,
ORD-001970,2023-03-05,2023-03-06,27a4a8527b3f,PRD-0003,DPD,5.53,1,Passt nicht
ORD-001971,2023-11-07,2023-11-08,1a3edd26db8f,PRD-0033,DHL,6.82,1,Gefällt nicht
ORD-001972,2023-06-05,2023-06-08,817685a6fc07,PRD-0027,DHL,4.63,0,
ORD-001973,2023-04-04,2023-04-06,690e733c2dab,PRD-0021,DPD,5.13,0,
ORD-001974,2023-03-14,2023-03-16,fbfe8cce73de,PRD-0024,Hermes,3.68,0,
ORD-001975,2023-09-13,2023-09-14,7e7d85dcb9cf,PRD-0010,DPD,6.73,1,Gefällt nicht
ORD-001976,2023-02-16,2023-02-19,d33a78d74e4f,PRD-0046,DPD,6.35,0,
ORD-001977,2023-02-13,2023-02-21,871f8b4139ea,PRD-0014,Hermes,7.49,1,Zu spät geliefert
ORD-001978,2023-08-19,2023-08-22,bc7ee4f48339,PRD-0005,DHL,5.8,0,
ORD-001979,2023-09-12,2023-09-15,749ff7edced9,PRD-0047,Hermes,5.61,0,
ORD-001980,2023-06-06,2023-06-09,389e0f551325,PRD-0039,Hermes,4.58,0,
ORD-001981,2023-01-13,2023-01-20,c57e8356015d,PRD-0037,Hermes,4.76,1,Zu spät geliefert
ORD-001982,2023-04-25,2023-04-26,18c4413200a1,PRD-0008,DPD,7.33,0,
ORD-001983,2023-06-26,2023-06-28,c1e7e0988611,PRD-0024,DHL,3.81,0,
ORD-001984,2023-11-07,2023-11-17,0bb12f59fd75,PRD-0042,Hermes,6.81,1,Zu spät geliefert
ORD-001985,2023-09-23,2023-09-25,434ffda97134,PRD-0035,DHL,6.16,0,
ORD-001986,2023-09-19,2023-09-25,1b3ba607254b,PRD-0017,Hermes,5.52,0,
ORD-001987,2023-03-03,2023-03-06,e7e66c1e9fe0,PRD-0037,Hermes,7.01,1,Passt nicht
ORD-001988,2023-02-26,2023-02-28,63f37926227c,PRD-0011,DHL,6.47,1,Gefällt nicht
ORD-001989,2023-01-08,2023-01-09,3fb6657a5403,PRD-0003,Hermes,4.03,0,
ORD-001990,2023-05-02,2023-05-11,33c5c26054a7,PRD-0034,Hermes,4.47,0,
ORD-001991,2023-03-29,2023-03-31,97d6492e940c,PRD-0008,Hermes,7.48,0,
ORD-001992,2023-08-22,2023-08-24,2576f8c3e902,PRD-0005,DPD,7.14,0,
ORD-001993,2023-12-18,2023-12-20,ee22a2bd14a5,PRD-0029,DPD,6.3,1,Gefällt nicht
ORD-001994,2023-07-02,2023-07-05,3dd5fa92ff54,PRD-0012,DPD,7.25,0,
ORD-001995,2023-09-21,2023-09-24,edb3a21ac1bc,PRD-0010,DHL,6.2,0,
ORD-001996,2023-01-03,2023-01-13,ab6da4d8621c,PRD-0025,Hermes,6.59,1,Zu spät geliefert
ORD-001997,2023-07-04,2023-07-14,808c1ac11a02,PRD-0020,Hermes,5.82,0,
ORD-001998,2023-07-05,2023-07-12,bb0e27df0d3e,PRD-0028,Hermes,3.67,0,
ORD-001999,2023-04-16,2023-04-17,d1c135e26a7a,PRD-0048,DPD,4.61,0,
ORD-002000,2023-05-22,2023-05-28,688d8e5662ef,PRD-0040,Hermes,4.6,1,Zu spät geliefert
ORD-002001,2023-10-04,2023-10-06,1873ed8a8f12,PRD-0015,DHL,4.54,0,
ORD-002002,2023-04-19,2023-04-20,1b3ba607254b,PRD-0049,DHL,4.06,0,
ORD-002003,2023-04-26,2023-04-27,69ccd9caa9d8,PRD-0036,DPD,7.34,1,Passt nicht
ORD-002004,2023-07-06,2023-07-07,683091b0c9f2,PRD-0035,DHL,6.79,0,
ORD-002005,2023-10-10,2023-10-13,77c5cc0f7ae8,PRD-0014,Hermes,4.0,0,
ORD-002006,2023-09-29,2023-10-02,ab6da4d8621c,PRD-0019,DHL,6.88,0,
ORD-002007,2023-11-03,2023-11-10,0dec90d9822f,PRD-0028,Hermes,6.43,0,
ORD-002008,2023-01-23,2023-01-26,3a4c40b4ab8b,PRD-0023,DHL,6.41,0,
ORD-002009,2023-12-02,2023-12-04,9ac16b47a843,PRD-0011,DPD,6.33,1,Passt nicht
ORD-002010,2023-07-26,2023-07-27,b71b3ef9f857,PRD-0003,Hermes,4.77,0,
ORD-002011,2023-09-21,2023-09-24,db101f406012,PRD-0036,DPD,4.48,1,Passt nicht
ORD-002012,2023-12-13,2023-12-16,77f5e7c90479,PRD-0025,DHL,5.38,0,
ORD-002013,2023-09-21,2023-09-23,c29a8cd01fe7,PRD-0012,DPD,4.29,0,
ORD-002014,2023-10-28,2023-10-31,a3d1bc8c2ba2,PRD-0006,DPD,3.51,0,
ORD-002015,2023-02-23,2023-02-26,db7f6e6545a6,PRD-0032,DPD,4.21,0,
ORD-002016,2023-12-23,2024-01-03,ab5a82deb9ec,PRD-0045,Hermes,4.89,1,Zu spät geliefert
ORD-002017,2023-09-06,2023-09-08,1c5539ac3471,PRD-0043,DHL,7.0,0,
ORD-002018,2023-12-14,2023-12-23,f4ed782b83c8,PRD-0032,Hermes,4.68,0,
ORD-002019,2023-03-18,2023-03-20,be09470a4786,PRD-0008,Hermes,6.15,0,
ORD-002020,2023-02-01,2023-02-03,404ff6a33ad1,PRD-0012,Hermes,5.09,0,
ORD-002021,2023-06-22,2023-06-24,1be9d2cedf01,PRD-0050,Hermes,3.62,0,
ORD-002022,2023-10-19,2023-10-21,8ed36ba577d5,PRD-0033,DHL,4.55,1,Gefällt nicht
ORD-002023,2023-01-25,2023-01-27,b6c409f8788c,PRD-0027,Hermes,3.72,0,
ORD-002024,2023-04-23,2023-04-25,9b0b439a8f79,PRD-0047,DHL,3.68,0,
ORD-002025,2023-06-01,2023-06-04,1dc1bf598d53,PRD-0027,DHL,5.64,0,
ORD-002026,2023-10-17,2023-10-20,f5bd06ab835b,PRD-0041,DHL,4.02,0,
ORD-002027,2023-01-29,2023-01-30,683091b0c9f2,PRD-0002,DPD,3.86,0,
ORD-002028,2023-11-16,2023-11-23,e526f66f6c08,PRD-0022,Hermes,4.95,0,
ORD-002029,2023-08-28,2023-08-30,9e8f9de7c0a2,PRD-0011,DPD,4.42,0,
ORD-002030,2023-08-11,2023-08-13,5caef4462f84,PRD-0011,Hermes,4.49,0,
ORD-002031,2023-05-12,2023-05-15,8dc07de707aa,PRD-0003,DHL,6.67,1,Gefällt nicht
ORD-002032,2023-10-11,2023-10-18,024a96c9fa45,PRD-0011,Hermes,6.5,1,Zu spät geliefert
ORD-002033,2023-04-05,2023-04-07,3c583cee118d,PRD-0025,DPD,6.46,0,
ORD-002034,2023-08-12,2023-08-13,efa214a349d0,PRD-0006,DHL,6.31,0,
ORD-002035,2023-04-16,2023-04-17,dde3f5369231,PRD-0027,DHL,5.67,0,
ORD-002036,2023-06-13,2023-06-16,83917dff0d2a,PRD-0010,DHL,5.06,0,
ORD-002037,2023-12-07,2023-12-09,c440be2dc911,PRD-0039,Hermes,4.71,0,
ORD-002038,2023-11-04,2023-11-06,72ba3369b331,PRD-0013,DHL,5.8,0,
ORD-002039,2023-07-08,2023-07-16,fbf122d940e4,PRD-0019,Hermes,5.43,0,
ORD-002040,2023-11-09,2023-11-12,1097ce4c873e,PRD-0045,DPD,3.57,0,
ORD-002041,2023-05-31,2023-06-02,cd2b612e83a2,PRD-0047,Hermes,5.31,0,
ORD-002042,2023-06-08,2023-06-09,6d21c5ea8f42,PRD-0002,Hermes,3.94,0,
ORD-002043,2023-02-21,2023-02-24,e342bb1a776b,PRD-0022,DHL,3.88,0,
ORD-002044,2023-12-05,2023-12-13,95759a5d8a2b,PRD-0014,Hermes,6.85,1,Zu spät geliefert
ORD-002045,2023-06-08,2023-06-09,364454046f73,PRD-0047,DPD,4.51,1,Zu spät geliefert
ORD-002046,2023-03-11,2023-03-20,e342bb1a776b,PRD-0048,Hermes,6.99,0,
ORD-002047,2023-04-07,2023-04-10,8ed36ba577d5,PRD-0045,DHL,5.68,0,
ORD-002048,2023-05-07,2023-05-09,21aede179a18,PRD-0042,DHL,5.43,0,
ORD-002049,2023-10-01,2023-10-02,3f8846b8d9ae,PRD-0048,DPD,5.2,0,
ORD-002050,2023-10-22,2023-10-23,921e62ce7ad8,PRD-0025,DHL,6.49,0,
ORD-002051,2023-08-12,2023-08-20,54ff55540509,PRD-0013,Hermes,6.0,0,
ORD-002052,2023-05-26,2023-05-29,ff53055637c2,PRD-0032,DHL,5.17,0,
ORD-002053,2023-12-25,2023-12-27,c81259f34a41,PRD-0019,DHL,6.38,0,
ORD-002054,2023-01-02,2023-01-11,884802d6725a,PRD-0044,Hermes,4.16,0,
ORD-002055,2023-05-22,2023-05-23,4086cd585ed6,PRD-0034,DPD,7.31,0,
ORD-002056,2023-04-01,2023-04-03,8c24a506c11e,PRD-0034,DPD,4.34,0,
ORD-002057,2023-01-06,2023-01-07,d92233347019,PRD-0048,DPD,6.36,0,
ORD-002058,2023-02-23,2023-03-04,3eac244b5089,PRD-0001,Hermes,7.41,1,Zu spät geliefert
ORD-002059,2023-10-18,2023-10-19,c34ae14ba20f,PRD-0045,DHL,5.65,0,
ORD-002060,2023-05-30,2023-06-02,d92233347019,PRD-0007,DHL,4.13,0,
ORD-002061,2023-01-29,2023-01-30,7bbae4c13c58,PRD-0041,DPD,3.56,0,
ORD-002062,2023-10-15,2023-10-17,27af6e4e317b,PRD-0018,Hermes,6.0,0,
ORD-002063,2023-07-27,2023-07-30,974d23a2f0a4,PRD-0017,DPD,4.31,0,
ORD-002064,2023-04-27,2023-04-30,05cc3be2fee8,PRD-0010,DHL,4.21,0,
ORD-002065,2023-01-07,2023-01-10,2eb2c33bf712,PRD-0007,DHL,6.56,0,
ORD-002066,2023-02-20,2023-02-23,d92233347019,PRD-0037,DPD,4.34,1,Gefällt nicht
ORD-002067,2023-05-26,2023-05-27,fba69d74eef3,PRD-0015,DHL,5.96,0,
ORD-002068,2023-07-08,2023-07-13,6db3bee68ad0,PRD-0011,Hermes,5.2,1,Gefällt nicht
ORD-002069,2023-11-12,2023-11-15,d5fe73e963ba,PRD-0021,Hermes,5.07,0,
ORD-002070,2023-08-04,2023-08-06,33ee35eb843e,PRD-0025,DPD,6.85,0,
ORD-002071,2023-12-19,2023-12-22,c24d64f49c94,PRD-0034,DHL,7.32,0,
ORD-002072,2023-06-24,2023-07-04,07b92aac87b8,PRD-0041,Hermes,5.46,0,
ORD-002073,2023-01-03,2023-01-04,4f57ae2ffeee,PRD-0017,DPD,5.24,0,
ORD-002074,2023-03-25,2023-03-27,edeb51cf4ea1,PRD-0012,DHL,6.58,0,
ORD-002075,2023-12-19,2023-12-20,b94e4dac052d,PRD-0047,Hermes,7.18,0,
ORD-002076,2023-05-31,2023-06-01,3edb3b945be0,PRD-0025,Hermes,4.28,0,
ORD-002077,2023-07-20,2023-07-21,64470c154a9e,PRD-0034,DHL,4.81,0,
ORD-002078,2023-06-05,2023-06-08,f6a34b6ae058,PRD-0024,Hermes,3.63,0,
ORD-002079,2023-01-19,2023-01-27,ef7ef29dcedd,PRD-0042,Hermes,3.73,1,Zu spät geliefert
ORD-002080,2023-05-09,2023-05-11,a50ae801e10b,PRD-0002,DPD,6.03,0,
ORD-002081,2023-12-27,2023-12-30,fcd72e8ec79d,PRD-0012,Hermes,6.73,0,
ORD-002082,2023-11-12,2023-11-15,b45ed2c50b71,PRD-0024,DHL,4.11,0,
ORD-002083,2023-01-21,2023-01-22,daef63bdd6d2,PRD-0012,DHL,6.88,0,
ORD-002084,2023-06-02,2023-06-05,51146b476b24,PRD-0029,DPD,6.93,1,Passt nicht
ORD-002085,2023-04-02,2023-04-05,e4b1c9add3b5,PRD-0013,DPD,4.83,0,
ORD-002086,2023-01-17,2023-01-18,4705fbb31f62,PRD-0021,DPD,5.85,0,
ORD-002087,2023-06-03,2023-06-04,eaae01966a84,PRD-0024,DPD,5.11,0,
ORD-002088,2023-06-03,2023-06-04,749e9ba6c73c,PRD-0043,DPD,6.42,1,Passt nicht
ORD-002089,2023-04-03,2023-04-09,edb3a21ac1bc,PRD-0012,Hermes,5.14,0,
ORD-002090,2023-06-18,2023-06-20,910f11049def,PRD-0048,DHL,4.9,0,
ORD-002091,2023-11-19,2023-11-22,a7ee55779da2,PRD-0030,DPD,3.85,1,Zu spät geliefert
ORD-002092,2023-01-04,2023-01-07,689be503fd22,PRD-0006,DHL,5.86,1,Beschädigt
ORD-002093,2023-05-25,2023-05-26,5f3fbfbffdc5,PRD-0002,DHL,5.0,0,
ORD-002094,2023-01-18,2023-01-20,10d283c4b3f1,PRD-0047,DHL,6.07,0,
ORD-002095,2023-02-20,2023-02-23,b2d49550cf02,PRD-0013,DPD,3.71,0,
ORD-002096,2023-10-11,2023-10-13,6e6fed191789,PRD-0019,DHL,5.16,1,Gefällt nicht
ORD-002097,2023-07-26,2023-08-02,3bf1d8ad69c7,PRD-0013,Hermes,5.26,1,Zu spät geliefert
ORD-002098,2023-12-11,2023-12-22,a9617bd36564,PRD-0032,Hermes,6.02,0,
ORD-002099,2023-09-06,2023-09-09,c440be2dc911,PRD-0011,DHL,5.65,0,
ORD-002100,2023-02-04,2023-02-06,1c19c7c40810,PRD-0045,Hermes,4.65,0,
ORD-002101,2023-09-09,2023-09-12,bfbb609be506,PRD-0045,DPD,6.68,0,
ORD-002102,2023-09-03,2023-09-05,37ec30b57d11,PRD-0033,DHL,3.63,1,Gefällt nicht
ORD-002103,2023-06-16,2023-06-19,404ff6a33ad1,PRD-0034,DPD,4.06,0,
ORD-002104,2023-04-14,2023-04-25,77f5e7c90479,PRD-0021,Hermes,4.79,0,
ORD-002105,2023-11-22,2023-11-30,afb8f64e78d8,PRD-0041,Hermes,6.09,0,
ORD-002106,2023-01-04,2023-01-14,1086241e2fd7,PRD-0012,Hermes,3.59,1,Zu spät geliefert
ORD-002107,2023-08-31,2023-09-03,9f8bb10d51b5,PRD-0040,Hermes,5.1,0,
ORD-002108,2023-07-31,2023-08-09,79204e328122,PRD-0016,Hermes,5.1,0,
ORD-002109,2023-08-17,2023-08-18,a3106c759a3b,PRD-0015,DPD,6.6,0,
ORD-002110,2023-02-16,2023-02-27,8c8ee8a9a9ef,PRD-0037,Hermes,4.7,1,Zu spät geliefert
ORD-002111,2023-01-05,2023-01-06,e87ccbf56f42,PRD-0045,DPD,5.77,0,
ORD-002112,2023-11-30,2023-12-02,a8ac0b2e1350,PRD-0009,DPD,3.72,0,
ORD-002113,2023-03-26,2023-03-28,37ec30b57d11,PRD-0020,DHL,4.16,0,
ORD-002114,2023-08-16,2023-08-17,c1c7a2848f40,PRD-0043,DHL,4.71,0,
ORD-002115,2023-01-18,2023-01-19,f6c2dde03a92,PRD-0012,DHL,6.4,0,
ORD-002116,2023-08-19,2023-08-21,50aba4db4830,PRD-0044,DPD,4.88,1,Gefällt nicht
ORD-002117,2023-02-15,2023-02-17,49cbf96867ec,PRD-0036,DPD,7.15,0,
ORD-002118,2023-03-06,2023-03-13,f4ed782b83c8,PRD-0025,Hermes,4.77,0,
ORD-002119,2023-01-23,2023-01-25,24d634f17354,PRD-0009,Hermes,6.42,0,
ORD-002120,2023-11-09,2023-11-19,17ac3876fd87,PRD-0039,Hermes,7.38,0,
ORD-002121,2023-10-15,2023-10-16,2d3ec09b42db,PRD-0015,DPD,4.98,0,
ORD-002122,2023-04-03,2023-04-06,3ee8ae422892,PRD-0033,DHL,5.09,0,
ORD-002123,2023-09-06,2023-09-07,921e62ce7ad8,PRD-0042,DHL,3.68,0,
ORD-002124,2023-01-12,2023-01-14,ce1cd38c362f,PRD-0028,DHL,4.22,0,
ORD-002125,2023-02-25,2023-02-27,891a9289ce1b,PRD-0019,Hermes,4.54,0,
ORD-002126,2023-05-22,2023-05-23,08c98f957991,PRD-0027,DHL,5.57,0,
ORD-002127,2023-02-22,2023-02-24,39aca02bf8c0,PRD-0030,DHL,3.91,0,
ORD-002128,2023-01-10,2023-01-11,f1d915ccea6a,PRD-0026,DHL,5.8,0,
ORD-002129,2023-08-25,2023-08-26,571f0605d00e,PRD-0044,Hermes,5.11,0,
ORD-002130,2023-04-12,2023-04-18,06ef72d7f8cf,PRD-0004,Hermes,6.71,0,
ORD-002131,2023-05-12,2023-05-14,9582264a8797,PRD-0033,Hermes,7.39,0,
ORD-002132,2023-03-03,2023-03-06,202402321177,PRD-0012,Hermes,3.82,0,
ORD-002133,2023-09-25,2023-09-28,2c8754a768e5,PRD-0022,DPD,5.24,1,Gefällt nicht
ORD-002134,2023-03-19,2023-03-20,1d38108d4d5d,PRD-0019,DHL,5.34,0,
ORD-002135,2023-10-26,2023-10-28,f878dd62e343,PRD-0039,DPD,6.2,1,Gefällt nicht
ORD-002136,2023-06-28,2023-06-30,bb3934db10be,PRD-0002,DPD,4.93,0,
ORD-002137,2023-10-21,2023-10-23,9ab65ae42320,PRD-0029,Hermes,4.93,0,
ORD-002138,2023-05-25,2023-05-27,99724234e6f0,PRD-0035,DPD,3.84,0,
ORD-002139,2023-08-09,2023-08-10,0e5b577d82cd,PRD-0009,DPD,5.22,0,
ORD-002140,2023-07-01,2023-07-04,ef7ef29dcedd,PRD-0023,Hermes,7.11,0,
ORD-002141,2023-09-28,2023-10-01,a2358e00a911,PRD-0047,DPD,3.81,0,
ORD-002142,2023-08-21,2023-08-24,4a5cfe839248,PRD-0003,DHL,6.05,0,
ORD-002143,2023-05-23,2023-05-26,b50e06250f56,PRD-0007,Hermes,5.19,1,Gefällt nicht
ORD-002144,2023-03-31,2023-04-02,00dc5e3ff9c4,PRD-0012,DPD,6.47,0,
ORD-002145,2023-11-30,2023-12-01,fa66a4abdf6e,PRD-0028,DHL,7.48,0,
ORD-002146,2023-02-13,2023-02-14,2b991b6c3353,PRD-0033,DPD,3.7,0,
ORD-002147,2023-08-12,2023-08-14,181e7a971de3,PRD-0031,DHL,4.61,1,Passt nicht
ORD-002148,2023-09-10,2023-09-12,beeaa327b024,PRD-0003,DPD,6.21,0,
ORD-002149,2023-11-17,2023-11-25,11a94b5eb3d0,PRD-0001,Hermes,4.6,0,
ORD-002150,2023-03-14,2023-03-16,242b1720dbc7,PRD-0039,DPD,3.57,1,Passt nicht
ORD-002151,2023-06-02,2023-06-05,295bc6b838da,PRD-0015,DHL,5.85,1,Gefällt nicht
ORD-002152,2023-01-17,2023-01-28,910f11049def,PRD-0039,Hermes,4.86,1,Zu spät geliefert
ORD-002153,2023-01-20,2023-01-22,b94e4dac052d,PRD-0029,DHL,5.5,0,
ORD-002154,2023-08-31,2023-09-03,034194b44a36,PRD-0045,DHL,5.11,0,
ORD-002155,2023-10-06,2023-10-09,33c93562f478,PRD-0037,DHL,7.44,0,
ORD-002156,2023-07-27,2023-07-30,edb3a21ac1bc,PRD-0014,DPD,4.67,0,
ORD-002157,2023-06-17,2023-06-19,b71b3ef9f857,PRD-0029,DPD,6.0,1,Passt nicht
ORD-002158,2023-01-17,2023-01-18,ab0fde7e9e0e,PRD-0028,Hermes,6.48,0,
ORD-002159,2023-02-21,2023-02-22,1e042ef1af97,PRD-0025,DPD,7.3,0,
ORD-002160,2023-12-02,2023-12-07,af26dae9e150,PRD-0007,Hermes,4.21,0,
ORD-002161,2023-06-29,2023-07-01,db861bab1e40,PRD-0050,DPD,4.91,0,
ORD-002162,2023-05-16,2023-05-18,b77ee237a99d,PRD-0027,DPD,4.95,0,
ORD-002163,2023-12-23,2023-12-26,39aca02bf8c0,PRD-0043,DPD,4.77,0,
ORD-002164,2023-11-13,2023-11-14,4521cef0af7b,PRD-0035,Hermes,5.36,0,
ORD-002165,2023-07-11,2023-07-12,fa5d05a1fbda,PRD-0029,DHL,3.51,0,
ORD-002166,2023-12-29,2024-01-05,59b9071f19ac,PRD-0022,Hermes,6.11,0,
ORD-002167,2023-04-25,2023-04-26,ff5ac746bfa2,PRD-0027,Hermes,4.05,0,
ORD-002168,2023-09-14,2023-09-17,faa2f6f03cc1,PRD-0033,DHL,5.14,0,
ORD-002169,2023-05-05,2023-05-06,210b5734e487,PRD-0021,DPD,6.0,0,
ORD-002170,2023-04-11,2023-04-12,873ac5b3a73f,PRD-0006,Hermes,6.12,0,
ORD-002171,2023-11-12,2023-11-13,9759761fbaf6,PRD-0033,DHL,6.39,0,
ORD-002172,2023-04-17,2023-04-20,86f6d149b736,PRD-0012,Hermes,4.67,0,
ORD-002173,2023-09-02,2023-09-05,3dccc84ce1e3,PRD-0002,DHL,4.48,0,
ORD-002174,2023-08-18,2023-08-19,2493564c4baa,PRD-0029,DHL,5.5,0,
ORD-002175,2023-02-23,2023-02-28,0ba853873b50,PRD-0039,Hermes,6.23,1,Passt nicht
ORD-002176,2023-01-18,2023-01-27,c407a7bcfaf0,PRD-0034,Hermes,7.03,0,
ORD-002177,2023-05-04,2023-05-07,ef585dfe39ff,PRD-0008,DPD,5.64,0,
ORD-002178,2023-04-22,2023-05-02,4778890e21f0,PRD-0029,Hermes,6.4,0,
ORD-002179,2023-10-18,2023-10-21,fd6f448a537c,PRD-0024,Hermes,5.26,0,
ORD-002180,2023-08-05,2023-08-06,3440e95f3c5a,PRD-0008,DHL,6.53,0,
ORD-002181,2023-08-23,2023-08-26,b21c28b39f88,PRD-0049,DHL,6.13,1,Gefällt nicht
ORD-002182,2023-04-20,2023-04-27,83aebe395a90,PRD-0016,Hermes,3.8,0,
ORD-002183,2023-09-27,2023-09-28,2120a826ced3,PRD-0046,Hermes,6.26,0,
ORD-002184,2023-04-21,2023-04-23,d92233347019,PRD-0029,DPD,5.88,0,
ORD-002185,2023-12-26,2023-12-29,35d823e07c4d,PRD-0009,DHL,4.38,0,
ORD-002186,2023-05-08,2023-05-16,a5c98f280d1f,PRD-0037,Hermes,4.72,0,
ORD-002187,2023-03-29,2023-03-31,bcece21f6f55,PRD-0029,DPD,4.09,1,Passt nicht
ORD-002188,2023-07-19,2023-07-27,0945de0f2c0f,PRD-0025,Hermes,4.09,0,
ORD-002189,2023-02-05,2023-02-08,09d35015c802,PRD-0017,Hermes,5.57,0,
ORD-002190,2023-02-18,2023-02-20,6a10969653f7,PRD-0040,DHL,5.85,0,
ORD-002191,2023-08-05,2023-08-07,a5db8e85ae4a,PRD-0021,DPD,7.2,0,
ORD-002192,2023-01-07,2023-01-09,204dcf7a5e26,PRD-0011,DPD,3.56,1,Gefällt nicht
ORD-002193,2023-09-02,2023-09-08,374f4987985f,PRD-0005,Hermes,5.93,1,Zu spät geliefert
ORD-002194,2023-08-06,2023-08-07,5bba74e19cfd,PRD-0008,DPD,5.34,0,
ORD-002195,2023-02-16,2023-02-19,2bec6db3684b,PRD-0041,DHL,6.63,0,
ORD-002196,2023-10-06,2023-10-07,b5cf574c72bc,PRD-0015,DPD,3.63,0,
ORD-002197,2023-08-01,2023-08-12,e5900af4dbd0,PRD-0007,Hermes,6.89,0,
ORD-002198,2023-08-20,2023-08-22,ef585dfe39ff,PRD-0006,DHL,4.49,0,
ORD-002199,2023-06-01,2023-06-04,3e16d8c02f6b,PRD-0048,DHL,6.93,0,
ORD-002200,2023-05-16,2023-05-18,35664c9c3f85,PRD-0045,DPD,7.42,0,
ORD-002201,2023-09-02,2023-09-03,23c746589c26,PRD-0036,Hermes,7.17,0,
ORD-002202,2023-05-17,2023-05-19,77ad1e6df746,PRD-0009,DPD,4.48,1,Gefällt nicht
ORD-002203,2023-07-25,2023-07-31,35d823e07c4d,PRD-0038,Hermes,6.04,0,
ORD-002204,2023-03-24,2023-03-26,c4b7b6daa6a5,PRD-0031,DHL,3.9,1,Passt nicht
ORD-002205,2023-04-21,2023-04-23,663295ff7da6,PRD-0014,DPD,5.83,1,Passt nicht
ORD-002206,2023-12-11,2023-12-13,89771a379f84,PRD-0008,DPD,4.28,0,
ORD-002207,2023-11-22,2023-11-24,ca7e4c1f97fd,PRD-0041,DPD,4.51,0,
ORD-002208,2023-11-25,2023-11-27,c407a7bcfaf0,PRD-0039,Hermes,5.56,1,Gefällt nicht
ORD-002209,2023-04-20,2023-04-22,c8264ff97bdf,PRD-0042,Hermes,6.21,1,Gefällt nicht
ORD-002210,2023-10-23,2023-10-25,0edb747c7064,PRD-0020,DPD,5.45,1,Gefällt nicht
ORD-002211,2023-05-09,2023-05-15,a7993303b392,PRD-0033,Hermes,6.19,0,
ORD-002212,2023-06-04,2023-06-07,0e5b577d82cd,PRD-0029,Hermes,4.27,0,
ORD-002213,2023-06-07,2023-06-08,5f53888bfcb6,PRD-0049,DHL,4.78,1,Gefällt nicht
ORD-002214,2023-03-02,2023-03-05,1c5539ac3471,PRD-0031,DHL,5.78,1,Passt nicht
ORD-002215,2023-12-03,2023-12-04,3f849035109e,PRD-0021,DHL,6.64,0,
ORD-002216,2023-03-07,2023-03-10,bfbae68bbec2,PRD-0011,DPD,6.11,1,Gefällt nicht
ORD-002217,2023-08-20,2023-08-22,4f57ae2ffeee,PRD-0027,DPD,4.55,0,
ORD-002218,2023-11-05,2023-11-12,67c33c684bbe,PRD-0020,Hermes,4.76,0,
ORD-002219,2023-09-24,2023-09-26,6e611f8bb26b,PRD-0028,DPD,3.52,0,
ORD-002220,2023-05-25,2023-05-27,871f8b4139ea,PRD-0026,DHL,6.72,0,
ORD-002221,2023-02-28,2023-03-01,2ca50b35ad33,PRD-0030,Hermes,6.15,0,
ORD-002222,2023-02-17,2023-02-25,3e16d8c02f6b,PRD-0019,Hermes,5.74,1,Zu spät geliefert
ORD-002223,2023-07-11,2023-07-14,b298bc334963,PRD-0014,DPD,4.6,0,
ORD-002224,2023-08-28,2023-08-30,05736a0d282c,PRD-0016,DHL,7.27,0,
ORD-002225,2023-07-12,2023-07-15,a70c9987374c,PRD-0031,DHL,7.34,0,
ORD-002226,2023-01-21,2023-01-23,09ced3b306bc,PRD-0032,DHL,5.84,0,
ORD-002227,2023-05-03,2023-05-06,713ba8f61f39,PRD-0007,DHL,5.25,1,Gefällt nicht
ORD-002228,2023-09-29,2023-09-30,50280c41c734,PRD-0008,Hermes,6.8,1,Zu spät geliefert
ORD-002229,2023-06-08,2023-06-10,a48886afbfd9,PRD-0010,DPD,5.75,0,
ORD-002230,2023-05-28,2023-05-31,a0a5027f3593,PRD-0016,Hermes,5.73,0,
ORD-002231,2023-01-05,2023-01-06,815d39d76d52,PRD-0019,DPD,6.98,1,Passt nicht
ORD-002232,2023-04-02,2023-04-04,61e80c53c02e,PRD-0046,DPD,4.94,0,
ORD-002233,2023-11-12,2023-11-13,6c32c594f20c,PRD-0029,DPD,4.41,1,Gefällt nicht
ORD-002234,2023-06-08,2023-06-11,0bb12f59fd75,PRD-0022,DHL,4.54,0,
ORD-002235,2023-02-09,2023-02-10,dde2a1a9d5df,PRD-0048,DHL,5.21,1,Zu spät geliefert
ORD-002236,2023-11-11,2023-11-14,ca7e4c1f97fd,PRD-0032,DHL,4.99,1,Falscher Artikel
ORD-002237,2023-06-13,2023-06-16,c0186f5bc743,PRD-0028,DHL,4.81,0,
ORD-002238,2023-11-23,2023-11-30,a0fba1a80fbc,PRD-0032,Hermes,5.76,0,
ORD-002239,2023-02-24,2023-02-27,ff5ac746bfa2,PRD-0036,DHL,5.55,0,
ORD-002240,2023-05-01,2023-05-03,e9c2bd64e52f,PRD-0006,DPD,7.47,0,
ORD-002241,2023-07-30,2023-08-01,1ee7c2736a4b,PRD-0005,DPD,5.36,0,
ORD-002242,2023-06-14,2023-06-17,dec2d92afa99,PRD-0048,DHL,4.23,0,
ORD-002243,2023-01-12,2023-01-15,59c230b0a5fb,PRD-0022,Hermes,7.29,0,
ORD-002244,2023-06-23,2023-07-04,dec2d92afa99,PRD-0002,Hermes,3.58,0,
ORD-002245,2023-01-05,2023-01-11,1b95f3d81212,PRD-0021,Hermes,6.57,0,
ORD-002246,2023-04-26,2023-04-29,034194b44a36,PRD-0030,DPD,6.79,0,
ORD-002247,2023-06-24,2023-06-27,dc0cd7f632bf,PRD-0023,DPD,6.59,0,
ORD-002248,2023-12-02,2023-12-03,69ccd9caa9d8,PRD-0020,DHL,7.28,1,Falscher Artikel
ORD-002249,2023-09-06,2023-09-09,fd6f448a537c,PRD-0050,DHL,4.81,1,Passt nicht
ORD-002250,2023-03-01,2023-03-02,b71b3ef9f857,PRD-0015,DPD,5.2,1,Passt nicht
ORD-002251,2023-10-22,2023-10-24,7f8781b8de7f,PRD-0015,DHL,3.99,1,Gefällt nicht
ORD-002252,2023-06-13,2023-06-15,c0aa67bccdba,PRD-0025,DHL,6.92,0,
ORD-002253,2023-12-17,2023-12-19,7bac92bd3853,PRD-0025,DHL,4.29,0,
ORD-002254,2023-12-24,2023-12-25,06ef72d7f8cf,PRD-0025,DPD,5.53,1,Gefällt nicht
ORD-002255,2023-06-07,2023-06-08,06e2f5f3cece,PRD-0047,DPD,4.34,0,
ORD-002256,2023-01-07,2023-01-10,156bf92e130e,PRD-0032,DPD,7.48,0,
ORD-002257,2023-02-20,2023-02-21,0dc43ad19079,PRD-0013,DHL,4.94,0,
ORD-002258,2023-03-18,2023-03-20,44b2ea3c07ba,PRD-0033,DHL,6.71,1,Gefällt nicht
ORD-002259,2023-05-18,2023-05-20,72a8fc4b3f4b,PRD-0007,Hermes,5.24,0,
ORD-002260,2023-11-07,2023-11-08,b0c234dacd05,PRD-0042,Hermes,7.0,1,Gefällt nicht
ORD-002261,2023-01-25,2023-01-28,db6dedca2e05,PRD-0018,DPD,3.68,0,
ORD-002262,2023-05-23,2023-05-26,8cb2516ad183,PRD-0016,DHL,4.12,1,Falscher Artikel
ORD-002263,2023-07-15,2023-07-16,87ba76f5d6ea,PRD-0031,DHL,4.34,0,
ORD-002264,2023-05-22,2023-05-24,7fbf9204dbdb,PRD-0043,Hermes,5.18,0,
ORD-002265,2023-01-11,2023-01-14,40c2ea9999c9,PRD-0034,DHL,6.17,0,
ORD-002266,2023-01-28,2023-01-29,17fb39050eb0,PRD-0008,DHL,4.72,0,
ORD-002267,2023-05-26,2023-06-02,e45c7aa60886,PRD-0024,Hermes,7.06,0,
ORD-002268,2023-03-19,2023-03-21,997decc5f01e,PRD-0048,DHL,6.55,1,Zu spät geliefert
ORD-002269,2023-09-22,2023-09-23,d0fbc5dd9ca1,PRD-0034,DHL,7.09,1,Beschädigt
ORD-002270,2023-01-02,2023-01-03,a9617bd36564,PRD-0027,DHL,5.36,0,
ORD-002271,2023-01-27,2023-01-28,0dc43ad19079,PRD-0035,Hermes,3.5,0,
ORD-002272,2023-06-21,2023-06-30,c061d6ecb41c,PRD-0031,Hermes,5.95,1,Zu spät geliefert
ORD-002273,2023-03-31,2023-04-02,0297a5f73d32,PRD-0007,Hermes,4.29,0,
ORD-002274,2023-09-21,2023-09-22,be09470a4786,PRD-0033,DHL,6.47,1,Passt nicht
ORD-002275,2023-10-09,2023-10-17,2bd03759e5df,PRD-0026,Hermes,6.42,1,Zu spät geliefert
ORD-002276,2023-09-04,2023-09-06,b50fdc718ebc,PRD-0022,DPD,5.58,0,
ORD-002277,2023-02-05,2023-02-07,6d21c5ea8f42,PRD-0018,DHL,6.14,0,
ORD-002278,2023-06-14,2023-06-17,b21c28b39f88,PRD-0048,DHL,5.04,0,
ORD-002279,2023-07-13,2023-07-14,b6d10b6a036a,PRD-0013,DHL,3.64,0,
ORD-002280,2023-11-11,2023-11-13,4cf5896cdd88,PRD-0016,DHL,5.79,0,
ORD-002281,2023-02-06,2023-02-09,2cb552c3de87,PRD-0023,DHL,7.38,0,
ORD-002282,2023-05-03,2023-05-05,5bdcbeb00ad0,PRD-0029,DHL,5.68,0,
ORD-002283,2023-06-14,2023-06-17,68b31dfb1b61,PRD-0048,Hermes,4.85,0,
ORD-002284,2023-01-21,2023-01-23,063985b5ff29,PRD-0012,Hermes,5.7,0,
ORD-002285,2023-05-15,2023-05-17,49b1338338e7,PRD-0007,DPD,4.55,0,
ORD-002286,2023-07-24,2023-08-04,0ecc199bf319,PRD-0024,Hermes,4.41,1,Zu spät geliefert
ORD-002287,2023-06-20,2023-06-23,175db0f629fd,PRD-0008,DHL,4.01,0,
ORD-002288,2023-08-11,2023-08-13,657f7140d89d,PRD-0020,Hermes,7.37,0,
ORD-002289,2023-01-25,2023-01-27,18c4413200a1,PRD-0033,DHL,7.04,0,
ORD-002290,2023-05-26,2023-05-29,d33a78d74e4f,PRD-0013,DHL,3.57,0,
ORD-002291,2023-02-20,2023-02-23,3dd5fa92ff54,PRD-0048,Hermes,6.94,0,
ORD-002292,2023-03-11,2023-03-13,ff53055637c2,PRD-0004,DPD,6.27,0,
ORD-002293,2023-04-10,2023-04-16,1c5539ac3471,PRD-0011,Hermes,6.94,0,
ORD-002294,2023-04-28,2023-04-29,17ec06c1973a,PRD-0049,DPD,7.32,0,
ORD-002295,2023-01-30,2023-01-31,17ac3876fd87,PRD-0013,Hermes,4.69,0,
ORD-002296,2023-03-23,2023-03-25,4a3003667bf7,PRD-0034,Hermes,7.25,0,
ORD-002297,2023-04-06,2023-04-09,c1c7a2848f40,PRD-0005,Hermes,3.74,1,Passt nicht
ORD-002298,2023-08-18,2023-08-20,fd7902f1976a,PRD-0009,DHL,6.56,0,
ORD-002299,2023-05-07,2023-05-08,20ec997f0456,PRD-0016,Hermes,4.27,0,
ORD-002300,2023-04-30,2023-05-01,79204e328122,PRD-0023,DHL,4.6,0,
ORD-002301,2023-06-21,2023-06-24,f4ec8620a252,PRD-0026,DHL,7.28,0,
ORD-002302,2023-08-09,2023-08-10,fe4d48720e99,PRD-0014,Hermes,3.54,0,
ORD-002303,2023-04-14,2023-04-25,68b31dfb1b61,PRD-0034,Hermes,6.14,0,
ORD-002304,2023-01-22,2023-01-25,9d5f179198bf,PRD-0008,DPD,4.11,0,
ORD-002305,2023-10-03,2023-10-05,884802d6725a,PRD-0049,DPD,7.3,0,
ORD-002306,2023-05-26,2023-05-27,a3106c759a3b,PRD-0025,Hermes,4.17,0,
ORD-002307,2023-04-13,2023-04-19,2f94e3143891,PRD-0045,Hermes,7.34,1,Falscher Artikel
ORD-002308,2023-10-12,2023-10-15,968238901c07,PRD-0024,DHL,6.31,0,
ORD-002309,2023-10-17,2023-10-20,48b014d38a4c,PRD-0027,DHL,6.87,1,Beschädigt
ORD-002310,2023-05-22,2023-05-25,dde3f5369231,PRD-0018,Hermes,6.85,0,
ORD-002311,2023-03-25,2023-03-26,b30dde1c0c5a,PRD-0006,DHL,5.44,0,
ORD-002312,2023-02-07,2023-02-10,1469f2d2a8c9,PRD-0032,DHL,4.56,0,
ORD-002313,2023-09-22,2023-09-25,e487b9b9f3f8,PRD-0046,Hermes,5.93,0,
ORD-002314,2023-11-12,2023-11-13,19cab166e31b,PRD-0043,Hermes,6.67,0,
ORD-002315,2023-05-05,2023-05-06,8c8ee8a9a9ef,PRD-0007,DPD,4.94,1,Passt nicht
ORD-002316,2023-09-27,2023-09-29,4705fbb31f62,PRD-0046,DPD,6.37,0,
ORD-002317,2023-12-23,2023-12-25,fd6f448a537c,PRD-0023,DPD,5.79,0,
ORD-002318,2023-07-01,2023-07-04,364454046f73,PRD-0003,Hermes,7.13,0,
ORD-002319,2023-08-15,2023-08-16,897da0ff1fdc,PRD-0037,DHL,4.82,0,
ORD-002320,2023-01-22,2023-01-25,0945de0f2c0f,PRD-0027,DHL,7.06,0,
ORD-002321,2023-05-05,2023-05-07,79eb57c262b2,PRD-0044,Hermes,5.28,0,
ORD-002322,2023-10-08,2023-10-11,619165201926,PRD-0021,Hermes,6.67,0,
ORD-002323,2023-06-28,2023-07-01,f94a26a4bbdd,PRD-0036,DPD,5.11,0,
ORD-002324,2023-02-17,2023-02-19,edeb51cf4ea1,PRD-0050,DHL,4.84,0,
ORD-002325,2023-08-11,2023-08-12,5e8451fe3696,PRD-0035,DPD,4.72,0,
ORD-002326,2023-12-29,2024-01-01,051822a99641,PRD-0047,DHL,5.99,0,
ORD-002327,2023-10-13,2023-10-21,18961c2b26b0,PRD-0012,Hermes,6.72,0,
ORD-002328,2023-02-01,2023-02-02,c51f676b7202,PRD-0024,DHL,3.95,0,
ORD-002329,2023-10-22,2023-10-25,9124aad31df2,PRD-0020,DPD,4.68,0,
ORD-002330,2023-09-07,2023-09-09,0763c47e87fa,PRD-0035,DHL,3.8,0,
ORD-002331,2023-12-29,2024-01-01,93746af9a172,PRD-0006,DPD,6.15,0,
ORD-002332,2023-07-23,2023-07-26,bfbae68bbec2,PRD-0017,DHL,4.92,0,
ORD-002333,2023-09-05,2023-09-08,6b2a01940a1d,PRD-0025,DHL,7.05,0,
ORD-002334,2023-08-12,2023-08-13,97d6492e940c,PRD-0040,DPD,5.27,1,Passt nicht
ORD-002335,2023-07-26,2023-07-27,a3106c759a3b,PRD-0016,DPD,4.6,0,
ORD-002336,2023-06-04,2023-06-05,cd8b0209443f,PRD-0015,DPD,5.26,1,Passt nicht
ORD-002337,2023-06-18,2023-06-19,81314acefba0,PRD-0014,DHL,6.93,1,Passt nicht
ORD-002338,2023-10-16,2023-10-19,5fa3180aa5f5,PRD-0029,Hermes,5.15,0,
ORD-002339,2023-12-30,2024-01-01,b0c234dacd05,PRD-0034,DPD,7.05,0,
ORD-002340,2023-04-27,2023-04-30,294350c9a8bc,PRD-0048,Hermes,6.71,0,
ORD-002341,2023-11-26,2023-12-03,d1b78d8532ed,PRD-0024,Hermes,6.27,1,Zu spät geliefert
ORD-002342,2023-10-07,2023-10-10,cd294a56e965,PRD-0045,DHL,3.89,0,
ORD-002343,2023-06-07,2023-06-09,880786415f0c,PRD-0033,DPD,3.92,0,
ORD-002344,2023-08-14,2023-08-17,ee2a9f424f39,PRD-0039,DHL,5.36,1,Passt nicht
ORD-002345,2023-03-25,2023-03-28,4a5d98f6b886,PRD-0004,Hermes,3.76,0,
ORD-002346,2023-06-16,2023-06-18,a97026418d78,PRD-0002,DPD,3.73,0,
ORD-002347,2023-05-09,2023-05-10,657f7140d89d,PRD-0031,DPD,3.76,1,Gefällt nicht
ORD-002348,2023-05-31,2023-06-02,246c8c07d731,PRD-0018,DPD,6.41,0,
ORD-002349,2023-12-10,2023-12-12,bcece21f6f55,PRD-0039,Hermes,7.44,0,
ORD-002350,2023-02-17,2023-02-19,a8023688433d,PRD-0043,Hermes,4.82,0,
ORD-002351,2023-08-04,2023-08-05,7f89f7c20bec,PRD-0033,Hermes,5.85,0,
ORD-002352,2023-04-02,2023-04-03,f1d915ccea6a,PRD-0001,DPD,4.93,0,
ORD-002353,2023-03-17,2023-03-20,fcf9005f1b56,PRD-0050,DHL,6.42,1,Gefällt nicht
ORD-002354,2023-12-09,2023-12-12,dde3f5369231,PRD-0013,DHL,7.46,0,
ORD-002355,2023-05-06,2023-05-09,3bf1d8ad69c7,PRD-0012,DHL,6.41,0,
ORD-002356,2023-10-05,2023-10-07,62fbd97da58e,PRD-0006,DHL,7.3,0,
ORD-002357,2023-08-24,2023-08-27,294350c9a8bc,PRD-0027,Hermes,4.23,0,
ORD-002358,2023-07-12,2023-07-15,e342bb1a776b,PRD-0023,DHL,4.51,0,
ORD-002359,2023-04-13,2023-04-21,37ec30b57d11,PRD-0012,Hermes,6.03,0,
ORD-002360,2023-09-01,2023-09-04,f02966fbdc92,PRD-0029,DHL,7.43,1,Passt nicht
ORD-002361,2023-09-18,2023-09-27,713ba8f61f39,PRD-0044,Hermes,4.81,1,Zu spät geliefert
ORD-002362,2023-08-06,2023-08-09,19c154538a8f,PRD-0002,DPD,3.78,0,
ORD-002363,2023-06-28,2023-07-01,48e3cf2a4ce5,PRD-0013,DPD,5.64,0,
ORD-002364,2023-06-03,2023-06-06,0ca72907330e,PRD-0023,DHL,5.9,0,
ORD-002365,2023-08-01,2023-08-04,181e7a971de3,PRD-0012,Hermes,5.53,0,
ORD-002366,2023-01-03,2023-01-06,55e28e9559e9,PRD-0029,DHL,6.73,1,Passt nicht
ORD-002367,2023-05-26,2023-05-28,c34ae14ba20f,PRD-0019,DHL,5.86,0,
ORD-002368,2023-09-24,2023-09-25,95879f7848a2,PRD-0007,Hermes,7.18,0,
ORD-002369,2023-07-02,2023-07-05,dfc49371921b,PRD-0030,DPD,6.64,0,
ORD-002370,2023-01-20,2023-01-23,eaae01966a84,PRD-0008,DPD,4.96,1,Gefällt nicht
ORD-002371,2023-10-27,2023-10-29,86f6d149b736,PRD-0032,DHL,7.17,1,Passt nicht
ORD-002372,2023-03-14,2023-03-17,d42b50263f66,PRD-0031,DPD,5.86,0,
ORD-002373,2023-04-05,2023-04-08,b0c234dacd05,PRD-0034,DHL,7.15,0,
ORD-002374,2023-10-17,2023-10-20,3f37d071d051,PRD-0037,DPD,6.53,0,
ORD-002375,2023-09-27,2023-10-04,b3cd19da7738,PRD-0013,Hermes,6.01,1,Zu spät geliefert
ORD-002376,2023-07-05,2023-07-06,3c39f0cef709,PRD-0028,Hermes,4.79,0,
ORD-002377,2023-11-26,2023-11-28,2cb552c3de87,PRD-0040,Hermes,4.65,0,
ORD-002378,2023-07-04,2023-07-07,873ac5b3a73f,PRD-0045,DHL,4.25,0,
ORD-002379,2023-11-08,2023-11-11,46eff0f99985,PRD-0020,DPD,5.67,0,
ORD-002380,2023-10-11,2023-10-12,90afb8c8cd4d,PRD-0021,DPD,3.69,0,
ORD-002381,2023-02-04,2023-02-06,38424fe833d6,PRD-0025,DHL,3.71,0,
ORD-002382,2023-07-30,2023-08-02,fa5d05a1fbda,PRD-0044,Hermes,5.53,0,
ORD-002383,2023-04-14,2023-04-15,817685a6fc07,PRD-0045,DHL,7.07,1,Gefällt nicht
ORD-002384,2023-04-05,2023-04-08,e04a43e94370,PRD-0021,DHL,4.33,0,
ORD-002385,2023-11-29,2023-11-30,d8c6eb9296b5,PRD-0040,DHL,4.32,0,
ORD-002386,2023-01-03,2023-01-04,989608d8299d,PRD-0008,Hermes,7.16,0,
ORD-002387,2023-11-09,2023-11-17,d92233347019,PRD-0012,Hermes,4.07,1,Zu spät geliefert
ORD-002388,2023-09-07,2023-09-09,61723dab929d,PRD-0040,DPD,5.19,0,
ORD-002389,2023-02-08,2023-02-10,01e26e099605,PRD-0046,DPD,7.01,0,
ORD-002390,2023-08-07,2023-08-17,06726ca8eb1e,PRD-0018,Hermes,6.87,0,
ORD-002391,2023-03-14,2023-03-16,723a77d2c86b,PRD-0050,Hermes,5.08,0,
ORD-002392,2023-03-05,2023-03-06,a86478876429,PRD-0050,Hermes,3.96,1,Passt nicht
ORD-002393,2023-01-10,2023-01-11,b2d49550cf02,PRD-0032,DHL,4.17,0,
ORD-002394,2023-08-23,2023-08-26,7fbf9204dbdb,PRD-0017,DPD,5.09,0,
ORD-002395,2023-05-20,2023-05-27,140a54e27a67,PRD-0019,Hermes,7.04,0,
ORD-002396,2023-06-17,2023-06-19,cd2c51f526bd,PRD-0006,DPD,5.57,0,
ORD-002397,2023-07-09,2023-07-14,c3fcbe5dfa7d,PRD-0031,Hermes,4.24,0,
ORD-002398,2023-04-04,2023-04-05,69c7f59f0b65,PRD-0045,DHL,4.98,0,
ORD-002399,2023-03-26,2023-03-29,84ba34358ea2,PRD-0010,Hermes,5.51,0,
ORD-002400,2023-03-15,2023-03-18,ff5ac746bfa2,PRD-0013,DHL,5.78,0,
ORD-002401,2023-11-27,2023-11-29,9f99f9396b9c,PRD-0010,Hermes,4.3,0,
ORD-002402,2023-11-14,2023-11-22,0e29f3ef6c8e,PRD-0004,Hermes,4.4,1,Zu spät geliefert
ORD-002403,2023-02-25,2023-02-28,e181ef26b77f,PRD-0013,Hermes,3.78,1,Zu spät geliefert
ORD-002404,2023-09-26,2023-09-28,b4429a4861f6,PRD-0039,DPD,4.07,0,
ORD-002405,2023-10-02,2023-10-03,e11ba68c2897,PRD-0021,DHL,5.14,0,
ORD-002406,2023-08-23,2023-08-26,625a58a0970a,PRD-0002,DPD,7.23,0,
ORD-002407,2023-09-29,2023-09-30,a5c98f280d1f,PRD-0003,DHL,3.52,0,
ORD-002408,2023-07-06,2023-07-08,c3c2603b2d70,PRD-0037,DHL,3.98,0,
ORD-002409,2023-03-24,2023-03-25,619e59062a45,PRD-0049,DPD,3.8,0,
ORD-002410,2023-11-02,2023-11-05,22583b4a1b25,PRD-0031,DPD,6.24,0,
ORD-002411,2023-09-23,2023-09-24,294350c9a8bc,PRD-0029,DPD,5.95,0,
ORD-002412,2023-02-21,2023-02-23,5f4d71e13498,PRD-0041,Hermes,5.65,0,
ORD-002413,2023-03-23,2023-03-25,93b0a87d8f34,PRD-0015,DHL,4.2,0,
ORD-002414,2023-08-08,2023-08-13,afeee7d6a9ec,PRD-0025,Hermes,4.7,0,
ORD-002415,2023-12-01,2023-12-04,024a96c9fa45,PRD-0030,Hermes,7.45,0,
ORD-002416,2023-06-07,2023-06-08,434ffda97134,PRD-0041,Hermes,5.17,0,
ORD-002417,2023-04-23,2023-04-25,3dd5fa92ff54,PRD-0029,Hermes,4.03,1,Gefällt nicht
ORD-002418,2023-04-11,2023-04-12,c5dd3a786081,PRD-0014,DHL,5.77,0,
ORD-002419,2023-01-16,2023-01-19,c0aa67bccdba,PRD-0047,DPD,5.35,0,
ORD-002420,2023-03-14,2023-03-16,f1d915ccea6a,PRD-0049,Hermes,5.38,1,Passt nicht
ORD-002421,2023-12-04,2023-12-06,bbd2ef18044f,PRD-0042,Hermes,6.98,0,
ORD-002422,2023-08-06,2023-08-07,801e3483ff30,PRD-0004,DHL,6.14,1,Passt nicht
ORD-002423,2023-12-24,2023-12-25,887a73cb94dc,PRD-0034,Hermes,5.04,1,Gefällt nicht
ORD-002424,2023-02-21,2023-02-24,637b31314b2c,PRD-0012,Hermes,6.06,0,
ORD-002425,2023-05-06,2023-05-08,4a5d98f6b886,PRD-0013,DHL,4.48,0,
ORD-002426,2023-04-04,2023-04-06,84ba34358ea2,PRD-0009,Hermes,5.62,0,
ORD-002427,2023-10-24,2023-10-25,4caf20248c79,PRD-0003,DPD,3.84,0,
ORD-002428,2023-03-05,2023-03-12,22579d7e20eb,PRD-0004,Hermes,4.1,1,Zu spät geliefert
ORD-002429,2023-11-13,2023-11-15,063b9654188d,PRD-0020,DHL,4.76,0,
ORD-002430,2023-06-03,2023-06-05,f2344e0a11b7,PRD-0029,Hermes,6.71,1,Passt nicht
ORD-002431,2023-12-30,2024-01-01,563748058fe6,PRD-0010,DHL,5.14,1,Falscher Artikel
ORD-002432,2023-11-09,2023-11-11,3deb8e72056c,PRD-0036,DPD,4.62,0,
ORD-002433,2023-12-14,2023-12-17,b0c234dacd05,PRD-0016,DHL,7.14,0,
ORD-002434,2023-06-28,2023-06-29,200a2290a9f2,PRD-0049,DHL,5.39,0,
ORD-002435,2023-05-27,2023-05-30,6a10969653f7,PRD-0011,DHL,6.77,0,
ORD-002436,2023-08-28,2023-08-31,1885ebd4660c,PRD-0029,DPD,7.38,1,Passt nicht
ORD-002437,2023-11-30,2023-12-02,374f4987985f,PRD-0043,DPD,7.45,0,
ORD-002438,2023-08-19,2023-08-20,1636252b729a,PRD-0024,DHL,4.7,0,
ORD-002439,2023-09-11,2023-09-14,6f7ddd041dec,PRD-0010,DHL,6.04,0,
ORD-002440,2023-03-14,2023-03-16,0945de0f2c0f,PRD-0046,DHL,6.7,0,
ORD-002441,2023-04-11,2023-04-13,db6dedca2e05,PRD-0040,DPD,4.96,0,
ORD-002442,2023-03-06,2023-03-08,582d0ec0ec5c,PRD-0013,DPD,7.12,0,
ORD-002443,2023-06-20,2023-06-26,4778890e21f0,PRD-0032,Hermes,4.55,0,
ORD-002444,2023-07-03,2023-07-05,b79a09ffa2d1,PRD-0022,DHL,6.54,0,
ORD-002445,2023-12-23,2023-12-25,72ba3369b331,PRD-0043,DHL,4.02,0,
ORD-002446,2023-04-02,2023-04-05,050be106f190,PRD-0040,DHL,4.71,0,
ORD-002447,2023-08-30,2023-09-07,b298bc334963,PRD-0031,Hermes,4.84,0,
ORD-002448,2023-12-29,2023-12-31,7acac7cb4f65,PRD-0033,Hermes,6.38,1,Gefällt nicht
ORD-002449,2023-10-03,2023-10-12,9759761fbaf6,PRD-0013,Hermes,3.84,0,
ORD-002450,2023-03-03,2023-03-04,f04a1851f388,PRD-0021,DPD,6.72,1,Gefällt nicht
ORD-002451,2023-03-28,2023-03-29,8761265dcb91,PRD-0016,DHL,4.12,0,
ORD-002452,2023-10-07,2023-10-08,5caef4462f84,PRD-0016,DHL,6.45,1,Passt nicht
ORD-002453,2023-07-27,2023-07-28,a7ee55779da2,PRD-0040,DHL,7.36,0,
ORD-002454,2023-12-03,2023-12-05,66d83e310e09,PRD-0030,DPD,3.92,0,
ORD-002455,2023-05-12,2023-05-13,97a779a765e6,PRD-0004,DPD,4.24,1,Passt nicht
ORD-002456,2023-09-11,2023-09-13,27a4a8527b3f,PRD-0006,DHL,4.43,0,
ORD-002457,2023-02-24,2023-02-26,f878dd62e343,PRD-0046,DHL,5.62,0,
ORD-002458,2023-01-19,2023-01-21,c061d6ecb41c,PRD-0013,DPD,4.24,0,
ORD-002459,2023-02-23,2023-02-26,3760c4b579a5,PRD-0047,DPD,3.75,0,
ORD-002460,2023-04-03,2023-04-04,7aa777e66795,PRD-0033,DHL,4.55,1,Passt nicht
ORD-002461,2023-09-24,2023-09-25,30ab010147f1,PRD-0035,DPD,6.31,0,
ORD-002462,2023-03-12,2023-03-14,3e4e37d748aa,PRD-0013,DHL,4.41,0,
ORD-002463,2023-01-09,2023-01-11,6286963288a7,PRD-0041,DPD,5.53,0,
ORD-002464,2023-08-12,2023-08-14,5ba481d9f495,PRD-0014,Hermes,5.62,0,
ORD-002465,2023-02-06,2023-02-08,a87472edbf2f,PRD-0044,Hermes,5.48,1,Passt nicht
ORD-002466,2023-04-08,2023-04-11,7205110569a0,PRD-0047,DHL,5.22,0,
ORD-002467,2023-09-25,2023-09-27,9cc2ce1d1e58,PRD-0049,DPD,4.77,1,Passt nicht
ORD-002468,2023-01-01,2023-01-04,06ef72d7f8cf,PRD-0024,DPD,7.34,0,
ORD-002469,2023-01-26,2023-01-28,05b23c8b13d0,PRD-0017,DPD,6.47,0,
ORD-002470,2023-06-14,2023-06-16,9bf8bb92f6f0,PRD-0024,Hermes,7.5,0,
ORD-002471,2023-08-28,2023-08-29,723a77d2c86b,PRD-0015,DPD,5.14,1,Gefällt nicht
ORD-002472,2023-03-15,2023-03-17,884802d6725a,PRD-0030,Hermes,5.31,0,
ORD-002473,2023-03-30,2023-04-01,83aebe395a90,PRD-0048,Hermes,6.65,0,
ORD-002474,2023-10-23,2023-10-25,00aab29cebe7,PRD-0041,DHL,5.24,0,
ORD-002475,2023-11-07,2023-11-08,8a8452860d40,PRD-0043,DHL,4.24,0,
ORD-002476,2023-03-10,2023-03-18,469278a0c2d3,PRD-0002,Hermes,5.49,1,Zu spät geliefert
ORD-002477,2023-07-20,2023-07-22,db861bab1e40,PRD-0020,DPD,5.45,0,
ORD-002478,2023-04-19,2023-04-21,0963f40945fa,PRD-0032,Hermes,7.38,0,
ORD-002479,2023-04-24,2023-04-25,2282d30985a3,PRD-0023,DHL,6.32,0,
ORD-002480,2023-02-23,2023-02-24,5dd7c75864a7,PRD-0019,DHL,5.48,0,
ORD-002481,2023-03-24,2023-03-25,897da0ff1fdc,PRD-0027,Hermes,4.85,0,
ORD-002482,2023-04-26,2023-04-28,e342bb1a776b,PRD-0044,DPD,5.9,0,
ORD-002483,2023-07-12,2023-07-20,c5dd3a786081,PRD-0019,Hermes,7.38,1,Zu spät geliefert
ORD-002484,2023-09-14,2023-09-16,5d3422d03696,PRD-0002,Hermes,4.8,0,
ORD-002485,2023-01-28,2023-01-30,4e2191176290,PRD-0021,DPD,5.72,0,
ORD-002486,2023-08-23,2023-08-24,6d21c5ea8f42,PRD-0022,DPD,7.36,0,
ORD-002487,2023-08-18,2023-08-19,0ecc199bf319,PRD-0041,DPD,5.94,0,
ORD-002488,2023-07-23,2023-07-26,3c583cee118d,PRD-0016,Hermes,7.02,1,Falscher Artikel
ORD-002489,2023-02-28,2023-03-03,571f0605d00e,PRD-0049,DHL,5.35,1,Gefällt nicht
ORD-002490,2023-12-12,2023-12-13,4a3003667bf7,PRD-0047,Hermes,6.67,0,
ORD-002491,2023-08-25,2023-08-27,182a643a7a92,PRD-0046,DHL,3.74,0,
ORD-002492,2023-01-04,2023-01-05,61723dab929d,PRD-0015,DPD,5.75,1,Gefällt nicht
ORD-002493,2023-11-07,2023-11-09,0a872da2b2c2,PRD-0018,Hermes,5.65,0,
ORD-002494,2023-09-19,2023-09-22,8b9804a18cf9,PRD-0042,DHL,4.68,0,
ORD-002495,2023-07-07,2023-07-10,58e74b1567d2,PRD-0048,DHL,4.63,0,
ORD-002496,2023-05-09,2023-05-12,edd213b55d91,PRD-0025,Hermes,4.32,1,Beschädigt
ORD-002497,2023-11-15,2023-11-18,ecc4061a6b57,PRD-0002,DHL,5.19,0,
ORD-002498,2023-05-05,2023-05-07,8d7552eb62a6,PRD-0030,DHL,5.72,0,
ORD-002499,2023-12-01,2023-12-02,1009001add0e,PRD-0029,Hermes,4.29,0,
ORD-002500,2023-02-02,2023-02-03,1342de996668,PRD-0030,Hermes,3.57,0,
ORD-002501,2023-05-08,2023-05-10,1cc70d32846d,PRD-0021,DPD,4.76,0,
ORD-002502,2023-11-24,2023-11-25,3435d4a9da90,PRD-0025,DPD,6.09,0,
ORD-002503,2023-04-15,2023-04-18,cfd276367a24,PRD-0012,Hermes,4.8,1,Beschädigt
ORD-002504,2023-09-25,2023-09-28,cedbdcb96040,PRD-0037,DHL,5.49,1,Passt nicht
ORD-002505,2023-05-13,2023-05-14,1b84fe910c90,PRD-0005,DHL,7.26,1,Passt nicht
ORD-002506,2023-02-19,2023-02-28,1e042ef1af97,PRD-0006,Hermes,3.78,0,
ORD-002507,2023-12-15,2023-12-18,4c8539d04486,PRD-0035,DHL,6.66,0,
ORD-002508,2023-06-01,2023-06-02,87ba76f5d6ea,PRD-0010,DPD,5.29,0,
ORD-002509,2023-01-23,2023-02-01,404ff6a33ad1,PRD-0049,Hermes,6.07,1,Zu spät geliefert
ORD-002510,2023-12-22,2023-12-28,0e115f6fca4f,PRD-0015,Hermes,7.32,0,
ORD-002511,2023-12-26,2024-01-04,500081b57226,PRD-0033,Hermes,6.56,1,Zu spät geliefert
ORD-002512,2023-06-21,2023-06-24,3e00f34a1b6c,PRD-0002,DPD,5.7,0,
ORD-002513,2023-05-06,2023-05-07,a3106c759a3b,PRD-0013,DPD,5.83,0,
ORD-002514,2023-06-19,2023-06-20,2c8754a768e5,PRD-0023,DPD,4.97,0,
ORD-002515,2023-08-09,2023-08-14,2120a826ced3,PRD-0011,Hermes,6.48,0,
ORD-002516,2023-09-25,2023-09-27,695df20c0897,PRD-0018,DPD,4.14,0,
ORD-002517,2023-08-25,2023-08-27,cd2c51f526bd,PRD-0049,DPD,7.09,1,Gefällt nicht
ORD-002518,2023-08-30,2023-09-01,8a8feb40235e,PRD-0008,DPD,5.28,0,
ORD-002519,2023-01-27,2023-01-30,afeee7d6a9ec,PRD-0042,DPD,4.32,0,
ORD-002520,2023-03-20,2023-03-21,1a3edd26db8f,PRD-0003,Hermes,4.3,0,
ORD-002521,2023-08-03,2023-08-05,7f89f7c20bec,PRD-0048,DPD,6.2,0,
ORD-002522,2023-03-27,2023-03-29,1636252b729a,PRD-0038,Hermes,4.42,0,
ORD-002523,2023-02-18,2023-02-21,ab5e5d667420,PRD-0017,DHL,4.37,1,Passt nicht
ORD-002524,2023-01-12,2023-01-14,eeef6eaf3244,PRD-0022,DHL,5.05,0,
ORD-002525,2023-01-02,2023-01-05,953c25151831,PRD-0030,Hermes,5.42,0,
ORD-002526,2023-10-06,2023-10-07,e87ccbf56f42,PRD-0019,DPD,7.04,1,Passt nicht
ORD-002527,2023-11-20,2023-11-21,b5a6aad762bb,PRD-0002,DPD,7.29,0,
ORD-002528,2023-06-02,2023-06-12,7e7d85dcb9cf,PRD-0001,Hermes,3.89,0,
ORD-002529,2023-11-03,2023-11-04,8bf6259d1423,PRD-0014,DPD,6.47,0,
ORD-002530,2023-04-21,2023-04-23,4a5cfe839248,PRD-0005,Hermes,7.09,1,Passt nicht
ORD-002531,2023-04-06,2023-04-08,ce1cd38c362f,PRD-0010,Hermes,6.7,0,
ORD-002532,2023-03-24,2023-03-27,e61839c34145,PRD-0008,DPD,6.67,0,
ORD-002533,2023-09-19,2023-09-20,884802d6725a,PRD-0031,DHL,5.32,1,Passt nicht
ORD-002534,2023-03-02,2023-03-05,1636252b729a,PRD-0038,DPD,3.59,0,
ORD-002535,2023-03-13,2023-03-16,3f37d071d051,PRD-0031,DHL,4.36,0,
ORD-002536,2023-10-28,2023-11-05,4f4020b1fffb,PRD-0044,Hermes,5.15,0,
ORD-002537,2023-10-22,2023-10-23,e60bbfb74318,PRD-0001,DPD,7.34,0,
ORD-002538,2023-06-17,2023-06-19,ac329909b816,PRD-0018,DPD,4.31,0,
ORD-002539,2023-08-31,2023-09-02,7ca846a3515b,PRD-0002,DPD,4.25,0,
ORD-002540,2023-10-09,2023-10-12,872e17e7a5a1,PRD-0029,DHL,5.74,1,Gefällt nicht
ORD-002541,2023-10-30,2023-11-02,aa5efdd3f798,PRD-0032,DHL,3.69,0,
ORD-002542,2023-02-28,2023-03-02,ec45b49dae81,PRD-0006,DPD,5.39,0,
ORD-002543,2023-12-21,2023-12-23,b0e25b821d65,PRD-0024,DPD,5.66,0,
ORD-002544,2023-02-19,2023-02-21,40d2dfa1b3e7,PRD-0048,DPD,5.82,0,
ORD-002545,2023-07-11,2023-07-20,4a5cfe839248,PRD-0030,Hermes,5.13,0,
ORD-002546,2023-06-24,2023-06-27,0c9f50253a75,PRD-0028,DHL,4.05,0,
ORD-002547,2023-07-01,2023-07-03,d2e856c8388f,PRD-0023,DPD,5.66,0,
ORD-002548,2023-07-01,2023-07-03,ff522d29d602,PRD-0011,DHL,6.94,0,
ORD-002549,2023-03-26,2023-03-28,e45c7aa60886,PRD-0010,DPD,6.83,0,
ORD-002550,2023-03-21,2023-03-22,563748058fe6,PRD-0037,DHL,5.09,0,
ORD-002551,2023-01-30,2023-02-02,8b9804a18cf9,PRD-0027,DHL,5.58,0,
ORD-002552,2023-06-10,2023-06-13,59c230b0a5fb,PRD-0001,Hermes,6.24,1,Passt nicht
ORD-002553,2023-12-11,2023-12-18,3440e95f3c5a,PRD-0022,Hermes,5.08,1,Zu spät geliefert
ORD-002554,2023-10-09,2023-10-12,56038220416e,PRD-0026,DHL,5.13,0,
ORD-002555,2023-07-16,2023-07-19,1ee7c2736a4b,PRD-0007,DHL,4.12,0,
ORD-002556,2023-09-29,2023-10-02,53e714819d6b,PRD-0049,DHL,5.48,1,Passt nicht
ORD-002557,2023-01-14,2023-01-16,270e3dbaa894,PRD-0005,DPD,4.71,1,Gefällt nicht
ORD-002558,2023-06-04,2023-06-05,f94a26a4bbdd,PRD-0035,DPD,4.26,0,
ORD-002559,2023-06-06,2023-06-11,db6dedca2e05,PRD-0002,Hermes,7.3,1,Zu spät geliefert
ORD-002560,2023-12-27,2023-12-29,897ca07ed74a,PRD-0023,DPD,4.7,1,Falscher Artikel
ORD-002561,2023-04-27,2023-04-29,b9a8cd3edce6,PRD-0024,DHL,5.86,0,
ORD-002562,2023-10-11,2023-10-14,686dcba1686e,PRD-0041,DPD,7.41,1,Zu spät geliefert
ORD-002563,2023-07-05,2023-07-13,25afb81b53f9,PRD-0021,Hermes,5.04,0,
ORD-002564,2023-01-11,2023-01-13,a0fba1a80fbc,PRD-0050,DHL,5.98,0,
ORD-002565,2023-12-26,2024-01-03,419537955820,PRD-0044,Hermes,3.85,0,
ORD-002566,2023-11-08,2023-11-09,582d0ec0ec5c,PRD-0035,DHL,6.82,0,
ORD-002567,2023-06-22,2023-06-24,e05e68fad718,PRD-0007,Hermes,3.64,1,Gefällt nicht
ORD-002568,2023-01-02,2023-01-04,307e6b240c8c,PRD-0036,DPD,5.14,0,
ORD-002569,2023-03-22,2023-03-25,7598bd71fe53,PRD-0044,DHL,6.62,0,
ORD-002570,2023-08-05,2023-08-06,24d634f17354,PRD-0033,Hermes,6.29,0,
ORD-002571,2023-05-21,2023-05-24,b9a8cd3edce6,PRD-0035,DPD,3.97,1,Falscher Artikel
ORD-002572,2023-01-21,2023-01-23,1cb1e517ce99,PRD-0032,DHL,4.15,0,
ORD-002573,2023-04-03,2023-04-10,4086cd585ed6,PRD-0039,Hermes,3.81,0,
ORD-002574,2023-05-27,2023-05-28,ef210ff5a697,PRD-0032,DHL,6.48,0,
ORD-002575,2023-11-06,2023-11-12,697c1ac3f17c,PRD-0012,Hermes,6.23,0,
ORD-002576,2023-01-14,2023-01-17,f0ae84fe65c4,PRD-0032,DHL,6.3,0,
ORD-002577,2023-05-11,2023-05-12,078cf7c2e76f,PRD-0008,DHL,6.46,0,
ORD-002578,2023-08-27,2023-08-28,374f4987985f,PRD-0039,DPD,4.97,0,
ORD-002579,2023-05-02,2023-05-05,3cb282702fbe,PRD-0028,DHL,6.28,0,
ORD-002580,2023-03-07,2023-03-09,910f11049def,PRD-0035,DHL,4.62,0,
ORD-002581,2023-08-31,2023-09-07,2a4b55dff999,PRD-0045,Hermes,6.16,0,
ORD-002582,2023-07-15,2023-07-16,82596d07353f,PRD-0026,DPD,7.0,0,
ORD-002583,2023-11-06,2023-11-07,8f970c1893be,PRD-0002,DHL,6.16,0,
ORD-002584,2023-04-29,2023-05-01,3d1f19e70883,PRD-0043,DPD,5.41,0,
ORD-002585,2023-02-22,2023-02-25,0890fab2d63e,PRD-0043,DHL,5.74,0,
ORD-002586,2023-09-02,2023-09-04,808c1ac11a02,PRD-0013,DHL,6.31,0,
ORD-002587,2023-04-22,2023-04-25,5b122d52814b,PRD-0024,DHL,3.95,0,
ORD-002588,2023-02-02,2023-02-05,f247903e701b,PRD-0018,DPD,4.78,1,Gefällt nicht
ORD-002589,2023-10-10,2023-10-11,51aacee5186d,PRD-0031,DHL,5.41,0,
ORD-002590,2023-11-17,2023-11-19,e9998eed1eb2,PRD-0007,DHL,6.01,0,
ORD-002591,2023-01-15,2023-01-18,e5cfa1b88670,PRD-0005,DHL,6.94,1,Passt nicht
ORD-002592,2023-09-06,2023-09-07,23c74196e72c,PRD-0031,DPD,4.49,0,
ORD-002593,2023-07-03,2023-07-05,2bf6c29e438f,PRD-0027,DPD,6.81,0,
ORD-002594,2023-11-04,2023-11-05,c407a7bcfaf0,PRD-0004,Hermes,3.61,0,
ORD-002595,2023-10-02,2023-10-04,beeaa327b024,PRD-0047,Hermes,4.4,0,
ORD-002596,2023-04-26,2023-04-29,1097ce4c873e,PRD-0009,Hermes,5.13,0,
ORD-002597,2023-10-10,2023-10-11,188c9a5c1a64,PRD-0049,DPD,5.49,1,Gefällt nicht
ORD-002598,2023-01-21,2023-01-22,05736a0d282c,PRD-0028,DPD,5.75,0,
ORD-002599,2023-02-21,2023-02-24,e526f66f6c08,PRD-0050,DHL,5.07,1,Gefällt nicht
ORD-002600,2023-12-15,2023-12-17,1d38108d4d5d,PRD-0042,Hermes,7.18,0,
ORD-002601,2023-07-12,2023-07-14,a8d56cd8c7b8,PRD-0031,DPD,6.98,0,
ORD-002602,2023-04-15,2023-04-18,8b96560757d0,PRD-0038,DPD,5.92,0,
ORD-002603,2023-01-08,2023-01-10,33c93562f478,PRD-0037,DHL,7.4,1,Gefällt nicht
ORD-002604,2023-09-20,2023-09-23,034194b44a36,PRD-0034,DPD,7.24,1,Beschädigt
ORD-002605,2023-09-09,2023-09-12,ee25d0e6f8f7,PRD-0019,DPD,7.13,1,Gefällt nicht
ORD-002606,2023-12-04,2023-12-12,c0186f5bc743,PRD-0013,Hermes,5.15,0,
ORD-002607,2023-06-18,2023-06-21,d1955254241e,PRD-0039,Hermes,7.06,0,
ORD-002608,2023-07-03,2023-07-05,a8ac0b2e1350,PRD-0050,DPD,6.35,1,Gefällt nicht
ORD-002609,2023-10-31,2023-11-02,cd71aeb76816,PRD-0021,DHL,4.19,0,
ORD-002610,2023-10-22,2023-11-02,0963f40945fa,PRD-0047,Hermes,6.82,0,
ORD-002611,2023-05-23,2023-06-01,344ab744ddeb,PRD-0042,Hermes,7.23,0,
ORD-002612,2023-07-16,2023-07-21,e122976f0144,PRD-0035,Hermes,7.37,0,
ORD-002613,2023-03-06,2023-03-13,3c583cee118d,PRD-0036,Hermes,5.32,0,
ORD-002614,2023-06-16,2023-06-19,77b851aa0932,PRD-0038,Hermes,3.7,0,
ORD-002615,2023-06-26,2023-07-06,44b24c4b5ccd,PRD-0041,Hermes,3.98,0,
ORD-002616,2023-06-13,2023-06-18,eeef6eaf3244,PRD-0008,Hermes,5.69,0,
ORD-002617,2023-02-23,2023-02-26,8ed36ba577d5,PRD-0009,DHL,4.32,0,
ORD-002618,2023-05-25,2023-05-26,d27e485fd6fd,PRD-0043,DPD,7.41,1,Gefällt nicht
ORD-002619,2023-08-10,2023-08-17,246c8c07d731,PRD-0018,Hermes,5.78,0,
ORD-002620,2023-12-26,2024-01-04,7ca846a3515b,PRD-0036,Hermes,6.55,0,
ORD-002621,2023-01-01,2023-01-04,a97026418d78,PRD-0025,DHL,7.32,0,
ORD-002622,2023-11-23,2023-11-26,3817ec543c32,PRD-0037,DPD,4.58,0,
ORD-002623,2023-12-26,2023-12-27,9b0b439a8f79,PRD-0008,DHL,4.38,0,
ORD-002624,2023-06-16,2023-06-17,e122976f0144,PRD-0040,DHL,4.62,0,
ORD-002625,2023-11-19,2023-11-21,c3c2603b2d70,PRD-0016,DPD,6.94,0,
ORD-002626,2023-03-04,2023-03-09,7ade2c1e0157,PRD-0025,Hermes,5.28,0,
ORD-002627,2023-01-06,2023-01-09,e813fca4c6e1,PRD-0048,Hermes,4.32,1,Beschädigt
ORD-002628,2023-11-24,2023-12-01,d590578f636c,PRD-0032,Hermes,5.96,0,
ORD-002629,2023-01-16,2023-01-17,38271a58b81d,PRD-0029,DPD,6.31,0,
ORD-002630,2023-04-06,2023-04-08,007b3c52d374,PRD-0045,DPD,5.12,0,
ORD-002631,2023-10-02,2023-10-10,6cd541597068,PRD-0021,Hermes,5.02,0,
ORD-002632,2023-06-07,2023-06-10,14de5d2e2a0c,PRD-0031,DHL,4.48,0,
ORD-002633,2023-03-16,2023-03-19,0e115f6fca4f,PRD-0005,Hermes,4.88,0,
ORD-002634,2023-11-09,2023-11-11,00aab29cebe7,PRD-0002,Hermes,3.86,0,
ORD-002635,2023-07-17,2023-07-19,44b2ea3c07ba,PRD-0023,DHL,7.49,0,
ORD-002636,2023-09-15,2023-09-16,4c9893856dd5,PRD-0011,DHL,6.08,0,
ORD-002637,2023-05-19,2023-05-20,9fcffad07fda,PRD-0034,DHL,4.96,0,
ORD-002638,2023-09-04,2023-09-07,49067f21850d,PRD-0015,DHL,3.87,0,
ORD-002639,2023-11-25,2023-11-27,a86478876429,PRD-0036,DHL,5.31,1,Beschädigt
ORD-002640,2023-11-05,2023-11-07,97d6492e940c,PRD-0010,Hermes,5.14,0,
ORD-002641,2023-11-11,2023-11-12,54ff55540509,PRD-0034,DHL,5.98,0,
ORD-002642,2023-06-06,2023-06-07,d937e7e8d3dc,PRD-0042,DPD,7.27,1,Gefällt nicht
ORD-002643,2023-12-09,2023-12-10,b342d2731d1f,PRD-0011,DHL,4.28,0,
ORD-002644,2023-11-05,2023-11-06,e04a43e94370,PRD-0005,DHL,5.64,1,Passt nicht
ORD-002645,2023-04-12,2023-04-14,f27d94e49727,PRD-0030,DPD,4.11,0,
ORD-002646,2023-06-09,2023-06-10,a2358e00a911,PRD-0012,DHL,4.19,0,
ORD-002647,2023-10-11,2023-10-14,65fa4460f4d3,PRD-0033,DHL,3.73,0,
ORD-002648,2023-01-28,2023-01-30,0d9d01d1a344,PRD-0011,DHL,4.47,1,Passt nicht
ORD-002649,2023-04-20,2023-04-22,f6cc1089a080,PRD-0024,DPD,5.32,0,
ORD-002650,2023-08-11,2023-08-12,eff7c49b7f80,PRD-0008,DPD,5.92,0,
ORD-002651,2023-06-23,2023-07-01,024a96c9fa45,PRD-0005,Hermes,5.46,1,Zu spät geliefert
ORD-002652,2023-04-14,2023-04-17,d7502d19f435,PRD-0026,DPD,7.06,0,
ORD-002653,2023-05-03,2023-05-05,af6695e50e2e,PRD-0042,DPD,5.81,0,
ORD-002654,2023-08-20,2023-08-22,749e9ba6c73c,PRD-0048,Hermes,5.51,0,
ORD-002655,2023-07-08,2023-07-09,25afb81b53f9,PRD-0009,DHL,6.87,1,Beschädigt
ORD-002656,2023-09-08,2023-09-16,404ff6a33ad1,PRD-0039,Hermes,5.45,1,Zu spät geliefert
ORD-002657,2023-08-16,2023-08-18,13dd794265e4,PRD-0002,DHL,6.5,0,
ORD-002658,2023-03-23,2023-03-24,4061551d8f3a,PRD-0038,DPD,4.71,0,
ORD-002659,2023-02-10,2023-02-11,1824d85429cb,PRD-0010,DHL,4.51,0,
ORD-002660,2023-07-23,2023-07-25,e70e2b8716ad,PRD-0030,DPD,4.32,0,
ORD-002661,2023-12-26,2023-12-27,309e98408862,PRD-0027,DHL,7.09,0,
ORD-002662,2023-03-26,2023-04-04,c6ed379381ca,PRD-0007,Hermes,7.05,0,
ORD-002663,2023-08-16,2023-08-19,abd59341f3f1,PRD-0028,DHL,6.78,0,
ORD-002664,2023-09-29,2023-10-01,217fb6888b3e,PRD-0031,DHL,4.27,1,Gefällt nicht
ORD-002665,2023-10-27,2023-10-28,c6ed379381ca,PRD-0033,DHL,4.08,0,
ORD-002666,2023-08-10,2023-08-16,c4994b8ec859,PRD-0036,Hermes,4.99,0,
ORD-002667,2023-09-21,2023-09-24,977a97380535,PRD-0026,Hermes,4.64,0,
ORD-002668,2023-07-08,2023-07-09,389e0f551325,PRD-0034,DPD,6.53,0,
ORD-002669,2023-10-18,2023-10-19,b79a09ffa2d1,PRD-0049,DPD,5.69,0,
ORD-002670,2023-08-12,2023-08-13,000f6f3e3d8a,PRD-0037,DPD,4.11,0,
ORD-002671,2023-11-22,2023-11-25,618cc57afb13,PRD-0025,Hermes,6.04,0,
ORD-002672,2023-07-30,2023-07-31,4fbccc16f45a,PRD-0010,DHL,4.6,0,
ORD-002673,2023-10-02,2023-10-04,ec8528237f6f,PRD-0003,DHL,4.28,1,Passt nicht
ORD-002674,2023-04-18,2023-04-19,05b23c8b13d0,PRD-0013,Hermes,7.46,0,
ORD-002675,2023-11-24,2023-11-25,1c19c7c40810,PRD-0001,DHL,4.56,0,
ORD-002676,2023-08-21,2023-08-23,5fa3180aa5f5,PRD-0005,DHL,4.16,0,
ORD-002677,2023-11-03,2023-11-04,4705fbb31f62,PRD-0032,DHL,6.75,0,
ORD-002678,2023-01-31,2023-02-02,bfbb609be506,PRD-0040,DPD,7.32,0,
ORD-002679,2023-04-11,2023-04-14,809f89f73fa5,PRD-0037,DPD,6.76,0,
ORD-002680,2023-08-21,2023-08-23,d92233347019,PRD-0041,DPD,6.17,0,
ORD-002681,2023-12-21,2023-12-24,3bf1d8ad69c7,PRD-0046,DPD,6.72,0,
ORD-002682,2023-10-02,2023-10-03,c44512e2acc8,PRD-0016,DHL,4.59,0,
ORD-002683,2023-07-16,2023-07-18,871f8b4139ea,PRD-0033,Hermes,3.71,0,
ORD-002684,2023-06-15,2023-06-16,b51224cb0170,PRD-0020,Hermes,6.88,0,
ORD-002685,2023-01-14,2023-01-15,be09470a4786,PRD-0016,Hermes,5.52,0,
ORD-002686,2023-08-17,2023-08-19,801e3483ff30,PRD-0048,Hermes,4.47,0,
ORD-002687,2023-10-15,2023-10-16,0f0e0d0ddd58,PRD-0031,DPD,7.2,0,
ORD-002688,2023-08-29,2023-09-07,3f9cb3978a57,PRD-0028,Hermes,4.84,0,
ORD-002689,2023-12-12,2023-12-13,a5c98f280d1f,PRD-0008,Hermes,7.21,0,
ORD-002690,2023-05-03,2023-05-05,cfd276367a24,PRD-0038,DHL,4.44,0,
ORD-002691,2023-11-13,2023-11-15,51aacee5186d,PRD-0040,DHL,5.87,1,Gefällt nicht
ORD-002692,2023-05-02,2023-05-03,b5a6aad762bb,PRD-0006,DHL,4.1,1,Passt nicht
ORD-002693,2023-01-06,2023-01-09,c38ac70a78b8,PRD-0032,DHL,7.47,0,
ORD-002694,2023-12-03,2023-12-04,fba69d74eef3,PRD-0031,DHL,6.21,1,Gefällt nicht
ORD-002695,2023-04-20,2023-04-23,689be503fd22,PRD-0045,Hermes,4.82,1,Beschädigt
ORD-002696,2023-08-20,2023-08-21,b45ed2c50b71,PRD-0038,DHL,6.79,0,
ORD-002697,2023-09-30,2023-10-10,d45ab1001715,PRD-0011,Hermes,6.85,1,Zu spät geliefert
ORD-002698,2023-11-07,2023-11-16,c98325181881,PRD-0040,Hermes,4.13,0,
ORD-002699,2023-09-15,2023-09-16,831786676e1c,PRD-0045,DPD,4.4,0,
ORD-002700,2023-03-22,2023-03-24,07f7801b3ed6,PRD-0003,Hermes,6.74,0,
ORD-002701,2023-02-25,2023-02-27,79eb57c262b2,PRD-0033,Hermes,5.17,0,
ORD-002702,2023-11-16,2023-11-24,7e7d85dcb9cf,PRD-0016,Hermes,6.31,0,
ORD-002703,2023-06-11,2023-06-14,99724234e6f0,PRD-0006,DHL,4.09,0,
ORD-002704,2023-10-29,2023-11-01,977a97380535,PRD-0009,DHL,6.25,1,Beschädigt
ORD-002705,2023-12-05,2023-12-07,b21c28b39f88,PRD-0016,DPD,3.99,0,
ORD-002706,2023-06-19,2023-06-22,0e29f3ef6c8e,PRD-0043,DPD,4.71,0,
ORD-002707,2023-04-26,2023-05-04,2f94e3143891,PRD-0014,Hermes,4.88,1,Zu spät geliefert
ORD-002708,2023-03-26,2023-04-04,359d96a93aa1,PRD-0003,Hermes,7.37,1,Zu spät geliefert
ORD-002709,2023-02-19,2023-02-27,0a872da2b2c2,PRD-0046,Hermes,6.33,0,
ORD-002710,2023-02-21,2023-02-24,d451b4fe0223,PRD-0021,DPD,6.98,0,
ORD-002711,2023-10-17,2023-10-18,0e01fd7ca933,PRD-0017,Hermes,4.09,0,
ORD-002712,2023-03-28,2023-03-31,f073c64a2004,PRD-0009,DHL,7.33,0,
ORD-002713,2023-08-18,2023-08-19,1097ce4c873e,PRD-0013,DPD,6.58,0,
ORD-002714,2023-04-10,2023-04-12,e05e68fad718,PRD-0024,DPD,4.99,0,
ORD-002715,2023-12-13,2023-12-21,fba69d74eef3,PRD-0007,Hermes,6.13,1,Zu spät geliefert
ORD-002716,2023-05-28,2023-05-30,06726ca8eb1e,PRD-0048,DPD,7.06,0,
ORD-002717,2023-02-09,2023-02-10,4f98a6145166,PRD-0040,DPD,7.3,0,
ORD-002718,2023-02-20,2023-02-23,aa5d87998a2a,PRD-0003,Hermes,3.68,1,Gefällt nicht
ORD-002719,2023-02-09,2023-02-12,88dbab0e54b2,PRD-0002,Hermes,5.4,0,
ORD-002720,2023-03-02,2023-03-05,30ab010147f1,PRD-0027,Hermes,6.84,0,
ORD-002721,2023-10-07,2023-10-09,e0ff769390ed,PRD-0029,Hermes,6.77,0,
ORD-002722,2023-08-01,2023-08-11,f4ed782b83c8,PRD-0038,Hermes,4.39,1,Zu spät geliefert
ORD-002723,2023-08-16,2023-08-18,a850deaca172,PRD-0029,DHL,7.33,1,Passt nicht
ORD-002724,2023-10-01,2023-10-04,7495bed060a9,PRD-0018,DPD,3.57,0,
ORD-002725,2023-12-29,2023-12-31,873288b0f8fb,PRD-0047,DPD,6.15,0,
ORD-002726,2023-12-08,2023-12-11,cd2b612e83a2,PRD-0038,DHL,4.65,0,
ORD-002727,2023-07-27,2023-07-30,404ff6a33ad1,PRD-0016,Hermes,6.12,0,
ORD-002728,2023-11-09,2023-11-15,e27e61b004ff,PRD-0044,Hermes,3.58,0,
ORD-002729,2023-09-10,2023-09-12,6ff587083847,PRD-0048,DPD,4.67,0,
ORD-002730,2023-01-29,2023-01-31,afe6017571c8,PRD-0027,DHL,4.16,0,
ORD-002731,2023-09-14,2023-09-16,200a2290a9f2,PRD-0049,Hermes,6.06,0,
ORD-002732,2023-12-03,2023-12-04,0465ce22ecb4,PRD-0010,DHL,3.76,0,
ORD-002733,2023-12-20,2023-12-28,4d24d8dae4d2,PRD-0049,Hermes,5.5,1,Zu spät geliefert
ORD-002734,2023-02-10,2023-02-12,3bf1d8ad69c7,PRD-0050,DPD,5.42,0,
ORD-002735,2023-05-08,2023-05-10,d649fbca3585,PRD-0018,DHL,4.91,0,
ORD-002736,2023-08-28,2023-08-30,b9a8cd3edce6,PRD-0013,DPD,7.14,0,
ORD-002737,2023-04-22,2023-04-23,8cf348161471,PRD-0050,DHL,4.14,1,Gefällt nicht
ORD-002738,2023-08-07,2023-08-08,57719992ae4c,PRD-0045,DPD,7.2,0,
ORD-002739,2023-12-29,2023-12-31,e05e68fad718,PRD-0023,DHL,6.67,0,
ORD-002740,2023-05-12,2023-05-14,48b014d38a4c,PRD-0007,DPD,5.98,1,Passt nicht
ORD-002741,2023-03-30,2023-04-02,2cb552c3de87,PRD-0050,DPD,7.4,0,
ORD-002742,2023-04-08,2023-04-10,a8c66f9f711d,PRD-0015,DPD,5.33,0,
ORD-002743,2023-01-07,2023-01-08,cd294a56e965,PRD-0042,Hermes,3.51,1,Passt nicht
ORD-002744,2023-01-02,2023-01-04,4cf18262fe4e,PRD-0002,DPD,5.16,0,
ORD-002745,2023-09-29,2023-10-05,749e9ba6c73c,PRD-0001,Hermes,5.75,0,
ORD-002746,2023-01-29,2023-01-31,3a4c40b4ab8b,PRD-0038,DHL,7.48,0,
ORD-002747,2023-03-12,2023-03-13,a5598237eef7,PRD-0049,Hermes,4.48,1,Gefällt nicht
ORD-002748,2023-09-24,2023-09-25,140a54e27a67,PRD-0028,Hermes,6.16,1,Beschädigt
ORD-002749,2023-06-24,2023-06-26,500081b57226,PRD-0045,Hermes,6.9,0,
ORD-002750,2023-06-19,2023-06-20,05736a0d282c,PRD-0034,Hermes,5.13,0,
ORD-002751,2023-10-15,2023-10-16,b61fe1d1a782,PRD-0019,Hermes,7.23,0,
ORD-002752,2023-09-29,2023-10-01,2493564c4baa,PRD-0039,DHL,6.57,1,Gefällt nicht
ORD-002753,2023-12-23,2023-12-26,b6c409f8788c,PRD-0008,DHL,6.7,0,
ORD-002754,2023-12-07,2023-12-09,808c1ac11a02,PRD-0004,Hermes,5.67,0,
ORD-002755,2023-03-05,2023-03-08,e5cfa1b88670,PRD-0006,DPD,6.98,0,
ORD-002756,2023-02-23,2023-02-26,ecc92ca07f24,PRD-0020,DPD,7.08,0,
ORD-002757,2023-12-20,2023-12-28,78a2938173f2,PRD-0003,Hermes,3.71,1,Zu spät geliefert
ORD-002758,2023-03-16,2023-03-17,72e988d8eb56,PRD-0007,DPD,3.67,1,Gefällt nicht
ORD-002759,2023-11-14,2023-11-22,9f8bb10d51b5,PRD-0024,Hermes,5.74,0,
ORD-002760,2023-08-18,2023-08-20,4cf5896cdd88,PRD-0016,DHL,6.09,0,
ORD-002761,2023-07-26,2023-07-29,05b23c8b13d0,PRD-0045,DHL,5.38,0,
ORD-002762,2023-10-01,2023-10-02,5bba74e19cfd,PRD-0046,DHL,6.79,0,
ORD-002763,2023-12-22,2023-12-24,d052d3dc4806,PRD-0033,DHL,5.81,1,Gefällt nicht
ORD-002764,2023-04-29,2023-05-01,07253018c7d0,PRD-0050,DHL,3.74,0,
ORD-002765,2023-07-13,2023-07-15,635719a9bacb,PRD-0040,DPD,4.88,1,Gefällt nicht
ORD-002766,2023-04-27,2023-05-05,1003cd80e129,PRD-0038,Hermes,7.06,0,
ORD-002767,2023-03-09,2023-03-12,09ced3b306bc,PRD-0027,Hermes,5.12,1,Passt nicht
ORD-002768,2023-11-18,2023-11-26,3edb3b945be0,PRD-0048,Hermes,5.82,0,
ORD-002769,2023-12-12,2023-12-13,afeee7d6a9ec,PRD-0043,DHL,4.42,0,
ORD-002770,2023-12-27,2023-12-30,dbd09bd846af,PRD-0048,DHL,4.03,1,Zu spät geliefert
ORD-002771,2023-09-05,2023-09-08,6cd541597068,PRD-0018,DHL,6.37,1,Gefällt nicht
ORD-002772,2023-03-04,2023-03-06,59b9071f19ac,PRD-0045,DHL,5.29,1,Gefällt nicht
ORD-002773,2023-05-13,2023-05-14,e60dc7c1c7ac,PRD-0047,DPD,4.8,0,
ORD-002774,2023-06-04,2023-06-07,fd7902f1976a,PRD-0025,DPD,5.27,0,
ORD-002775,2023-10-05,2023-10-06,cd2c51f526bd,PRD-0041,DHL,4.25,0,
ORD-002776,2023-06-29,2023-07-01,f247903e701b,PRD-0043,DHL,4.6,0,
ORD-002777,2023-10-17,2023-10-19,359d96a93aa1,PRD-0017,DHL,3.75,0,
ORD-002778,2023-07-15,2023-07-17,dec2d92afa99,PRD-0004,DPD,4.32,0,
ORD-002779,2023-09-28,2023-09-30,0ba853873b50,PRD-0019,DHL,6.58,1,Gefällt nicht
ORD-002780,2023-07-10,2023-07-11,40ab188bca4c,PRD-0049,DPD,4.89,0,
ORD-002781,2023-01-25,2023-01-26,0e29f3ef6c8e,PRD-0015,Hermes,7.35,1,Gefällt nicht
ORD-002782,2023-11-26,2023-11-27,efa214a349d0,PRD-0011,Hermes,6.08,1,Passt nicht
ORD-002783,2023-07-19,2023-07-22,571f0605d00e,PRD-0015,DPD,4.08,0,
ORD-002784,2023-10-28,2023-11-04,8ed36ba577d5,PRD-0047,Hermes,6.13,0,
ORD-002785,2023-07-14,2023-07-16,f3c7ffe55341,PRD-0020,DPD,7.33,1,Falscher Artikel
ORD-002786,2023-07-24,2023-07-26,8761265dcb91,PRD-0016,Hermes,6.17,0,
ORD-002787,2023-02-24,2023-02-27,bcea4943f5ed,PRD-0040,DPD,6.01,0,
ORD-002788,2023-12-20,2023-12-21,42f746bc7720,PRD-0001,DHL,5.77,1,Gefällt nicht
ORD-002789,2023-02-20,2023-02-21,d56badee061c,PRD-0031,DHL,6.38,1,Gefällt nicht
ORD-002790,2023-03-21,2023-03-23,21e550fd7f03,PRD-0017,DPD,6.02,0,
ORD-002791,2023-06-24,2023-06-27,0907e2f4a507,PRD-0039,DPD,5.02,0,
ORD-002792,2023-07-24,2023-07-26,f7482307e4e1,PRD-0013,DHL,4.93,1,Beschädigt
ORD-002793,2023-09-07,2023-09-09,49b5de66f141,PRD-0016,DPD,5.22,0,
ORD-002794,2023-08-01,2023-08-02,3deb8e72056c,PRD-0002,DPD,4.43,1,Gefällt nicht
ORD-002795,2023-09-10,2023-09-12,33c5c26054a7,PRD-0003,DHL,7.48,0,
ORD-002796,2023-07-07,2023-07-10,379ebebe8e18,PRD-0007,DPD,4.04,0,
ORD-002797,2023-01-23,2023-01-25,48a9611b448a,PRD-0014,DHL,3.55,1,Gefällt nicht
ORD-002798,2023-05-09,2023-05-11,512edac15cb6,PRD-0027,DHL,7.06,0,
ORD-002799,2023-09-13,2023-09-15,f4ec8620a252,PRD-0014,DHL,5.95,0,
ORD-002800,2023-08-01,2023-08-04,93746af9a172,PRD-0017,DPD,7.25,0,
ORD-002801,2023-11-26,2023-12-04,1aa279e94dde,PRD-0003,Hermes,6.28,0,
ORD-002802,2023-04-23,2023-04-25,6dcf47721286,PRD-0032,DHL,3.9,0,
ORD-002803,2023-01-27,2023-01-30,0edb747c7064,PRD-0038,DHL,5.21,0,
ORD-002804,2023-05-31,2023-06-03,c46a919923c8,PRD-0023,Hermes,7.42,1,Passt nicht
ORD-002805,2023-07-22,2023-07-24,a50ae801e10b,PRD-0002,DPD,6.79,0,
ORD-002806,2023-01-20,2023-01-23,4e2191176290,PRD-0048,DHL,6.81,0,
ORD-002807,2023-05-30,2023-06-08,e99680c88a42,PRD-0009,Hermes,4.04,1,Zu spät geliefert
ORD-002808,2023-09-28,2023-09-29,68b31dfb1b61,PRD-0047,DPD,6.53,0,
ORD-002809,2023-01-30,2023-02-01,35d823e07c4d,PRD-0020,DPD,3.75,0,
ORD-002810,2023-10-12,2023-10-20,4a3003667bf7,PRD-0011,Hermes,4.2,1,Zu spät geliefert
ORD-002811,2023-03-19,2023-03-20,dc03524d72cc,PRD-0027,DHL,4.35,0,
ORD-002812,2023-09-29,2023-10-01,50aba4db4830,PRD-0027,DHL,6.75,0,
ORD-002813,2023-10-08,2023-10-11,23c746589c26,PRD-0046,DPD,6.21,0,
ORD-002814,2023-04-10,2023-04-12,4ec5d0d83271,PRD-0038,DPD,4.13,0,
ORD-002815,2023-08-12,2023-08-15,1009001add0e,PRD-0035,DPD,5.3,0,
ORD-002816,2023-09-07,2023-09-17,48e3cf2a4ce5,PRD-0040,Hermes,6.43,1,Zu spät geliefert
ORD-002817,2023-05-24,2023-05-26,38e3977abee1,PRD-0002,DHL,6.59,0,
ORD-002818,2023-06-05,2023-06-06,a03a0cec9f71,PRD-0006,DPD,4.01,0,
ORD-002819,2023-04-29,2023-05-02,b9e344c756b9,PRD-0015,DPD,6.93,0,
ORD-002820,2023-07-01,2023-07-04,0763c47e87fa,PRD-0031,Hermes,4.04,0,
ORD-002821,2023-10-18,2023-10-19,a8ea3b6635e5,PRD-0012,DPD,4.46,0,
ORD-002822,2023-08-12,2023-08-15,f878dd62e343,PRD-0033,DPD,4.47,0,
ORD-002823,2023-08-21,2023-08-24,9759761fbaf6,PRD-0006,Hermes,4.83,0,
ORD-002824,2023-07-28,2023-07-30,6c1abafed714,PRD-0012,DHL,6.85,0,
ORD-002825,2023-12-04,2023-12-07,d83e23745063,PRD-0015,DPD,6.0,1,Passt nicht
ORD-002826,2023-04-16,2023-04-19,c98325181881,PRD-0028,DPD,6.45,0,
ORD-002827,2023-06-02,2023-06-05,cd294a56e965,PRD-0030,DHL,6.89,0,
ORD-002828,2023-01-10,2023-01-11,d4c40c6083d0,PRD-0003,DHL,6.26,0,
ORD-002829,2023-10-20,2023-10-21,f1d915ccea6a,PRD-0047,DHL,6.53,0,
ORD-002830,2023-09-21,2023-09-22,bad59cbc1a8e,PRD-0041,DPD,5.42,1,Gefällt nicht
ORD-002831,2023-05-07,2023-05-10,e5c38c7b8b62,PRD-0007,Hermes,6.38,1,Passt nicht
ORD-002832,2023-07-20,2023-07-31,e6e300a6bed0,PRD-0021,Hermes,6.51,0,
ORD-002833,2023-06-16,2023-06-19,fe658e70891a,PRD-0011,DHL,5.9,0,
ORD-002834,2023-09-24,2023-09-26,f1f3d239b22b,PRD-0035,Hermes,3.81,0,
ORD-002835,2023-06-22,2023-06-25,fdd5b5cc44a1,PRD-0049,Hermes,5.38,1,Gefällt nicht
ORD-002836,2023-08-31,2023-09-05,fe2dfe5b7805,PRD-0028,Hermes,7.04,1,Beschädigt
ORD-002837,2023-04-15,2023-04-17,654a8248ac1b,PRD-0023,DPD,4.6,1,Falscher Artikel
ORD-002838,2023-08-09,2023-08-19,e813fca4c6e1,PRD-0026,Hermes,4.58,1,Zu spät geliefert
ORD-002839,2023-10-28,2023-11-06,35664c9c3f85,PRD-0021,Hermes,6.64,0,
ORD-002840,2023-11-06,2023-11-09,f86b972e587c,PRD-0047,DHL,6.0,0,
ORD-002841,2023-05-31,2023-06-01,13e46c560187,PRD-0027,DHL,6.92,0,
ORD-002842,2023-03-16,2023-03-18,7c129bcbaf79,PRD-0030,DPD,3.57,0,
ORD-002843,2023-12-10,2023-12-13,f7482307e4e1,PRD-0050,DPD,3.74,1,Passt nicht
ORD-002844,2023-09-21,2023-09-23,7495bed060a9,PRD-0004,DHL,7.06,1,Passt nicht
ORD-002845,2023-07-30,2023-07-31,270e3dbaa894,PRD-0034,DPD,6.43,0,
ORD-002846,2023-04-04,2023-04-07,ea0c9d4c943e,PRD-0042,DHL,5.49,0,
ORD-002847,2023-01-02,2023-01-03,1885ebd4660c,PRD-0016,DPD,6.56,0,
ORD-002848,2023-11-29,2023-12-01,42f746bc7720,PRD-0042,DHL,6.19,1,Passt nicht
ORD-002849,2023-08-30,2023-09-02,df434dfc7d39,PRD-0045,Hermes,5.59,0,
ORD-002850,2023-11-30,2023-12-03,7515db680360,PRD-0043,DPD,4.13,1,Gefällt nicht
ORD-002851,2023-12-23,2023-12-24,b0ba10a7453d,PRD-0027,DPD,6.4,0,
ORD-002852,2023-06-22,2023-06-23,42f746bc7720,PRD-0028,DHL,6.61,0,
ORD-002853,2023-03-01,2023-03-03,685102ce2f35,PRD-0030,DHL,7.43,0,
ORD-002854,2023-03-20,2023-03-22,7dd1c91fd74e,PRD-0011,Hermes,3.67,0,
ORD-002855,2023-06-03,2023-06-06,974d23a2f0a4,PRD-0015,DPD,5.67,0,
ORD-002856,2023-11-09,2023-11-12,b9ad68fbc78c,PRD-0019,DHL,5.38,1,Passt nicht
ORD-002857,2023-02-16,2023-02-18,6e611f8bb26b,PRD-0027,Hermes,5.62,0,
ORD-002858,2023-01-20,2023-01-23,a6a4c4bba062,PRD-0002,DHL,5.72,1,Gefällt nicht
ORD-002859,2023-11-22,2023-11-24,81eab3379b56,PRD-0034,DHL,7.39,0,
ORD-002860,2023-07-30,2023-07-31,a03a0cec9f71,PRD-0040,DPD,4.86,0,
ORD-002861,2023-01-24,2023-01-25,f2120a709999,PRD-0044,DPD,4.67,0,
ORD-002862,2023-08-11,2023-08-13,e61839c34145,PRD-0014,DHL,5.85,1,Gefällt nicht
ORD-002863,2023-12-08,2023-12-10,bfe8a25c1406,PRD-0046,DHL,6.73,0,
ORD-002864,2023-02-24,2023-02-25,ca7e4c1f97fd,PRD-0007,DHL,5.32,0,
ORD-002865,2023-06-12,2023-06-15,af6695e50e2e,PRD-0047,DHL,4.46,1,Gefällt nicht
ORD-002866,2023-02-02,2023-02-03,3817ec543c32,PRD-0041,DPD,4.04,0,
ORD-002867,2023-05-30,2023-05-31,0e29f3ef6c8e,PRD-0021,DHL,6.92,0,
ORD-002868,2023-06-05,2023-06-08,3a1afaed4133,PRD-0005,DHL,5.49,0,
ORD-002869,2023-02-21,2023-02-22,0c9f50253a75,PRD-0021,Hermes,5.13,0,
ORD-002870,2023-01-03,2023-01-04,9759761fbaf6,PRD-0047,DPD,4.33,1,Gefällt nicht
ORD-002871,2023-02-08,2023-02-09,2d3ec09b42db,PRD-0002,DPD,5.16,0,
ORD-002872,2023-06-12,2023-06-15,ea7252c335f0,PRD-0009,DPD,4.48,0,
ORD-002873,2023-05-06,2023-05-09,654a8248ac1b,PRD-0022,Hermes,6.79,1,Gefällt nicht
ORD-002874,2023-05-19,2023-05-21,fd4c61edccfc,PRD-0008,DPD,7.03,0,
ORD-002875,2023-12-16,2023-12-18,ff522d29d602,PRD-0014,Hermes,3.81,1,Passt nicht
ORD-002876,2023-05-04,2023-05-07,dde2a1a9d5df,PRD-0005,DHL,5.8,0,
ORD-002877,2023-10-12,2023-10-21,5f53888bfcb6,PRD-0035,Hermes,6.85,0,
ORD-002878,2023-06-24,2023-06-30,77f5e7c90479,PRD-0009,Hermes,5.93,0,
ORD-002879,2023-09-23,2023-09-24,e6638b0be48a,PRD-0010,DHL,4.84,0,
ORD-002880,2023-07-16,2023-07-18,ab5a82deb9ec,PRD-0005,DHL,6.28,0,
ORD-002881,2023-06-07,2023-06-08,a2ac4df62e2b,PRD-0047,Hermes,6.49,0,
ORD-002882,2023-04-18,2023-04-19,59b9071f19ac,PRD-0024,DPD,4.85,0,
ORD-002883,2023-05-09,2023-05-11,3e00f34a1b6c,PRD-0026,Hermes,5.58,0,
ORD-002884,2023-07-13,2023-07-14,05a078d470a8,PRD-0008,DPD,6.89,0,
ORD-002885,2023-09-16,2023-09-17,a6006729eb0e,PRD-0003,DHL,4.31,0,
ORD-002886,2023-12-26,2023-12-27,7dd1c91fd74e,PRD-0026,DPD,6.55,0,
ORD-002887,2023-07-23,2023-07-25,8491090b660e,PRD-0010,DPD,3.9,1,Gefällt nicht
ORD-002888,2023-06-04,2023-06-06,fdd5b5cc44a1,PRD-0050,DHL,4.92,0,
ORD-002889,2023-05-06,2023-05-09,8a8452860d40,PRD-0028,DPD,5.79,0,
ORD-002890,2023-05-08,2023-05-10,9b0b439a8f79,PRD-0041,Hermes,4.07,0,
ORD-002891,2023-10-19,2023-10-21,1c19c7c40810,PRD-0034,Hermes,4.72,1,Gefällt nicht
ORD-002892,2023-10-22,2023-10-24,4852f5188b47,PRD-0001,DPD,4.87,0,
ORD-002893,2023-05-20,2023-05-23,e6fdc640101d,PRD-0031,DPD,5.61,0,
ORD-002894,2023-12-12,2023-12-13,4491d799a963,PRD-0003,DHL,5.96,0,
ORD-002895,2023-07-11,2023-07-14,96a2ca71f156,PRD-0004,DHL,6.26,0,
ORD-002896,2023-05-17,2023-05-20,24c1e8e62f86,PRD-0039,DHL,5.76,0,
ORD-002897,2023-02-08,2023-02-10,4d0b23799439,PRD-0005,Hermes,6.36,0,
ORD-002898,2023-03-08,2023-03-09,7e90cd9f8a38,PRD-0017,DPD,5.89,0,
ORD-002899,2023-04-09,2023-04-11,d937e7e8d3dc,PRD-0040,DPD,5.79,0,
ORD-002900,2023-07-02,2023-07-04,f86b972e587c,PRD-0050,DPD,6.07,0,
ORD-002901,2023-06-17,2023-06-20,49b5de66f141,PRD-0039,DPD,6.54,0,
ORD-002902,2023-04-17,2023-04-20,4f3591331c55,PRD-0030,DHL,5.64,0,
ORD-002903,2023-01-03,2023-01-06,cfcb6acdefc1,PRD-0038,Hermes,4.82,0,
ORD-002904,2023-01-03,2023-01-06,7299927759bf,PRD-0019,DHL,5.78,0,
ORD-002905,2023-01-21,2023-01-22,5d0536d12f17,PRD-0013,DHL,4.68,1,Gefällt nicht
ORD-002906,2023-05-31,2023-06-02,df434dfc7d39,PRD-0050,Hermes,3.72,0,
ORD-002907,2023-07-23,2023-07-26,81140dea1830,PRD-0045,DHL,5.09,0,
ORD-002908,2023-06-23,2023-06-24,68b31dfb1b61,PRD-0030,Hermes,4.36,0,
ORD-002909,2023-05-12,2023-05-15,3deb8e72056c,PRD-0047,DHL,4.8,0,
ORD-002910,2023-07-22,2023-08-02,0c686f54405d,PRD-0039,Hermes,7.09,1,Zu spät geliefert
ORD-002911,2023-11-02,2023-11-03,2251a199048c,PRD-0002,Hermes,7.05,0,
ORD-002912,2023-11-11,2023-11-14,68b31dfb1b61,PRD-0010,DPD,4.87,0,
ORD-002913,2023-06-11,2023-06-14,ea7252c335f0,PRD-0010,Hermes,4.09,0,
ORD-002914,2023-11-10,2023-11-13,33c93562f478,PRD-0018,DHL,5.01,0,
ORD-002915,2023-07-26,2023-07-27,c407a7bcfaf0,PRD-0041,DHL,6.73,1,Zu spät geliefert
ORD-002916,2023-11-29,2023-11-30,7320f3ffb41e,PRD-0044,DPD,6.73,0,
ORD-002917,2023-02-21,2023-02-27,3903bc4ea31b,PRD-0037,Hermes,5.09,0,
ORD-002918,2023-04-24,2023-04-26,23dfee58d4b8,PRD-0016,DPD,4.59,0,
ORD-002919,2023-09-23,2023-09-24,2120a826ced3,PRD-0003,DHL,4.39,0,
ORD-002920,2023-01-23,2023-01-25,6dcf47721286,PRD-0043,DPD,7.13,0,
ORD-002921,2023-05-19,2023-05-20,65e0a6c5bce6,PRD-0005,DHL,6.55,0,
ORD-002922,2023-01-28,2023-01-29,0edb747c7064,PRD-0013,DHL,6.76,0,
ORD-002923,2023-06-11,2023-06-12,29af765e49d1,PRD-0002,DHL,3.72,0,
ORD-002924,2023-05-29,2023-05-31,204dcf7a5e26,PRD-0018,DHL,3.79,0,
ORD-002925,2023-05-18,2023-05-20,48a9611b448a,PRD-0021,DHL,4.21,0,
ORD-002926,2023-04-10,2023-04-13,f23d982e04cd,PRD-0034,DHL,6.07,0,
ORD-002927,2023-05-07,2023-05-10,e181ef26b77f,PRD-0010,DHL,6.05,0,
ORD-002928,2023-02-11,2023-02-13,efa214a349d0,PRD-0002,Hermes,4.15,0,
ORD-002929,2023-03-01,2023-03-04,9d62b602ed33,PRD-0029,DHL,6.95,0,
ORD-002930,2023-03-10,2023-03-11,beeaa327b024,PRD-0009,DPD,5.72,0,
ORD-002931,2023-12-13,2023-12-16,a9617bd36564,PRD-0048,Hermes,5.04,0,
ORD-002932,2023-04-10,2023-04-13,619165201926,PRD-0011,DPD,3.77,0,
ORD-002933,2023-12-01,2023-12-03,c44512e2acc8,PRD-0017,DHL,6.2,0,
ORD-002934,2023-04-28,2023-04-29,b4dc1ff25a7d,PRD-0005,DHL,3.86,1,Passt nicht
ORD-002935,2023-04-11,2023-04-14,437c0fbd875f,PRD-0021,Hermes,7.16,0,
ORD-002936,2023-01-27,2023-01-30,4c8539d04486,PRD-0007,Hermes,4.32,0,
ORD-002937,2023-10-26,2023-10-27,2120a826ced3,PRD-0011,DPD,3.5,1,Passt nicht
ORD-002938,2023-07-18,2023-07-19,1a3edd26db8f,PRD-0015,Hermes,4.77,0,
ORD-002939,2023-08-17,2023-08-20,cf4764400f03,PRD-0032,DPD,5.0,0,
ORD-002940,2023-08-26,2023-08-27,723a77d2c86b,PRD-0014,Hermes,4.73,0,
ORD-002941,2023-07-03,2023-07-04,05cc3be2fee8,PRD-0004,DPD,4.79,0,
ORD-002942,2023-12-29,2024-01-05,df434dfc7d39,PRD-0026,Hermes,4.64,0,
ORD-002943,2023-04-25,2023-04-26,13e46c560187,PRD-0016,Hermes,5.09,0,
ORD-002944,2023-01-02,2023-01-04,625a58a0970a,PRD-0007,DHL,5.5,0,
ORD-002945,2023-02-25,2023-02-26,c5c12a05c748,PRD-0011,DHL,6.06,1,Passt nicht
ORD-002946,2023-11-08,2023-11-11,30ab010147f1,PRD-0032,DPD,3.91,0,
ORD-002947,2023-11-26,2023-11-28,f047058cc75d,PRD-0017,DPD,5.68,0,
ORD-002948,2023-11-20,2023-11-23,34b02b0d1fdb,PRD-0032,DPD,4.44,0,
ORD-002949,2023-03-20,2023-03-21,852136f15af9,PRD-0015,DPD,6.89,0,
ORD-002950,2023-03-20,2023-03-22,df2618f77ad2,PRD-0035,DPD,4.85,0,
ORD-002951,2023-07-25,2023-08-05,d937e7e8d3dc,PRD-0049,Hermes,6.05,1,Zu spät geliefert
ORD-002952,2023-06-07,2023-06-09,974d23a2f0a4,PRD-0044,DHL,3.74,0,
ORD-002953,2023-12-21,2023-12-23,89771a379f84,PRD-0032,DHL,6.73,0,
ORD-002954,2023-07-27,2023-08-02,fb46fedca7cb,PRD-0001,Hermes,6.86,1,Zu spät geliefert
ORD-002955,2023-06-15,2023-06-17,017f7d9aa46c,PRD-0015,DPD,3.84,1,Passt nicht
ORD-002956,2023-01-07,2023-01-09,8a8feb40235e,PRD-0044,DPD,5.66,1,Beschädigt
ORD-002957,2023-07-19,2023-07-21,1dc1bf598d53,PRD-0007,DPD,4.1,0,
ORD-002958,2023-10-29,2023-10-30,379ebebe8e18,PRD-0034,DPD,4.05,1,Falscher Artikel
ORD-002959,2023-04-01,2023-04-04,89592b8f6d10,PRD-0026,Hermes,5.64,0,
ORD-002960,2023-11-21,2023-11-23,d052d3dc4806,PRD-0018,DHL,5.67,0,
ORD-002961,2023-05-04,2023-05-05,0a872da2b2c2,PRD-0035,DHL,7.17,0,
ORD-002962,2023-11-15,2023-11-18,e9c2bd64e52f,PRD-0022,DHL,4.42,0,
ORD-002963,2023-07-02,2023-07-05,db101f406012,PRD-0035,Hermes,5.53,0,
ORD-002964,2023-12-03,2023-12-05,e5e92df1e0aa,PRD-0042,DHL,4.85,0,
ORD-002965,2023-01-17,2023-01-20,daef63bdd6d2,PRD-0040,DPD,6.09,0,
ORD-002966,2023-10-11,2023-10-14,07f7801b3ed6,PRD-0023,Hermes,6.74,0,
ORD-002967,2023-01-25,2023-01-28,2bec6db3684b,PRD-0003,DPD,4.93,0,
ORD-002968,2023-06-25,2023-06-27,e1f4a299a8d3,PRD-0016,DPD,5.41,0,
ORD-002969,2023-01-08,2023-01-09,683091b0c9f2,PRD-0050,DPD,4.6,1,Gefällt nicht
ORD-002970,2023-04-06,2023-04-07,f5bd06ab835b,PRD-0005,DPD,6.15,0,
ORD-002971,2023-06-08,2023-06-11,c3a3122f53f0,PRD-0032,DPD,5.67,0,
ORD-002972,2023-03-17,2023-03-19,a2ac4df62e2b,PRD-0040,DPD,6.37,0,
ORD-002973,2023-01-18,2023-01-21,50aba4db4830,PRD-0009,Hermes,6.5,0,
ORD-002974,2023-12-09,2023-12-11,edd213b55d91,PRD-0042,DPD,3.5,0,
ORD-002975,2023-08-30,2023-09-02,b3cd19da7738,PRD-0012,DPD,4.97,0,
ORD-002976,2023-04-26,2023-04-29,a86478876429,PRD-0018,DHL,4.94,0,
ORD-002977,2023-11-11,2023-11-14,7dd1c91fd74e,PRD-0025,DPD,5.33,0,
ORD-002978,2023-12-30,2023-12-31,b45ed2c50b71,PRD-0002,DPD,7.1,0,
ORD-002979,2023-04-14,2023-04-16,f424a6d31f39,PRD-0050,DPD,4.57,0,
ORD-002980,2023-03-01,2023-03-03,97498ce80361,PRD-0034,Hermes,4.91,0,
ORD-002981,2023-12-22,2023-12-23,57719992ae4c,PRD-0040,Hermes,4.03,0,
ORD-002982,2023-03-24,2023-03-26,034194b44a36,PRD-0048,DPD,6.82,0,
ORD-002983,2023-07-19,2023-07-22,b0693dcc41cf,PRD-0013,DPD,4.86,0,
ORD-002984,2023-09-07,2023-09-10,0e01fd7ca933,PRD-0017,DHL,4.81,0,
ORD-002985,2023-06-09,2023-06-12,034194b44a36,PRD-0049,Hermes,7.16,0,
ORD-002986,2023-01-24,2023-01-27,582fb1eed8db,PRD-0025,DHL,7.28,0,
ORD-002987,2023-03-09,2023-03-11,33b5c19fea3c,PRD-0045,DHL,6.63,0,
ORD-002988,2023-01-18,2023-01-21,77c5cc0f7ae8,PRD-0007,DHL,4.98,1,Gefällt nicht
ORD-002989,2023-11-06,2023-11-16,b61fe1d1a782,PRD-0042,Hermes,5.73,0,
ORD-002990,2023-09-27,2023-09-29,db6dedca2e05,PRD-0040,Hermes,4.4,1,Gefällt nicht
ORD-002991,2023-05-10,2023-05-13,f047058cc75d,PRD-0020,DPD,6.8,1,Falscher Artikel
ORD-002992,2023-10-12,2023-10-15,05736a0d282c,PRD-0008,Hermes,6.83,1,Falscher Artikel
ORD-002993,2023-01-19,2023-01-21,2fdbd1a9022b,PRD-0038,DHL,3.84,0,
ORD-002994,2023-07-29,2023-08-06,ec45b49dae81,PRD-0014,Hermes,4.81,1,Zu spät geliefert
ORD-002995,2023-08-26,2023-08-27,953c25151831,PRD-0013,DHL,4.96,0,
ORD-002996,2023-10-13,2023-10-15,1636252b729a,PRD-0014,Hermes,3.89,0,
ORD-002997,2023-07-27,2023-08-06,d4129aa4c1b3,PRD-0028,Hermes,6.89,1,Zu spät geliefert
ORD-002998,2023-03-28,2023-03-30,637ccb709f55,PRD-0042,DHL,6.67,0,
ORD-002999,2023-01-12,2023-01-13,c3fcbe5dfa7d,PRD-0050,Hermes,7.29,0,
ORD-003000,2023-08-25,2023-08-28,97a779a765e6,PRD-0045,DPD,3.74,0,
ORD-003001,2023-10-29,2023-11-04,dde3f5369231,PRD-0009,Hermes,5.56,1,Zu spät geliefert
ORD-003002,2023-12-05,2023-12-12,7c129bcbaf79,PRD-0050,Hermes,5.73,0,
ORD-003003,2023-04-18,2023-04-26,2bec6db3684b,PRD-0050,Hermes,5.83,0,
ORD-003004,2023-10-17,2023-10-20,0dc43ad19079,PRD-0049,Hermes,4.05,1,Passt nicht
ORD-003005,2023-01-27,2023-01-29,09ced3b306bc,PRD-0022,DPD,7.07,0,
ORD-003006,2023-03-24,2023-03-26,0090a09fd83c,PRD-0035,DPD,5.19,0,
ORD-003007,2023-04-15,2023-04-18,ec45b49dae81,PRD-0021,DPD,5.51,0,
ORD-003008,2023-09-17,2023-09-18,9e4cc83219db,PRD-0040,DHL,5.21,0,
ORD-003009,2023-08-13,2023-08-14,88dbab0e54b2,PRD-0002,DHL,3.67,0,
ORD-003010,2023-01-05,2023-01-13,5caef4462f84,PRD-0020,Hermes,4.45,1,Zu spät geliefert
ORD-003011,2023-08-15,2023-08-21,b3cd19da7738,PRD-0008,Hermes,5.42,0,
ORD-003012,2023-10-27,2023-10-30,52be2b8bf72e,PRD-0014,DPD,6.45,0,
ORD-003013,2023-06-18,2023-06-28,d052d3dc4806,PRD-0007,Hermes,5.03,1,Zu spät geliefert
ORD-003014,2023-09-05,2023-09-07,77f5e7c90479,PRD-0040,DPD,5.19,1,Passt nicht
ORD-003015,2023-01-26,2023-01-29,2120a826ced3,PRD-0041,Hermes,4.1,0,
ORD-003016,2023-11-16,2023-11-19,6dcf47721286,PRD-0009,Hermes,7.18,0,
ORD-003017,2023-08-24,2023-08-27,3760c4b579a5,PRD-0014,DHL,6.33,1,Passt nicht
ORD-003018,2023-07-04,2023-07-05,bad59cbc1a8e,PRD-0007,DPD,4.01,1,Passt nicht
ORD-003019,2023-08-20,2023-08-21,1342de996668,PRD-0010,DPD,6.0,0,
ORD-003020,2023-07-08,2023-07-09,713ba8f61f39,PRD-0025,DPD,5.58,0,
ORD-003021,2023-12-04,2023-12-13,0dc43ad19079,PRD-0017,Hermes,3.6,0,
ORD-003022,2023-11-25,2023-11-27,660792f4ffff,PRD-0050,Hermes,4.21,1,Gefällt nicht
ORD-003023,2023-12-24,2024-01-01,eeef6eaf3244,PRD-0023,Hermes,4.56,0,
ORD-003024,2023-11-15,2023-11-18,0d9d01d1a344,PRD-0025,DHL,4.8,0,
ORD-003025,2023-12-14,2023-12-17,bba0303a4f1e,PRD-0006,DPD,5.03,0,
ORD-003026,2023-08-12,2023-08-15,091f24ee1b41,PRD-0036,DHL,5.7,1,Passt nicht
ORD-003027,2023-12-07,2023-12-08,97498ce80361,PRD-0046,Hermes,5.33,0,
ORD-003028,2023-07-09,2023-07-12,a8023688433d,PRD-0013,Hermes,6.12,0,
ORD-003029,2023-02-22,2023-02-24,6a18980f851a,PRD-0012,DHL,4.12,0,
ORD-003030,2023-11-23,2023-11-24,ae868fa763a9,PRD-0037,DPD,7.03,0,
ORD-003031,2023-04-16,2023-04-18,ae868fa763a9,PRD-0007,DPD,6.13,0,
ORD-003032,2023-05-11,2023-05-13,1469f2d2a8c9,PRD-0005,DPD,4.45,1,Passt nicht
ORD-003033,2023-03-01,2023-03-03,54ff55540509,PRD-0021,DPD,4.48,0,
ORD-003034,2023-08-04,2023-08-06,6d21c5ea8f42,PRD-0035,DHL,4.73,0,
ORD-003035,2023-04-15,2023-04-18,6c64f068b9cd,PRD-0008,Hermes,7.03,0,
ORD-003036,2023-02-12,2023-02-18,be09470a4786,PRD-0011,Hermes,4.54,0,
ORD-003037,2023-03-23,2023-03-26,56099f469c26,PRD-0037,Hermes,5.91,1,Gefällt nicht
ORD-003038,2023-05-21,2023-05-27,b0c234dacd05,PRD-0038,Hermes,4.15,0,
ORD-003039,2023-06-01,2023-06-04,62fbd97da58e,PRD-0016,DPD,5.61,0,
ORD-003040,2023-08-25,2023-08-26,d203bb5d702c,PRD-0047,DHL,7.08,0,
ORD-003041,2023-04-15,2023-04-18,9ac16b47a843,PRD-0009,DPD,5.58,0,
ORD-003042,2023-07-24,2023-07-27,309e98408862,PRD-0010,DHL,3.89,0,
ORD-003043,2023-01-06,2023-01-09,cd0279635bf1,PRD-0024,Hermes,5.69,0,
ORD-003044,2023-04-27,2023-04-29,919cb12d101f,PRD-0003,DHL,5.46,0,
ORD-003045,2023-05-04,2023-05-07,b5153050464a,PRD-0044,Hermes,5.25,0,
ORD-003046,2023-12-22,2023-12-25,873ac5b3a73f,PRD-0014,DPD,7.01,0,
ORD-003047,2023-01-17,2023-01-26,637b31314b2c,PRD-0033,Hermes,3.74,1,Zu spät geliefert
ORD-003048,2023-06-30,2023-07-01,749e9ba6c73c,PRD-0049,DHL,4.45,1,Gefällt nicht
ORD-003049,2023-03-21,2023-03-24,b9a8cd3edce6,PRD-0042,DHL,5.8,0,
ORD-003050,2023-05-18,2023-05-20,6ef6370210bf,PRD-0030,DHL,4.15,0,
ORD-003051,2023-10-20,2023-10-21,1c19c7c40810,PRD-0047,DPD,6.07,1,Gefällt nicht
ORD-003052,2023-10-27,2023-10-30,95879f7848a2,PRD-0050,DPD,6.16,0,
ORD-003053,2023-05-27,2023-05-29,a9617bd36564,PRD-0020,DHL,6.97,0,
ORD-003054,2023-10-19,2023-10-22,d33a78d74e4f,PRD-0013,DHL,7.15,0,
ORD-003055,2023-09-26,2023-10-05,f1f3d239b22b,PRD-0027,Hermes,5.93,0,
ORD-003056,2023-07-11,2023-07-12,a24089fa2684,PRD-0010,Hermes,3.96,0,
ORD-003057,2023-04-27,2023-04-30,40db9091b8c8,PRD-0008,DPD,5.14,0,
ORD-003058,2023-07-17,2023-07-18,78a2938173f2,PRD-0043,DHL,3.96,1,Passt nicht
ORD-003059,2023-01-06,2023-01-07,45a20b0f920a,PRD-0026,DHL,3.67,0,
ORD-003060,2023-08-11,2023-08-13,4f4523c8395a,PRD-0047,DHL,4.87,0,
ORD-003061,2023-05-06,2023-05-15,4d2adee0b81e,PRD-0034,Hermes,4.36,0,
ORD-003062,2023-07-13,2023-07-15,97d6492e940c,PRD-0037,DHL,4.33,0,
ORD-003063,2023-09-06,2023-09-08,8dc07de707aa,PRD-0043,DHL,6.16,0,
ORD-003064,2023-09-06,2023-09-07,b50fdc718ebc,PRD-0050,DPD,4.2,1,Gefällt nicht
ORD-003065,2023-03-28,2023-03-31,37ec30b57d11,PRD-0019,DHL,6.0,0,
ORD-003066,2023-08-11,2023-08-14,d83e23745063,PRD-0022,DHL,7.43,0,
ORD-003067,2023-04-08,2023-04-18,e813fca4c6e1,PRD-0039,Hermes,6.89,1,Zu spät geliefert
ORD-003068,2023-09-20,2023-09-22,afeee7d6a9ec,PRD-0023,DPD,3.76,0,
ORD-003069,2023-01-08,2023-01-09,868c311e5e64,PRD-0048,DPD,4.36,0,
ORD-003070,2023-12-11,2023-12-13,f04a1851f388,PRD-0037,DPD,6.79,1,Gefällt nicht
ORD-003071,2023-05-11,2023-05-13,831786676e1c,PRD-0007,DHL,4.26,1,Gefällt nicht
ORD-003072,2023-08-15,2023-08-17,24d634f17354,PRD-0023,DPD,5.05,0,
ORD-003073,2023-11-18,2023-11-19,69c7f59f0b65,PRD-0009,DHL,3.8,0,
ORD-003074,2023-09-01,2023-09-02,4d2adee0b81e,PRD-0050,DHL,7.22,1,Gefällt nicht
ORD-003075,2023-10-23,2023-10-31,897ca07ed74a,PRD-0008,Hermes,4.61,0,
ORD-003076,2023-08-02,2023-08-03,54ff55540509,PRD-0039,DPD,6.39,0,
ORD-003077,2023-01-18,2023-01-26,e4dfa3382446,PRD-0028,Hermes,6.94,1,Zu spät geliefert
ORD-003078,2023-02-24,2023-02-26,1c5539ac3471,PRD-0042,DHL,6.81,1,Passt nicht
ORD-003079,2023-09-13,2023-09-14,873ac5b3a73f,PRD-0041,DPD,6.34,0,
ORD-003080,2023-06-17,2023-06-18,5ba481d9f495,PRD-0003,DHL,7.13,1,Gefällt nicht
ORD-003081,2023-01-01,2023-01-04,5bdcbeb00ad0,PRD-0032,DPD,5.19,0,
ORD-003082,2023-03-07,2023-03-08,91d7c560befb,PRD-0020,DPD,5.86,0,
ORD-003083,2023-10-06,2023-10-08,f27d94e49727,PRD-0023,Hermes,4.48,0,
ORD-003084,2023-08-28,2023-08-30,9bf8bb92f6f0,PRD-0007,DHL,3.51,0,
ORD-003085,2023-04-08,2023-04-09,c254fe7df2af,PRD-0036,DHL,5.56,0,
ORD-003086,2023-04-15,2023-04-18,b45ed2c50b71,PRD-0014,DHL,5.72,0,
ORD-003087,2023-02-27,2023-03-01,1086241e2fd7,PRD-0029,Hermes,5.2,1,Passt nicht
ORD-003088,2023-09-10,2023-09-13,024a96c9fa45,PRD-0035,DHL,5.29,1,Beschädigt
ORD-003089,2023-12-05,2023-12-08,e7e66c1e9fe0,PRD-0038,DHL,6.32,1,Beschädigt
ORD-003090,2023-11-11,2023-11-14,e9ee57ea2321,PRD-0006,DHL,3.91,1,Zu spät geliefert
ORD-003091,2023-11-29,2023-11-30,b9e344c756b9,PRD-0030,DPD,7.38,0,
ORD-003092,2023-01-18,2023-01-21,3c583cee118d,PRD-0019,Hermes,4.3,0,
ORD-003093,2023-11-08,2023-11-11,4c8539d04486,PRD-0012,DHL,3.57,0,
ORD-003094,2023-04-01,2023-04-04,a3e6026be7de,PRD-0012,Hermes,5.29,0,
ORD-003095,2023-02-04,2023-02-06,d0f9e20b6ac8,PRD-0028,DPD,4.32,0,
ORD-003096,2023-05-18,2023-05-19,7d13cf616dd9,PRD-0001,Hermes,6.61,0,
ORD-003097,2023-12-20,2023-12-22,1342de996668,PRD-0026,DHL,6.85,0,
ORD-003098,2023-07-26,2023-08-04,dec2d92afa99,PRD-0026,Hermes,4.46,1,Zu spät geliefert
ORD-003099,2023-08-22,2023-08-29,918b7cfb57b8,PRD-0045,Hermes,5.2,0,
ORD-003100,2023-10-24,2023-10-27,e342bb1a776b,PRD-0022,DPD,6.68,1,Passt nicht
ORD-003101,2023-02-24,2023-02-26,f878dd62e343,PRD-0029,DPD,4.0,0,
ORD-003102,2023-05-09,2023-05-12,582d0ec0ec5c,PRD-0003,DHL,5.84,0,
ORD-003103,2023-07-22,2023-07-23,640a49a29fe1,PRD-0050,DPD,5.75,0,
ORD-003104,2023-04-19,2023-04-22,61e80c53c02e,PRD-0046,DPD,3.51,0,
ORD-003105,2023-08-26,2023-08-27,dbd09bd846af,PRD-0043,DPD,3.67,1,Passt nicht
ORD-003106,2023-11-23,2023-11-24,13d2e75f5e4c,PRD-0039,DPD,4.69,0,
ORD-003107,2023-12-05,2023-12-07,77989b5d640a,PRD-0039,Hermes,5.47,0,
ORD-003108,2023-01-07,2023-01-08,619e59062a45,PRD-0042,DHL,5.26,0,
ORD-003109,2023-07-02,2023-07-05,8f970c1893be,PRD-0027,Hermes,5.14,0,
ORD-003110,2023-03-16,2023-03-17,45a20b0f920a,PRD-0007,DHL,7.31,0,
ORD-003111,2023-11-24,2023-11-26,c29a8cd01fe7,PRD-0031,DPD,6.55,1,Passt nicht
ORD-003112,2023-05-02,2023-05-05,be656dd918f8,PRD-0012,DHL,5.56,0,
ORD-003113,2023-03-01,2023-03-04,b51224cb0170,PRD-0039,Hermes,6.73,1,Gefällt nicht
ORD-003114,2023-01-16,2023-01-17,db7f6e6545a6,PRD-0046,Hermes,7.32,0,
ORD-003115,2023-03-30,2023-04-01,a8ac0b2e1350,PRD-0002,DHL,6.78,1,Zu spät geliefert
ORD-003116,2023-02-07,2023-02-08,c7607c20e1b6,PRD-0011,DHL,6.86,0,
ORD-003117,2023-08-07,2023-08-08,33c93562f478,PRD-0043,DPD,6.14,0,
ORD-003118,2023-10-16,2023-10-17,5d6484f28822,PRD-0007,DPD,7.1,1,Gefällt nicht
ORD-003119,2023-06-20,2023-06-22,710113ae34b1,PRD-0008,DHL,6.42,0,
ORD-003120,2023-09-16,2023-09-19,ef585dfe39ff,PRD-0033,DPD,7.21,0,
ORD-003121,2023-06-28,2023-07-01,20e4c8f9f7e6,PRD-0002,DHL,7.08,0,
ORD-003122,2023-07-02,2023-07-03,9e4cc83219db,PRD-0035,DHL,5.31,0,
ORD-003123,2023-04-21,2023-04-24,884802d6725a,PRD-0023,DPD,4.43,0,
ORD-003124,2023-07-26,2023-07-28,fbd94c946403,PRD-0033,Hermes,3.75,0,
ORD-003125,2023-06-19,2023-06-20,b61fe1d1a782,PRD-0017,DPD,4.78,0,
ORD-003126,2023-06-28,2023-06-29,f04a1851f388,PRD-0006,DHL,3.84,0,
ORD-003127,2023-05-21,2023-05-24,cac190493a6d,PRD-0026,DHL,7.24,0,
ORD-003128,2023-08-25,2023-08-28,d33a78d74e4f,PRD-0032,DPD,4.16,0,
ORD-003129,2023-05-22,2023-05-25,feccdff69e1e,PRD-0028,DPD,6.4,0,
ORD-003130,2023-02-14,2023-02-16,a0fb09d931e8,PRD-0038,DPD,3.7,0,
ORD-003131,2023-09-12,2023-09-13,055ae687dcb3,PRD-0038,Hermes,6.66,0,
ORD-003132,2023-04-30,2023-05-05,edd213b55d91,PRD-0038,Hermes,5.71,0,
ORD-003133,2023-01-26,2023-01-28,91b12e4eb82c,PRD-0012,Hermes,5.71,0,
ORD-003134,2023-07-19,2023-07-21,619e59062a45,PRD-0022,DPD,6.62,0,
ORD-003135,2023-12-16,2023-12-19,395e85ac7d33,PRD-0038,DPD,4.23,0,
ORD-003136,2023-06-15,2023-06-17,d8c6eb9296b5,PRD-0003,DPD,4.63,0,
ORD-003137,2023-10-14,2023-10-23,1cb9049a7608,PRD-0025,Hermes,5.22,0,
ORD-003138,2023-04-14,2023-04-16,23c746589c26,PRD-0029,DPD,3.55,1,Gefällt nicht
ORD-003139,2023-12-20,2023-12-22,7d13cf616dd9,PRD-0022,DHL,5.82,1,Gefällt nicht
ORD-003140,2023-09-24,2023-09-26,b0ba10a7453d,PRD-0041,Hermes,5.51,0,
ORD-003141,2023-07-22,2023-07-24,181e7a971de3,PRD-0050,DHL,5.63,0,
ORD-003142,2023-10-08,2023-10-09,a5db8e85ae4a,PRD-0015,DPD,4.05,0,
ORD-003143,2023-03-03,2023-03-04,809f89f73fa5,PRD-0026,Hermes,5.28,0,
ORD-003144,2023-03-20,2023-03-21,59c230b0a5fb,PRD-0005,Hermes,3.8,1,Gefällt nicht
ORD-003145,2023-01-02,2023-01-05,59b9071f19ac,PRD-0008,DPD,6.14,0,
ORD-003146,2023-07-14,2023-07-15,6fffa85e67a1,PRD-0041,DHL,3.93,0,
ORD-003147,2023-07-22,2023-07-24,063b9654188d,PRD-0031,DPD,4.87,0,
ORD-003148,2023-10-21,2023-10-23,91b12e4eb82c,PRD-0003,Hermes,6.62,1,Gefällt nicht
ORD-003149,2023-10-09,2023-10-11,8807a57da3fe,PRD-0002,DHL,4.61,0,
ORD-003150,2023-02-20,2023-02-22,ce1cd38c362f,PRD-0032,DHL,3.89,0,
ORD-003151,2023-11-22,2023-11-23,b6c409f8788c,PRD-0042,DHL,4.59,0,
ORD-003152,2023-08-24,2023-08-26,3440e95f3c5a,PRD-0037,Hermes,6.46,0,
ORD-003153,2023-05-05,2023-05-08,710113ae34b1,PRD-0048,DHL,4.53,0,
ORD-003154,2023-11-02,2023-11-05,a0fba1a80fbc,PRD-0037,DPD,6.97,1,Passt nicht
ORD-003155,2023-09-07,2023-09-08,c3a3122f53f0,PRD-0036,DHL,5.27,0,
ORD-003156,2023-07-21,2023-07-22,6e42767fcc55,PRD-0034,DHL,5.99,0,
ORD-003157,2023-12-06,2023-12-08,83917dff0d2a,PRD-0026,DPD,5.68,0,
ORD-003158,2023-06-03,2023-06-06,5e8451fe3696,PRD-0043,DPD,4.5,0,
ORD-003159,2023-09-28,2023-10-01,2ca50b35ad33,PRD-0038,Hermes,7.22,0,
ORD-003160,2023-07-19,2023-07-22,00aab29cebe7,PRD-0037,Hermes,5.85,1,Gefällt nicht
ORD-003161,2023-11-10,2023-11-11,3903bc4ea31b,PRD-0043,DHL,6.39,1,Passt nicht
ORD-003162,2023-04-18,2023-04-21,5cd8ccb79288,PRD-0012,DHL,7.48,0,
ORD-003163,2023-02-11,2023-02-18,61723dab929d,PRD-0045,Hermes,5.19,1,Passt nicht
ORD-003164,2023-08-10,2023-08-13,0b3c813eeb53,PRD-0004,DHL,6.59,0,
ORD-003165,2023-06-13,2023-06-15,20ec997f0456,PRD-0026,DHL,5.14,0,
ORD-003166,2023-03-03,2023-03-04,2f94e3143891,PRD-0042,DHL,4.54,0,
ORD-003167,2023-04-06,2023-04-08,4a5cfe839248,PRD-0039,DHL,3.7,0,
ORD-003168,2023-09-09,2023-09-12,1009001add0e,PRD-0042,DPD,4.69,1,Passt nicht
ORD-003169,2023-10-25,2023-11-02,0890fab2d63e,PRD-0038,Hermes,6.23,0,
ORD-003170,2023-03-27,2023-03-30,db960f60908f,PRD-0048,DPD,5.49,0,
ORD-003171,2023-03-07,2023-03-15,f878dd62e343,PRD-0021,Hermes,6.96,1,Zu spät geliefert
ORD-003172,2023-12-13,2023-12-15,1a51759ef465,PRD-0049,Hermes,6.63,1,Gefällt nicht
ORD-003173,2023-06-16,2023-06-25,6e611f8bb26b,PRD-0050,Hermes,3.62,0,
ORD-003174,2023-01-13,2023-01-15,309e98408862,PRD-0016,Hermes,6.63,0,
ORD-003175,2023-10-14,2023-10-16,4f3591331c55,PRD-0041,DHL,4.66,0,
ORD-003176,2023-09-07,2023-09-09,5f53888bfcb6,PRD-0026,DPD,4.89,0,
ORD-003177,2023-05-21,2023-05-24,dc0cd7f632bf,PRD-0004,DHL,5.2,0,
ORD-003178,2023-10-08,2023-10-09,4cea042f7aed,PRD-0012,DHL,4.22,0,
ORD-003179,2023-08-02,2023-08-04,69c7f59f0b65,PRD-0029,Hermes,5.1,0,
ORD-003180,2023-05-27,2023-05-28,9786d6defc23,PRD-0021,DPD,3.91,0,
ORD-003181,2023-10-06,2023-10-07,df2618f77ad2,PRD-0018,DPD,6.76,1,Falscher Artikel
ORD-003182,2023-08-30,2023-09-02,feef92a6ed83,PRD-0035,DPD,3.74,0,
ORD-003183,2023-10-21,2023-10-22,49067f21850d,PRD-0035,DHL,5.57,0,
ORD-003184,2023-04-19,2023-04-21,cfd276367a24,PRD-0031,DPD,4.01,0,
ORD-003185,2023-03-06,2023-03-09,ee25d0e6f8f7,PRD-0006,DHL,7.27,0,
ORD-003186,2023-06-28,2023-07-07,051af2f8dccc,PRD-0001,Hermes,6.91,0,
ORD-003187,2023-06-13,2023-06-14,cdf50ee19459,PRD-0028,DHL,7.18,0,
ORD-003188,2023-11-22,2023-11-24,13e46c560187,PRD-0014,DPD,4.87,1,Gefällt nicht
ORD-003189,2023-07-06,2023-07-09,82d6069e85e3,PRD-0023,DPD,6.97,0,
ORD-003190,2023-04-24,2023-05-02,034194b44a36,PRD-0004,Hermes,4.56,1,Zu spät geliefert
ORD-003191,2023-12-27,2024-01-05,b56320997ee9,PRD-0012,Hermes,4.43,0,
ORD-003192,2023-07-20,2023-07-29,295bc6b838da,PRD-0017,Hermes,6.11,1,Zu spät geliefert
ORD-003193,2023-03-23,2023-03-25,5ba481d9f495,PRD-0042,Hermes,6.88,0,
ORD-003194,2023-02-08,2023-02-09,0465ce22ecb4,PRD-0008,DHL,6.35,0,
ORD-003195,2023-11-26,2023-11-29,1dc1bf598d53,PRD-0019,DPD,6.42,0,
ORD-003196,2023-06-22,2023-06-25,2463236366e8,PRD-0044,DPD,3.84,0,
ORD-003197,2023-03-16,2023-03-23,a0a5027f3593,PRD-0050,Hermes,6.21,0,
ORD-003198,2023-09-29,2023-09-30,54ff55540509,PRD-0032,DHL,6.83,0,
ORD-003199,2023-01-01,2023-01-02,a0fba1a80fbc,PRD-0025,DPD,7.09,0,
ORD-003200,2023-05-30,2023-06-02,836e5c18feff,PRD-0046,DHL,6.7,0,
ORD-003201,2023-06-06,2023-06-07,db7f6e6545a6,PRD-0039,Hermes,3.63,1,Passt nicht
ORD-003202,2023-03-12,2023-03-15,f6cc1089a080,PRD-0015,Hermes,4.57,0,
ORD-003203,2023-11-24,2023-11-25,3dccc84ce1e3,PRD-0015,Hermes,5.56,1,Passt nicht
ORD-003204,2023-08-18,2023-08-20,2d0708df16d8,PRD-0026,Hermes,3.77,0,
ORD-003205,2023-03-24,2023-03-26,21e550fd7f03,PRD-0023,DHL,7.17,0,
ORD-003206,2023-09-13,2023-09-15,ae868fa763a9,PRD-0024,Hermes,4.34,0,
ORD-003207,2023-09-07,2023-09-08,625a58a0970a,PRD-0024,DPD,5.98,0,
ORD-003208,2023-12-22,2023-12-23,9582264a8797,PRD-0046,DPD,4.46,1,Beschädigt
ORD-003209,2023-09-22,2023-09-25,fd4c61edccfc,PRD-0008,DHL,5.51,0,
ORD-003210,2023-02-03,2023-02-06,33c93562f478,PRD-0017,DPD,5.99,0,
ORD-003211,2023-05-25,2023-05-28,b21c28b39f88,PRD-0028,DPD,4.12,0,
ORD-003212,2023-02-05,2023-02-08,31becad38df2,PRD-0049,DPD,5.42,1,Gefällt nicht
ORD-003213,2023-11-12,2023-11-20,aa5efdd3f798,PRD-0009,Hermes,4.52,0,
ORD-003214,2023-07-25,2023-07-28,10f3d78de149,PRD-0003,DHL,5.66,0,
ORD-003215,2023-12-25,2023-12-27,3d72668edf04,PRD-0025,DPD,4.03,0,
ORD-003216,2023-12-14,2023-12-15,0b4881f54699,PRD-0036,DPD,4.15,0,
ORD-003217,2023-11-07,2023-11-08,fb13defe48b3,PRD-0016,DPD,3.95,0,
ORD-003218,2023-10-24,2023-10-26,0b2cf2585cf2,PRD-0043,DPD,7.27,1,Passt nicht
ORD-003219,2023-02-05,2023-02-08,9e1ffe3cd527,PRD-0014,DHL,7.2,0,
ORD-003220,2023-07-02,2023-07-03,c4994b8ec859,PRD-0037,DPD,3.68,1,Passt nicht
ORD-003221,2023-07-30,2023-07-31,3a4c40b4ab8b,PRD-0001,DHL,3.57,1,Passt nicht
ORD-003222,2023-07-14,2023-07-16,653ad0b2bb63,PRD-0034,Hermes,5.53,1,Passt nicht
ORD-003223,2023-02-28,2023-03-03,e05e68fad718,PRD-0039,DPD,6.21,0,
ORD-003224,2023-04-25,2023-04-26,2d0708df16d8,PRD-0025,DHL,6.77,0,
ORD-003225,2023-10-30,2023-11-05,a3bd3f59a6c4,PRD-0024,Hermes,4.66,0,
ORD-003226,2023-02-26,2023-03-01,a7993303b392,PRD-0042,DHL,5.86,0,
ORD-003227,2023-12-11,2023-12-13,3058782babb7,PRD-0004,Hermes,6.92,0,
ORD-003228,2023-05-29,2023-05-31,90afb8c8cd4d,PRD-0009,DHL,6.97,0,
ORD-003229,2023-11-16,2023-11-17,15fc50238f91,PRD-0021,DPD,6.43,1,Gefällt nicht
ORD-003230,2023-05-21,2023-05-28,9ab65ae42320,PRD-0030,Hermes,7.31,0,
ORD-003231,2023-11-16,2023-11-21,15fc50238f91,PRD-0025,Hermes,7.39,0,
ORD-003232,2023-05-12,2023-05-18,f4ed782b83c8,PRD-0025,Hermes,5.07,0,
ORD-003233,2023-08-07,2023-08-10,a5c98f280d1f,PRD-0020,DHL,7.45,1,Gefällt nicht
ORD-003234,2023-05-02,2023-05-04,d56badee061c,PRD-0029,DPD,6.59,1,Gefällt nicht
ORD-003235,2023-06-10,2023-06-13,fccc234064ac,PRD-0003,DPD,5.22,1,Passt nicht
ORD-003236,2023-08-30,2023-09-10,749ff7edced9,PRD-0013,Hermes,5.76,0,
ORD-003237,2023-08-02,2023-08-05,1003cd80e129,PRD-0011,Hermes,5.66,1,Passt nicht
ORD-003238,2023-08-19,2023-08-22,7c129bcbaf79,PRD-0036,DPD,5.39,0,
ORD-003239,2023-11-21,2023-11-23,d052d3dc4806,PRD-0043,DPD,3.79,0,
ORD-003240,2023-01-10,2023-01-12,91cbdba25f4e,PRD-0024,DPD,5.31,0,
ORD-003241,2023-12-29,2024-01-08,921e62ce7ad8,PRD-0037,Hermes,3.59,1,Zu spät geliefert
ORD-003242,2023-06-13,2023-06-16,4ed747073d46,PRD-0009,Hermes,6.9,0,
ORD-003243,2023-12-27,2023-12-30,e05e68fad718,PRD-0034,DPD,4.25,0,
ORD-003244,2023-03-01,2023-03-04,63f37926227c,PRD-0020,DHL,6.54,0,
ORD-003245,2023-04-02,2023-04-03,710113ae34b1,PRD-0037,Hermes,4.94,0,
ORD-003246,2023-02-21,2023-02-23,8637e6be643e,PRD-0021,DHL,4.66,0,
ORD-003247,2023-06-28,2023-06-29,37ec30b57d11,PRD-0043,DPD,5.04,0,
ORD-003248,2023-10-09,2023-10-12,7aa777e66795,PRD-0005,DHL,6.84,0,
ORD-003249,2023-02-26,2023-02-27,217fb6888b3e,PRD-0010,Hermes,7.26,0,
ORD-003250,2023-03-27,2023-03-28,b3c3587560fe,PRD-0018,DHL,7.27,0,
ORD-003251,2023-09-11,2023-09-12,29af765e49d1,PRD-0033,DPD,6.74,0,
ORD-003252,2023-07-03,2023-07-06,7069ce379c0d,PRD-0017,DPD,7.16,0,
ORD-003253,2023-02-16,2023-02-26,afb8f64e78d8,PRD-0036,Hermes,3.68,0,
ORD-003254,2023-06-24,2023-06-25,a3e6026be7de,PRD-0050,DPD,4.01,1,Passt nicht
ORD-003255,2023-08-31,2023-09-01,7a3caf8d72f9,PRD-0024,Hermes,3.75,1,Passt nicht
ORD-003256,2023-07-15,2023-07-17,e70e2b8716ad,PRD-0015,DPD,7.3,0,
ORD-003257,2023-08-13,2023-08-14,e122976f0144,PRD-0011,DHL,7.47,1,Gefällt nicht
ORD-003258,2023-01-11,2023-01-14,0edb747c7064,PRD-0011,DPD,3.52,1,Gefällt nicht
ORD-003259,2023-02-28,2023-03-03,46eff0f99985,PRD-0032,DPD,6.77,0,
ORD-003260,2023-12-10,2023-12-12,344ab744ddeb,PRD-0011,DPD,4.46,0,
ORD-003261,2023-03-08,2023-03-10,6c1abafed714,PRD-0027,DHL,5.67,0,
ORD-003262,2023-03-30,2023-03-31,1885ebd4660c,PRD-0050,Hermes,7.27,1,Gefällt nicht
ORD-003263,2023-07-03,2023-07-04,90afb8c8cd4d,PRD-0045,DHL,7.4,1,Beschädigt
ORD-003264,2023-09-21,2023-09-22,13d2e75f5e4c,PRD-0012,Hermes,4.76,0,
ORD-003265,2023-11-18,2023-11-19,44b24c4b5ccd,PRD-0006,DPD,4.41,0,
ORD-003266,2023-08-11,2023-08-14,815d39d76d52,PRD-0029,DHL,3.63,1,Passt nicht
ORD-003267,2023-01-22,2023-01-24,15aca2854624,PRD-0028,DPD,3.52,0,
ORD-003268,2023-01-14,2023-01-17,2cb552c3de87,PRD-0017,DPD,5.8,1,Falscher Artikel
ORD-003269,2023-10-03,2023-10-05,c34ae14ba20f,PRD-0036,DPD,4.41,0,
ORD-003270,2023-11-12,2023-11-15,0b2cf2585cf2,PRD-0010,DPD,5.87,0,
ORD-003271,2023-11-06,2023-11-14,d937e7e8d3dc,PRD-0014,Hermes,5.39,1,Zu spät geliefert
ORD-003272,2023-10-24,2023-10-25,404ff6a33ad1,PRD-0027,DPD,6.67,0,
ORD-003273,2023-06-16,2023-06-17,6449d9ef9de5,PRD-0010,Hermes,3.83,0,
ORD-003274,2023-05-03,2023-05-04,b2d49550cf02,PRD-0050,DPD,3.68,1,Gefällt nicht
ORD-003275,2023-11-16,2023-11-19,c2df022e67a3,PRD-0050,DPD,4.39,0,
ORD-003276,2023-04-16,2023-04-24,344ab744ddeb,PRD-0005,Hermes,5.6,1,Zu spät geliefert
ORD-003277,2023-12-06,2023-12-07,7069ce379c0d,PRD-0016,Hermes,7.42,1,Beschädigt
ORD-003278,2023-11-07,2023-11-09,a3e6026be7de,PRD-0003,DPD,5.85,0,
ORD-003279,2023-10-05,2023-10-07,be09470a4786,PRD-0046,Hermes,5.69,0,
ORD-003280,2023-07-30,2023-08-06,afeee7d6a9ec,PRD-0012,Hermes,4.05,0,
ORD-003281,2023-09-01,2023-09-02,619165201926,PRD-0022,Hermes,4.61,0,
ORD-003282,2023-09-05,2023-09-07,f878dd62e343,PRD-0026,Hermes,4.96,0,
ORD-003283,2023-06-23,2023-06-26,f60a0483a6ab,PRD-0011,DHL,5.88,1,Passt nicht
ORD-003284,2023-01-22,2023-01-29,c7607c20e1b6,PRD-0022,Hermes,6.16,0,
ORD-003285,2023-09-18,2023-09-19,6fffa85e67a1,PRD-0007,DHL,7.49,0,
ORD-003286,2023-12-12,2023-12-14,242b1720dbc7,PRD-0050,DPD,4.07,1,Passt nicht
ORD-003287,2023-08-03,2023-08-05,e5c38c7b8b62,PRD-0019,DPD,3.72,0,
ORD-003288,2023-04-19,2023-04-22,aa5efdd3f798,PRD-0012,DHL,4.98,1,Falscher Artikel
ORD-003289,2023-11-11,2023-11-14,4e2191176290,PRD-0021,Hermes,7.49,0,
ORD-003290,2023-06-30,2023-07-01,f4ec8620a252,PRD-0006,DPD,7.1,0,
ORD-003291,2023-06-23,2023-07-01,0d40dc2ae10d,PRD-0037,Hermes,6.3,0,
ORD-003292,2023-08-14,2023-08-20,f878dd62e343,PRD-0006,Hermes,4.89,0,
ORD-003293,2023-05-06,2023-05-09,d4129aa4c1b3,PRD-0042,DPD,5.26,0,
ORD-003294,2023-10-01,2023-10-02,ab5e5d667420,PRD-0040,Hermes,3.9,1,Gefällt nicht
ORD-003295,2023-04-11,2023-04-12,1d535cf02561,PRD-0046,DHL,5.7,0,
ORD-003296,2023-01-28,2023-01-31,1885ebd4660c,PRD-0023,DPD,4.96,0,
ORD-003297,2023-09-01,2023-09-02,15b0192f7a89,PRD-0015,DPD,4.65,1,Gefällt nicht
ORD-003298,2023-11-04,2023-11-06,5a8903a18ef6,PRD-0040,DHL,3.55,0,
ORD-003299,2023-06-22,2023-06-23,872e17e7a5a1,PRD-0038,DHL,4.0,0,
ORD-003300,2023-06-13,2023-06-14,35402ac5b811,PRD-0014,Hermes,6.54,0,
ORD-003301,2023-07-12,2023-07-14,6e9e7a01eb11,PRD-0005,DPD,7.14,0,
ORD-003302,2023-05-02,2023-05-04,ae868fa763a9,PRD-0015,DPD,5.97,0,
ORD-003303,2023-05-02,2023-05-04,40c2ea9999c9,PRD-0035,Hermes,5.0,0,
ORD-003304,2023-03-20,2023-03-21,9e1ffe3cd527,PRD-0022,DHL,3.78,0,
ORD-003305,2023-08-19,2023-08-22,713ba8f61f39,PRD-0027,Hermes,5.09,1,Passt nicht
ORD-003306,2023-07-23,2023-07-24,c38ac70a78b8,PRD-0036,DHL,6.37,0,
ORD-003307,2023-01-31,2023-02-03,6a10969653f7,PRD-0017,DHL,7.48,0,
ORD-003308,2023-11-14,2023-11-17,81eab3379b56,PRD-0018,DPD,7.06,0,
ORD-003309,2023-12-08,2023-12-11,6cd541597068,PRD-0043,DHL,4.73,0,
ORD-003310,2023-12-02,2023-12-03,3cb282702fbe,PRD-0024,DHL,5.33,1,Zu spät geliefert
ORD-003311,2023-07-31,2023-08-07,607b5a84e9cc,PRD-0011,Hermes,6.81,0,
ORD-003312,2023-07-30,2023-08-01,379ebebe8e18,PRD-0032,DHL,4.02,0,
ORD-003313,2023-08-31,2023-09-01,12647114a0f8,PRD-0012,Hermes,5.83,0,
ORD-003314,2023-09-24,2023-09-27,e181ef26b77f,PRD-0012,DPD,4.1,0,
ORD-003315,2023-01-16,2023-01-18,4ff39efe0c37,PRD-0015,Hermes,5.79,1,Passt nicht
ORD-003316,2023-11-24,2023-11-25,b3cd19da7738,PRD-0027,DPD,3.52,0,
ORD-003317,2023-06-25,2023-06-27,9786d6defc23,PRD-0035,DPD,4.47,0,
ORD-003318,2023-10-18,2023-10-20,fe4d48720e99,PRD-0008,DHL,4.38,0,
ORD-003319,2023-03-23,2023-03-25,6c1abafed714,PRD-0040,DHL,4.84,0,
ORD-003320,2023-06-29,2023-07-02,2ca50b35ad33,PRD-0030,Hermes,5.3,0,
ORD-003321,2023-07-19,2023-07-20,a2ac4df62e2b,PRD-0037,DHL,4.75,1,Gefällt nicht
ORD-003322,2023-01-26,2023-01-27,6286963288a7,PRD-0003,DHL,6.72,0,
ORD-003323,2023-05-17,2023-05-18,e1f4a299a8d3,PRD-0001,DPD,4.91,0,
ORD-003324,2023-08-15,2023-08-17,b9ad68fbc78c,PRD-0005,Hermes,6.28,0,
ORD-003325,2023-01-26,2023-02-02,3fb6657a5403,PRD-0001,Hermes,4.4,0,
ORD-003326,2023-05-05,2023-05-06,1ee7c2736a4b,PRD-0036,DHL,6.3,0,
ORD-003327,2023-07-11,2023-07-14,d3b1f769f7d5,PRD-0007,DPD,4.18,0,
ORD-003328,2023-08-22,2023-08-25,e6e300a6bed0,PRD-0034,DHL,5.46,0,
ORD-003329,2023-01-23,2023-01-30,94f6486963cd,PRD-0044,Hermes,5.51,0,
ORD-003330,2023-08-05,2023-08-07,635719a9bacb,PRD-0035,Hermes,7.02,1,Falscher Artikel
ORD-003331,2023-08-14,2023-08-17,05b23c8b13d0,PRD-0048,Hermes,6.26,0,
ORD-003332,2023-04-28,2023-04-29,00aab29cebe7,PRD-0036,DPD,6.5,0,
ORD-003333,2023-05-24,2023-05-26,6c32c594f20c,PRD-0022,DHL,6.73,0,
ORD-003334,2023-07-18,2023-07-21,dde2a1a9d5df,PRD-0014,DHL,5.93,0,
ORD-003335,2023-08-25,2023-08-27,3f849035109e,PRD-0033,DPD,6.71,0,
ORD-003336,2023-10-23,2023-10-24,182a643a7a92,PRD-0022,Hermes,4.05,0,
ORD-003337,2023-10-04,2023-10-10,d0fbc5dd9ca1,PRD-0049,Hermes,5.96,0,
ORD-003338,2023-09-01,2023-09-02,140a54e27a67,PRD-0009,DPD,7.28,0,
ORD-003339,2023-06-01,2023-06-03,713ba8f61f39,PRD-0017,DHL,7.45,0,
ORD-003340,2023-03-07,2023-03-08,a87472edbf2f,PRD-0014,DPD,6.94,0,
ORD-003341,2023-06-07,2023-06-09,d91432e1f153,PRD-0008,DHL,7.33,0,
ORD-003342,2023-11-18,2023-11-19,6d21c5ea8f42,PRD-0039,DPD,6.19,0,
ORD-003343,2023-08-02,2023-08-03,daef63bdd6d2,PRD-0041,DPD,6.04,0,
ORD-003344,2023-03-23,2023-03-26,f878dd62e343,PRD-0018,DPD,6.91,0,
ORD-003345,2023-07-16,2023-07-23,309e98408862,PRD-0046,Hermes,3.91,0,
ORD-003346,2023-04-13,2023-04-14,4a5cfe839248,PRD-0046,DHL,6.54,0,
ORD-003347,2023-08-02,2023-08-04,0edb747c7064,PRD-0006,Hermes,5.08,0,
ORD-003348,2023-07-18,2023-07-20,fba69d74eef3,PRD-0044,DHL,5.88,0,
ORD-003349,2023-06-22,2023-07-02,24d634f17354,PRD-0029,Hermes,5.65,1,Zu spät geliefert
ORD-003350,2023-06-09,2023-06-12,437c0fbd875f,PRD-0050,DHL,7.46,1,Passt nicht
ORD-003351,2023-03-21,2023-03-24,46eff0f99985,PRD-0027,DPD,3.8,0,
ORD-003352,2023-07-23,2023-07-24,9d5f179198bf,PRD-0025,DPD,4.14,0,
ORD-003353,2023-01-09,2023-01-10,f2bd2fe964a2,PRD-0034,DHL,3.62,0,
ORD-003354,2023-12-01,2023-12-03,9078aa170458,PRD-0048,DPD,5.07,1,Zu spät geliefert
ORD-003355,2023-03-02,2023-03-03,891a9289ce1b,PRD-0037,DHL,5.18,0,
ORD-003356,2023-01-07,2023-01-09,e27e61b004ff,PRD-0033,DHL,7.04,0,
ORD-003357,2023-09-24,2023-09-26,66d83e310e09,PRD-0027,Hermes,3.66,0,
ORD-003358,2023-07-06,2023-07-15,4e2191176290,PRD-0045,Hermes,4.95,0,
ORD-003359,2023-06-04,2023-06-06,2282d30985a3,PRD-0020,DPD,6.63,0,
ORD-003360,2023-01-31,2023-02-02,ce34abcdc162,PRD-0042,DHL,5.07,0,
ORD-003361,2023-02-28,2023-03-03,c4b7b6daa6a5,PRD-0044,Hermes,5.77,0,
ORD-003362,2023-04-03,2023-04-06,15ce055c280c,PRD-0001,Hermes,4.02,1,Passt nicht
ORD-003363,2023-08-19,2023-08-21,d3b1f769f7d5,PRD-0025,DHL,3.97,0,
ORD-003364,2023-06-05,2023-06-06,490609fe3e65,PRD-0010,Hermes,7.18,0,
ORD-003365,2023-09-22,2023-09-25,84ba34358ea2,PRD-0022,DPD,4.57,0,
ORD-003366,2023-02-12,2023-02-15,891a9289ce1b,PRD-0007,DPD,6.04,0,
ORD-003367,2023-03-12,2023-03-15,08c98f957991,PRD-0003,DPD,7.45,0,
ORD-003368,2023-02-14,2023-02-15,bc4530a6f78d,PRD-0044,DPD,7.22,0,
ORD-003369,2023-12-30,2024-01-02,e7e66c1e9fe0,PRD-0041,DHL,6.78,0,
ORD-003370,2023-09-03,2023-09-06,9613928529a8,PRD-0043,DPD,4.55,0,
ORD-003371,2023-11-02,2023-11-03,315eb586efc1,PRD-0036,Hermes,7.35,0,
ORD-003372,2023-09-17,2023-09-19,695df20c0897,PRD-0030,DHL,4.96,0,
ORD-003373,2023-08-23,2023-08-25,fb13defe48b3,PRD-0015,DHL,7.3,0,
ORD-003374,2023-01-11,2023-01-12,997decc5f01e,PRD-0045,DHL,6.89,1,Beschädigt
ORD-003375,2023-09-03,2023-09-10,42f746bc7720,PRD-0032,Hermes,5.37,0,
ORD-003376,2023-11-27,2023-11-30,0b3c813eeb53,PRD-0025,DPD,5.5,0,
ORD-003377,2023-05-10,2023-05-13,c75dc8ce2d98,PRD-0030,Hermes,7.46,0,
ORD-003378,2023-10-14,2023-10-16,d0fbc5dd9ca1,PRD-0050,DPD,4.94,0,
ORD-003379,2023-02-04,2023-02-07,86f6d149b736,PRD-0028,Hermes,5.07,0,
ORD-003380,2023-08-01,2023-08-04,1885ebd4660c,PRD-0047,DPD,6.73,0,
ORD-003381,2023-12-08,2023-12-15,d1b78d8532ed,PRD-0014,Hermes,3.59,1,Zu spät geliefert
ORD-003382,2023-11-10,2023-11-12,0e115f6fca4f,PRD-0001,DPD,7.25,0,
ORD-003383,2023-08-01,2023-08-02,880786415f0c,PRD-0020,DPD,4.24,0,
ORD-003384,2023-02-08,2023-02-10,e70e2b8716ad,PRD-0039,DHL,4.98,0,
ORD-003385,2023-03-02,2023-03-09,00aab29cebe7,PRD-0026,Hermes,6.98,1,Zu spät geliefert
ORD-003386,2023-12-27,2023-12-29,182a643a7a92,PRD-0009,DHL,5.85,0,
ORD-003387,2023-08-09,2023-08-11,64729909cc49,PRD-0018,DHL,6.75,0,
ORD-003388,2023-09-09,2023-09-12,1cc70d32846d,PRD-0043,Hermes,7.26,1,Passt nicht
ORD-003389,2023-11-03,2023-11-05,815d39d76d52,PRD-0008,Hermes,6.74,0,
ORD-003390,2023-07-29,2023-07-30,7e90cd9f8a38,PRD-0037,Hermes,3.92,0,
ORD-003391,2023-07-23,2023-07-24,1097ce4c873e,PRD-0044,DHL,6.25,0,
ORD-003392,2023-09-07,2023-09-09,97a779a765e6,PRD-0032,DPD,4.07,0,
ORD-003393,2023-05-31,2023-06-03,8f970c1893be,PRD-0006,Hermes,4.62,1,Falscher Artikel
ORD-003394,2023-11-26,2023-12-04,4704c19af128,PRD-0014,Hermes,7.12,1,Zu spät geliefert
ORD-003395,2023-09-12,2023-09-14,ea44f9c67b6e,PRD-0030,Hermes,6.21,0,
ORD-003396,2023-11-01,2023-11-02,b6d10b6a036a,PRD-0008,Hermes,6.09,0,
ORD-003397,2023-10-24,2023-10-27,fb86fc199742,PRD-0044,DHL,6.69,0,
ORD-003398,2023-02-08,2023-02-09,a3d1bc8c2ba2,PRD-0048,DHL,5.35,0,
ORD-003399,2023-07-18,2023-07-20,437c0fbd875f,PRD-0037,Hermes,4.28,0,
ORD-003400,2023-10-25,2023-10-26,c3c2603b2d70,PRD-0008,Hermes,6.76,1,Beschädigt
ORD-003401,2023-02-21,2023-02-22,55e28e9559e9,PRD-0029,DPD,4.8,1,Gefällt nicht
ORD-003402,2023-11-13,2023-11-14,2cbe3b1bcb0f,PRD-0043,DHL,5.44,1,Passt nicht
ORD-003403,2023-11-10,2023-11-11,d052d3dc4806,PRD-0012,DPD,4.78,1,Gefällt nicht
ORD-003404,2023-01-11,2023-01-13,0c686f54405d,PRD-0013,DHL,4.41,1,Beschädigt
ORD-003405,2023-09-09,2023-09-10,181e7a971de3,PRD-0045,DHL,5.62,0,
ORD-003406,2023-11-18,2023-11-20,e181ef26b77f,PRD-0045,DHL,7.13,0,
ORD-003407,2023-07-09,2023-07-11,9e8f9de7c0a2,PRD-0008,DHL,4.9,0,
ORD-003408,2023-01-03,2023-01-04,50aba4db4830,PRD-0034,Hermes,5.8,1,Gefällt nicht
ORD-003409,2023-12-22,2023-12-24,e05e68fad718,PRD-0032,DHL,4.99,0,
ORD-003410,2023-06-06,2023-06-09,2b991b6c3353,PRD-0023,DPD,4.44,0,
ORD-003411,2023-05-31,2023-06-03,95759a5d8a2b,PRD-0010,DPD,5.27,0,
ORD-003412,2023-10-05,2023-10-08,61e80c53c02e,PRD-0040,DHL,4.2,0,
ORD-003413,2023-10-23,2023-10-26,3760c4b579a5,PRD-0024,Hermes,6.83,0,
ORD-003414,2023-11-27,2023-11-28,0ecc199bf319,PRD-0023,DHL,5.21,0,
ORD-003415,2023-08-20,2023-08-22,fe2dfe5b7805,PRD-0023,DHL,7.13,0,
ORD-003416,2023-01-15,2023-01-18,217fb6888b3e,PRD-0030,DHL,5.93,0,
ORD-003417,2023-12-06,2023-12-07,3440e95f3c5a,PRD-0008,DPD,4.3,0,
ORD-003418,2023-02-15,2023-02-17,b45ed2c50b71,PRD-0007,DHL,3.9,1,Gefällt nicht
ORD-003419,2023-01-19,2023-01-22,7515db680360,PRD-0036,DHL,6.03,0,
ORD-003420,2023-06-26,2023-06-28,344ab744ddeb,PRD-0046,DHL,6.87,0,
ORD-003421,2023-08-16,2023-08-19,a3e6026be7de,PRD-0046,Hermes,5.41,0,
ORD-003422,2023-02-21,2023-02-27,295bc6b838da,PRD-0029,Hermes,7.43,0,
ORD-003423,2023-03-27,2023-03-30,83aebe395a90,PRD-0011,DPD,6.52,1,Passt nicht
ORD-003424,2023-07-06,2023-07-08,0945de0f2c0f,PRD-0017,DHL,6.18,0,
ORD-003425,2023-10-30,2023-11-02,54b4b35409c9,PRD-0037,DHL,7.46,0,
ORD-003426,2023-02-26,2023-03-01,e05e68fad718,PRD-0012,DHL,5.12,0,
ORD-003427,2023-08-17,2023-08-19,654a8248ac1b,PRD-0012,DPD,6.12,0,
ORD-003428,2023-08-04,2023-08-07,28450eab660d,PRD-0025,DHL,5.42,0,
ORD-003429,2023-02-25,2023-02-28,d4129aa4c1b3,PRD-0016,DHL,4.59,1,Passt nicht
ORD-003430,2023-05-31,2023-06-01,873ac5b3a73f,PRD-0032,Hermes,4.42,1,Beschädigt
ORD-003431,2023-08-03,2023-08-06,28e03e79c223,PRD-0020,DHL,4.09,0,
ORD-003432,2023-08-24,2023-08-25,446545a9feff,PRD-0043,DHL,4.2,0,
ORD-003433,2023-12-13,2023-12-15,33c93562f478,PRD-0004,DPD,4.42,0,
ORD-003434,2023-03-31,2023-04-07,94bcba74315e,PRD-0047,Hermes,4.61,0,
ORD-003435,2023-03-28,2023-04-03,c061d6ecb41c,PRD-0003,Hermes,7.25,0,
ORD-003436,2023-04-17,2023-04-18,07a15cd7310f,PRD-0005,Hermes,3.79,0,
ORD-003437,2023-12-18,2023-12-20,c0186f5bc743,PRD-0050,DPD,3.57,1,Gefällt nicht
ORD-003438,2023-10-02,2023-10-05,7e736143ef37,PRD-0043,DHL,5.87,0,
ORD-003439,2023-07-18,2023-07-20,635719a9bacb,PRD-0038,Hermes,4.24,0,
ORD-003440,2023-09-15,2023-09-16,6a10969653f7,PRD-0001,DHL,7.41,1,Gefällt nicht
ORD-003441,2023-12-28,2023-12-31,f04a1851f388,PRD-0001,DHL,5.48,0,
ORD-003442,2023-11-26,2023-11-27,6c1abafed714,PRD-0047,DPD,3.79,0,
ORD-003443,2023-06-19,2023-06-22,cd2c51f526bd,PRD-0037,DHL,7.29,0,
ORD-003444,2023-09-14,2023-09-17,3c39f0cef709,PRD-0030,DPD,5.12,0,
ORD-003445,2023-04-28,2023-05-06,c0186f5bc743,PRD-0034,Hermes,5.44,0,
ORD-003446,2023-08-24,2023-08-25,fa66a4abdf6e,PRD-0039,DHL,5.06,0,
ORD-003447,2023-12-17,2023-12-19,9786d6defc23,PRD-0002,Hermes,5.64,0,
ORD-003448,2023-06-26,2023-06-28,82596d07353f,PRD-0042,DPD,6.86,0,
ORD-003449,2023-12-24,2023-12-27,468e709a4a83,PRD-0014,DPD,7.16,0,
ORD-003450,2023-01-18,2023-01-19,5f9c0ffcc92e,PRD-0020,DHL,6.02,0,
ORD-003451,2023-04-05,2023-04-14,45a20b0f920a,PRD-0022,Hermes,6.64,0,
ORD-003452,2023-10-05,2023-10-06,7258cc2bbd49,PRD-0022,DHL,4.13,1,Passt nicht
ORD-003453,2023-05-03,2023-05-04,77f5e7c90479,PRD-0005,Hermes,5.01,0,
ORD-003454,2023-01-18,2023-01-20,4db113b958f0,PRD-0037,DPD,4.64,0,
ORD-003455,2023-06-13,2023-06-14,2c8754a768e5,PRD-0046,DHL,7.37,0,
ORD-003456,2023-07-10,2023-07-12,1d38108d4d5d,PRD-0026,Hermes,5.49,0,
ORD-003457,2023-05-08,2023-05-11,c729e129bdce,PRD-0037,Hermes,5.18,1,Passt nicht
ORD-003458,2023-06-28,2023-06-30,cd2c51f526bd,PRD-0025,Hermes,3.63,1,Beschädigt
ORD-003459,2023-07-18,2023-07-20,c407a7bcfaf0,PRD-0016,Hermes,3.65,0,
ORD-003460,2023-08-27,2023-08-30,84ba34358ea2,PRD-0025,Hermes,5.36,0,
ORD-003461,2023-06-10,2023-06-13,bc7ee4f48339,PRD-0008,DPD,4.05,0,
ORD-003462,2023-12-01,2023-12-03,a86478876429,PRD-0025,DHL,6.28,0,
ORD-003463,2023-07-21,2023-07-22,a70c9987374c,PRD-0030,DPD,4.9,0,
ORD-003464,2023-11-01,2023-11-03,808f07484c9e,PRD-0034,DHL,4.33,0,
ORD-003465,2023-10-11,2023-10-13,c957b337cc41,PRD-0016,DHL,7.16,0,
ORD-003466,2023-12-02,2023-12-04,8cf348161471,PRD-0036,DPD,4.89,0,
ORD-003467,2023-03-29,2023-03-31,695df20c0897,PRD-0027,DPD,7.39,0,
ORD-003468,2023-03-16,2023-03-25,2bf6c29e438f,PRD-0017,Hermes,6.67,0,
ORD-003469,2023-05-12,2023-05-14,1f44f5258dc4,PRD-0040,DHL,5.91,0,
ORD-003470,2023-05-18,2023-05-19,1824d85429cb,PRD-0049,DPD,7.28,0,
ORD-003471,2023-09-26,2023-09-28,809f89f73fa5,PRD-0018,DPD,5.8,0,
ORD-003472,2023-06-23,2023-06-24,efa214a349d0,PRD-0027,Hermes,6.13,0,
ORD-003473,2023-01-06,2023-01-07,7d13cf616dd9,PRD-0011,DHL,5.5,1,Gefällt nicht
ORD-003474,2023-11-07,2023-11-09,1be9d2cedf01,PRD-0039,DPD,4.37,0,
ORD-003475,2023-07-09,2023-07-12,59c230b0a5fb,PRD-0043,DPD,5.59,0,
ORD-003476,2023-06-21,2023-06-22,990779cf8869,PRD-0018,DHL,7.37,0,
ORD-003477,2023-04-02,2023-04-04,3dccc84ce1e3,PRD-0049,DPD,3.96,1,Passt nicht
ORD-003478,2023-10-15,2023-10-17,4c9893856dd5,PRD-0049,DHL,4.27,1,Gefällt nicht
ORD-003479,2023-02-09,2023-02-19,ee22a2bd14a5,PRD-0046,Hermes,6.61,1,Zu spät geliefert
ORD-003480,2023-10-25,2023-10-26,52bbbecf7e4a,PRD-0016,DHL,5.77,0,
ORD-003481,2023-03-08,2023-03-17,b0c234dacd05,PRD-0020,Hermes,3.72,1,Zu spät geliefert
ORD-003482,2023-11-23,2023-11-25,15b0192f7a89,PRD-0010,DPD,4.32,1,Passt nicht
ORD-003483,2023-11-09,2023-11-11,cc2e0d6395e1,PRD-0030,Hermes,5.88,0,
ORD-003484,2023-09-13,2023-09-15,723a77d2c86b,PRD-0022,DPD,6.86,0,
ORD-003485,2023-12-16,2023-12-18,3d72668edf04,PRD-0001,DPD,3.82,0,
ORD-003486,2023-12-08,2023-12-09,181e7a971de3,PRD-0040,DHL,5.71,1,Gefällt nicht
ORD-003487,2023-03-26,2023-03-28,a3bd3f59a6c4,PRD-0017,DPD,4.39,0,
ORD-003488,2023-02-08,2023-02-11,379ebebe8e18,PRD-0015,DPD,7.04,0,
ORD-003489,2023-05-06,2023-05-08,ecc4061a6b57,PRD-0012,DHL,6.18,0,
ORD-003490,2023-05-08,2023-05-09,0d9d01d1a344,PRD-0003,DHL,4.23,1,Gefällt nicht
ORD-003491,2023-05-13,2023-05-14,c407a7bcfaf0,PRD-0014,DPD,6.15,1,Passt nicht
ORD-003492,2023-09-03,2023-09-06,9d62b602ed33,PRD-0038,Hermes,6.13,0,
ORD-003493,2023-01-17,2023-01-18,0ecc199bf319,PRD-0035,DHL,7.11,0,
ORD-003494,2023-09-22,2023-09-25,4ec5d0d83271,PRD-0042,Hermes,5.03,1,Gefällt nicht
ORD-003495,2023-11-24,2023-11-27,c66f5250ffc3,PRD-0004,DHL,5.25,1,Gefällt nicht
ORD-003496,2023-10-26,2023-11-01,5ba481d9f495,PRD-0005,Hermes,3.73,1,Gefällt nicht
ORD-003497,2023-05-04,2023-05-13,35664c9c3f85,PRD-0035,Hermes,4.62,0,
ORD-003498,2023-06-20,2023-06-22,12647114a0f8,PRD-0022,DHL,6.42,0,
ORD-003499,2023-09-20,2023-09-21,2bf6c29e438f,PRD-0049,DHL,5.99,1,Passt nicht
ORD-003500,2023-12-18,2023-12-19,4e2191176290,PRD-0001,DHL,5.79,1,Gefällt nicht
ORD-003501,2023-01-13,2023-01-14,6adad2b3a3cf,PRD-0014,DHL,4.29,1,Passt nicht
ORD-003502,2023-05-19,2023-05-20,a871859dbae3,PRD-0030,Hermes,7.1,0,
ORD-003503,2023-02-19,2023-02-20,0a872da2b2c2,PRD-0030,Hermes,6.6,0,
ORD-003504,2023-09-07,2023-09-13,1cb9049a7608,PRD-0040,Hermes,4.34,1,Gefällt nicht
ORD-003505,2023-02-06,2023-02-09,bc7ee4f48339,PRD-0012,DHL,6.58,0,
ORD-003506,2023-07-23,2023-07-24,fb86fc199742,PRD-0032,DHL,6.37,1,Beschädigt
ORD-003507,2023-07-05,2023-07-06,bc4530a6f78d,PRD-0009,DHL,5.33,0,
ORD-003508,2023-08-28,2023-08-29,374f4987985f,PRD-0038,DPD,7.33,1,Gefällt nicht
ORD-003509,2023-08-23,2023-08-24,b8710bcabf47,PRD-0009,Hermes,7.17,1,Zu spät geliefert
ORD-003510,2023-09-20,2023-09-22,5d6484f28822,PRD-0043,DPD,7.33,0,
ORD-003511,2023-12-07,2023-12-10,c440be2dc911,PRD-0031,DPD,4.78,0,
ORD-003512,2023-10-15,2023-10-18,13a10a499400,PRD-0027,DHL,5.9,0,
ORD-003513,2023-03-28,2023-04-06,87d8cf076baa,PRD-0012,Hermes,6.99,1,Zu spät geliefert
ORD-003514,2023-07-20,2023-07-22,25185671a9c4,PRD-0010,DPD,4.86,0,
ORD-003515,2023-04-17,2023-04-18,abd59341f3f1,PRD-0005,DHL,6.71,1,Passt nicht
ORD-003516,2023-10-04,2023-10-14,fc756d4ad507,PRD-0045,Hermes,4.52,1,Zu spät geliefert
ORD-003517,2023-11-16,2023-11-17,fe2dfe5b7805,PRD-0047,DPD,5.44,0,
ORD-003518,2023-04-19,2023-04-22,e181ef26b77f,PRD-0013,Hermes,3.9,1,Gefällt nicht
ORD-003519,2023-04-13,2023-04-14,9613928529a8,PRD-0006,DHL,7.36,0,
ORD-003520,2023-01-18,2023-01-20,1178ea5629ae,PRD-0016,DPD,5.71,0,
ORD-003521,2023-05-01,2023-05-02,20ec997f0456,PRD-0048,DPD,7.06,0,
ORD-003522,2023-05-23,2023-05-24,2120a826ced3,PRD-0005,Hermes,6.27,0,
ORD-003523,2023-07-17,2023-07-20,d4129aa4c1b3,PRD-0041,DHL,3.91,0,
ORD-003524,2023-07-28,2023-07-30,0890fab2d63e,PRD-0040,DPD,4.21,0,
ORD-003525,2023-03-23,2023-03-25,b6c409f8788c,PRD-0048,DHL,4.07,1,Gefällt nicht
ORD-003526,2023-02-10,2023-02-12,3e00f34a1b6c,PRD-0025,DPD,5.73,0,
ORD-003527,2023-01-30,2023-02-01,97498ce80361,PRD-0011,DHL,4.1,0,
ORD-003528,2023-05-01,2023-05-03,1a3edd26db8f,PRD-0025,DHL,6.24,0,
ORD-003529,2023-01-25,2023-01-27,13a10a499400,PRD-0038,DPD,4.27,0,
ORD-003530,2023-04-30,2023-05-01,26371d676dab,PRD-0048,DPD,6.77,0,
ORD-003531,2023-12-11,2023-12-13,1f1114afaac5,PRD-0019,Hermes,3.57,0,
ORD-003532,2023-07-07,2023-07-10,deed6cfd4550,PRD-0034,Hermes,3.55,0,
ORD-003533,2023-01-20,2023-01-21,1d38108d4d5d,PRD-0002,DHL,5.96,0,
ORD-003534,2023-09-10,2023-09-13,654a8248ac1b,PRD-0050,DPD,4.26,1,Gefällt nicht
ORD-003535,2023-12-24,2023-12-26,d052d3dc4806,PRD-0029,Hermes,5.09,0,
ORD-003536,2023-09-30,2023-10-01,ab4f462f398f,PRD-0043,DHL,5.89,0,
ORD-003537,2023-02-09,2023-02-11,c24d64f49c94,PRD-0027,DHL,7.19,0,
ORD-003538,2023-10-20,2023-10-21,3eac244b5089,PRD-0021,DHL,5.77,0,
ORD-003539,2023-03-01,2023-03-03,9ab65ae42320,PRD-0027,DHL,3.83,0,
ORD-003540,2023-12-30,2023-12-31,9f8bb10d51b5,PRD-0039,DHL,5.79,0,
ORD-003541,2023-03-30,2023-04-02,1b84fe910c90,PRD-0011,DHL,4.79,1,Passt nicht
ORD-003542,2023-09-09,2023-09-18,968238901c07,PRD-0050,Hermes,6.53,1,Zu spät geliefert
ORD-003543,2023-11-05,2023-11-06,8807a57da3fe,PRD-0038,Hermes,6.38,0,
ORD-003544,2023-05-06,2023-05-07,50aba4db4830,PRD-0042,Hermes,6.16,0,
ORD-003545,2023-11-27,2023-11-29,8c8ee8a9a9ef,PRD-0012,DHL,4.84,0,
ORD-003546,2023-01-20,2023-01-21,5d6484f28822,PRD-0040,DPD,5.7,0,
ORD-003547,2023-03-19,2023-03-22,200a2290a9f2,PRD-0013,DHL,6.54,1,Falscher Artikel
ORD-003548,2023-06-05,2023-06-08,a3106c759a3b,PRD-0003,Hermes,6.32,0,
ORD-003549,2023-07-28,2023-07-29,4704c19af128,PRD-0005,DPD,3.88,1,Passt nicht
ORD-003550,2023-06-22,2023-06-24,94bcba74315e,PRD-0012,DHL,5.55,0,
ORD-003551,2023-02-14,2023-02-16,078cf7c2e76f,PRD-0008,DPD,6.98,0,
ORD-003552,2023-05-06,2023-05-08,640a49a29fe1,PRD-0027,DPD,4.69,0,
ORD-003553,2023-09-01,2023-09-02,22579d7e20eb,PRD-0007,DPD,4.55,0,
ORD-003554,2023-10-19,2023-10-21,ef585dfe39ff,PRD-0004,Hermes,6.85,0,
ORD-003555,2023-06-02,2023-06-04,d590578f636c,PRD-0001,DHL,5.27,1,Gefällt nicht
ORD-003556,2023-11-15,2023-11-17,ff53055637c2,PRD-0031,DHL,6.6,0,
ORD-003557,2023-12-29,2023-12-31,19a338cccf37,PRD-0025,DPD,6.98,0,
ORD-003558,2023-10-29,2023-10-30,000f6f3e3d8a,PRD-0020,DPD,6.4,0,
ORD-003559,2023-07-27,2023-07-28,b77ee237a99d,PRD-0019,DPD,6.36,1,Passt nicht
ORD-003560,2023-08-22,2023-08-23,b3c3587560fe,PRD-0010,DHL,3.57,0,
ORD-003561,2023-01-29,2023-01-31,872e17e7a5a1,PRD-0005,DHL,5.63,1,Gefällt nicht
ORD-003562,2023-10-16,2023-10-19,75a18f420f3b,PRD-0008,Hermes,7.02,0,
ORD-003563,2023-01-15,2023-01-16,6c32c594f20c,PRD-0045,DHL,5.96,0,
ORD-003564,2023-08-15,2023-08-18,50aba4db4830,PRD-0049,Hermes,4.61,0,
ORD-003565,2023-09-06,2023-09-09,d8c4bb416eba,PRD-0034,DHL,6.29,0,
ORD-003566,2023-06-20,2023-06-21,0ba853873b50,PRD-0048,DPD,5.19,1,Zu spät geliefert
ORD-003567,2023-12-08,2023-12-11,ad0a5f423792,PRD-0048,DPD,3.51,0,
ORD-003568,2023-12-05,2023-12-08,dad91dcce010,PRD-0023,DHL,4.85,0,
ORD-003569,2023-06-24,2023-06-25,747571f443d9,PRD-0026,DHL,4.81,1,Passt nicht
ORD-003570,2023-08-28,2023-08-31,e1f4a299a8d3,PRD-0018,DHL,5.7,0,
ORD-003571,2023-06-23,2023-06-26,d56badee061c,PRD-0023,DPD,5.17,0,
ORD-003572,2023-07-28,2023-07-31,195d1d87ed88,PRD-0040,DHL,6.57,0,
ORD-003573,2023-01-21,2023-01-23,886e21a9b6c8,PRD-0004,Hermes,6.79,0,
ORD-003574,2023-12-06,2023-12-07,cedbdcb96040,PRD-0028,DHL,5.72,0,
ORD-003575,2023-12-09,2023-12-12,dec2d92afa99,PRD-0014,DPD,6.19,0,
ORD-003576,2023-02-25,2023-02-27,b50e06250f56,PRD-0014,DHL,6.49,0,
ORD-003577,2023-04-01,2023-04-02,e6638b0be48a,PRD-0022,DPD,7.35,0,
ORD-003578,2023-09-06,2023-09-11,2bec6db3684b,PRD-0049,Hermes,7.36,1,Gefällt nicht
ORD-003579,2023-04-28,2023-04-29,5f53888bfcb6,PRD-0001,DHL,4.3,1,Passt nicht
ORD-003580,2023-11-09,2023-11-10,17ec06c1973a,PRD-0046,DPD,6.9,1,Falscher Artikel
ORD-003581,2023-10-30,2023-10-31,00f726c75673,PRD-0015,Hermes,6.92,0,
ORD-003582,2023-09-01,2023-09-04,42f746bc7720,PRD-0031,Hermes,6.3,0,
ORD-003583,2023-04-14,2023-04-20,5bdcbeb00ad0,PRD-0031,Hermes,6.02,0,
ORD-003584,2023-05-19,2023-05-20,a5c98f280d1f,PRD-0038,DHL,7.24,0,
ORD-003585,2023-06-15,2023-06-17,364454046f73,PRD-0007,DPD,5.98,1,Passt nicht
ORD-003586,2023-07-18,2023-07-28,cf4764400f03,PRD-0039,Hermes,4.91,0,
ORD-003587,2023-04-24,2023-04-27,a70c9987374c,PRD-0027,DPD,5.66,0,
ORD-003588,2023-04-13,2023-04-15,c957b337cc41,PRD-0023,DPD,6.2,0,
ORD-003589,2023-06-10,2023-06-13,0297a5f73d32,PRD-0047,DHL,4.97,0,
ORD-003590,2023-07-03,2023-07-05,8c8ee8a9a9ef,PRD-0026,DPD,5.95,0,
ORD-003591,2023-08-12,2023-08-13,836e5c18feff,PRD-0037,DHL,4.73,1,Passt nicht
ORD-003592,2023-11-11,2023-11-12,fe2dfe5b7805,PRD-0038,DPD,4.39,0,
ORD-003593,2023-04-24,2023-04-27,11a94b5eb3d0,PRD-0043,Hermes,6.45,0,
ORD-003594,2023-01-10,2023-01-13,1636252b729a,PRD-0009,DPD,6.01,1,Beschädigt
ORD-003595,2023-12-22,2023-12-24,6db3bee68ad0,PRD-0049,DPD,7.45,0,
ORD-003596,2023-10-23,2023-10-26,9e4cc83219db,PRD-0005,Hermes,5.75,0,
ORD-003597,2023-04-01,2023-04-03,cd71aeb76816,PRD-0039,Hermes,5.74,0,
ORD-003598,2023-11-15,2023-11-17,22eb96eb9c82,PRD-0040,DPD,3.8,0,
ORD-003599,2023-10-27,2023-10-30,10026dbd2d64,PRD-0013,DPD,3.95,0,
ORD-003600,2023-06-14,2023-06-16,242b1720dbc7,PRD-0016,Hermes,4.33,0,
ORD-003601,2023-10-09,2023-10-12,dde3f5369231,PRD-0038,DPD,4.67,1,Zu spät geliefert
ORD-003602,2023-11-29,2023-12-01,fc756d4ad507,PRD-0035,DHL,3.54,0,
ORD-003603,2023-06-15,2023-06-18,6a5a0702f324,PRD-0011,DPD,5.08,0,
ORD-003604,2023-04-26,2023-04-27,7598bd71fe53,PRD-0021,DHL,7.45,0,
ORD-003605,2023-11-13,2023-11-15,b0e25b821d65,PRD-0026,DHL,4.66,1,Zu spät geliefert
ORD-003606,2023-01-09,2023-01-12,5bd74e894eab,PRD-0004,DHL,4.93,1,Gefällt nicht
ORD-003607,2023-01-26,2023-01-27,17591257966a,PRD-0050,DHL,5.66,0,
ORD-003608,2023-06-17,2023-06-18,3f8846b8d9ae,PRD-0013,DPD,4.72,0,
ORD-003609,2023-03-26,2023-03-27,57719992ae4c,PRD-0035,DPD,6.45,0,
ORD-003610,2023-02-22,2023-02-25,d1e81688058a,PRD-0048,DHL,7.44,0,
ORD-003611,2023-08-27,2023-08-29,c9971add6108,PRD-0001,DHL,7.16,0,
ORD-003612,2023-05-05,2023-05-06,619165201926,PRD-0001,DHL,6.38,0,
ORD-003613,2023-07-06,2023-07-07,49067f21850d,PRD-0044,Hermes,5.89,0,
ORD-003614,2023-03-26,2023-03-28,7515db680360,PRD-0014,DHL,3.89,0,
ORD-003615,2023-10-22,2023-10-23,fe658e70891a,PRD-0050,DPD,7.41,0,
ORD-003616,2023-07-13,2023-07-15,ab21903e68c6,PRD-0019,Hermes,5.42,0,
ORD-003617,2023-07-16,2023-07-17,8bf6d58effba,PRD-0002,DPD,4.15,0,
ORD-003618,2023-09-15,2023-09-16,30ab010147f1,PRD-0042,DHL,5.21,1,Passt nicht
ORD-003619,2023-03-22,2023-03-23,446545a9feff,PRD-0045,DHL,7.18,0,
ORD-003620,2023-12-04,2023-12-07,38424fe833d6,PRD-0017,DHL,3.67,0,
ORD-003621,2023-02-16,2023-02-18,2cb552c3de87,PRD-0018,DPD,5.73,0,
ORD-003622,2023-05-18,2023-05-23,3405d23c5dca,PRD-0026,Hermes,6.65,0,
ORD-003623,2023-08-15,2023-08-17,3fb6657a5403,PRD-0008,Hermes,5.41,0,
ORD-003624,2023-07-13,2023-07-14,b71b3ef9f857,PRD-0028,DHL,4.22,0,
ORD-003625,2023-05-23,2023-05-30,f6cc1089a080,PRD-0001,Hermes,3.62,1,Zu spät geliefert
ORD-003626,2023-06-25,2023-07-03,de5995b0f460,PRD-0020,Hermes,4.8,0,
ORD-003627,2023-10-02,2023-10-04,e87ccbf56f42,PRD-0015,DPD,6.89,1,Passt nicht
ORD-003628,2023-12-23,2023-12-24,8a8452860d40,PRD-0015,DPD,6.82,1,Gefällt nicht
ORD-003629,2023-03-04,2023-03-06,66d83e310e09,PRD-0009,Hermes,4.16,0,
ORD-003630,2023-08-22,2023-08-23,94bcba74315e,PRD-0039,DHL,5.08,0,
ORD-003631,2023-12-20,2023-12-21,d451b4fe0223,PRD-0012,DHL,6.62,0,
ORD-003632,2023-10-01,2023-10-02,c9971add6108,PRD-0050,DPD,5.35,0,
ORD-003633,2023-09-17,2023-09-20,4704c19af128,PRD-0028,Hermes,5.97,0,
ORD-003634,2023-02-27,2023-03-02,bcea4943f5ed,PRD-0021,DPD,4.8,0,
ORD-003635,2023-09-15,2023-09-17,eeef6eaf3244,PRD-0038,DPD,6.87,0,
ORD-003636,2023-06-20,2023-06-21,d83e23745063,PRD-0046,Hermes,4.81,0,
ORD-003637,2023-04-01,2023-04-03,8d7552eb62a6,PRD-0040,DHL,7.16,1,Gefällt nicht
ORD-003638,2023-02-10,2023-02-12,42f746bc7720,PRD-0041,DHL,3.87,0,
ORD-003639,2023-07-17,2023-07-19,1dc1bf598d53,PRD-0030,Hermes,6.05,0,
ORD-003640,2023-06-02,2023-06-04,b30dde1c0c5a,PRD-0050,DHL,5.62,0,
ORD-003641,2023-08-06,2023-08-07,3acc52377c82,PRD-0047,Hermes,3.98,0,
ORD-003642,2023-10-28,2023-10-31,1b26cbe1582a,PRD-0020,DPD,4.54,0,
ORD-003643,2023-10-16,2023-10-17,8cb2516ad183,PRD-0039,DHL,5.54,1,Gefällt nicht
ORD-003644,2023-03-22,2023-03-23,91cbdba25f4e,PRD-0015,DHL,5.19,0,
ORD-003645,2023-10-03,2023-10-04,a48886afbfd9,PRD-0005,DPD,5.21,1,Passt nicht
ORD-003646,2023-01-15,2023-01-18,52bbbecf7e4a,PRD-0033,Hermes,4.91,1,Passt nicht
ORD-003647,2023-02-23,2023-02-25,40c2ea9999c9,PRD-0031,DPD,6.81,1,Gefällt nicht
ORD-003648,2023-08-08,2023-08-16,a3e6026be7de,PRD-0012,Hermes,6.27,1,Zu spät geliefert
ORD-003649,2023-11-19,2023-11-20,a871859dbae3,PRD-0021,DPD,6.42,0,
ORD-003650,2023-02-04,2023-02-05,5fa3180aa5f5,PRD-0033,DHL,6.95,0,
ORD-003651,2023-05-09,2023-05-11,0ca7b2b39990,PRD-0028,DPD,4.62,0,
ORD-003652,2023-08-06,2023-08-09,00aab29cebe7,PRD-0032,DHL,6.47,0,
ORD-003653,2023-05-24,2023-05-26,7e736143ef37,PRD-0011,DPD,3.76,0,
ORD-003654,2023-12-24,2023-12-26,307e6b240c8c,PRD-0015,DHL,7.05,1,Gefällt nicht
ORD-003655,2023-10-01,2023-10-11,f23d982e04cd,PRD-0028,Hermes,6.66,0,
ORD-003656,2023-09-15,2023-09-16,872e17e7a5a1,PRD-0003,DHL,5.72,0,
ORD-003657,2023-04-29,2023-04-30,9bf8bb92f6f0,PRD-0015,DPD,4.44,0,
ORD-003658,2023-09-07,2023-09-09,1885ebd4660c,PRD-0044,DPD,6.32,0,
ORD-003659,2023-03-05,2023-03-08,c7607c20e1b6,PRD-0039,Hermes,4.18,0,
ORD-003660,2023-11-16,2023-11-19,1a362e3b8d84,PRD-0025,Hermes,4.69,0,
ORD-003661,2023-03-30,2023-04-02,1ee7c2736a4b,PRD-0043,DPD,4.98,0,
ORD-003662,2023-03-30,2023-04-09,d7e301b5cd6f,PRD-0036,Hermes,5.58,0,
ORD-003663,2023-03-09,2023-03-10,07b92aac87b8,PRD-0034,DPD,3.71,0,
ORD-003664,2023-04-27,2023-04-30,6db3bee68ad0,PRD-0005,Hermes,5.94,0,
ORD-003665,2023-02-05,2023-02-06,710113ae34b1,PRD-0043,DPD,4.7,0,
ORD-003666,2023-05-26,2023-05-29,c7607c20e1b6,PRD-0013,DPD,5.31,0,
ORD-003667,2023-11-28,2023-11-30,10d283c4b3f1,PRD-0030,DHL,5.62,0,
ORD-003668,2023-10-13,2023-10-14,270e3dbaa894,PRD-0017,Hermes,4.32,0,
ORD-003669,2023-05-25,2023-05-28,cd2b612e83a2,PRD-0049,DHL,7.43,0,
ORD-003670,2023-01-27,2023-01-30,afb8f64e78d8,PRD-0006,DHL,3.62,0,
ORD-003671,2023-08-02,2023-08-04,2bf1b69dc216,PRD-0033,Hermes,5.81,1,Passt nicht
ORD-003672,2023-05-15,2023-05-16,1cb9049a7608,PRD-0032,DPD,7.17,0,
ORD-003673,2023-09-01,2023-09-04,f1f3d239b22b,PRD-0001,DHL,6.13,0,
ORD-003674,2023-10-14,2023-10-17,33c5c26054a7,PRD-0047,DPD,6.83,0,
ORD-003675,2023-04-09,2023-04-10,0dec90d9822f,PRD-0030,DPD,4.09,0,
ORD-003676,2023-07-28,2023-08-06,87d8cf076baa,PRD-0028,Hermes,6.82,1,Zu spät geliefert
ORD-003677,2023-04-07,2023-04-10,21aede179a18,PRD-0048,DPD,6.52,0,
ORD-003678,2023-08-15,2023-08-18,1d38108d4d5d,PRD-0048,DHL,4.01,0,
ORD-003679,2023-06-18,2023-06-21,6286963288a7,PRD-0002,DPD,5.8,0,
ORD-003680,2023-11-06,2023-11-07,3440e95f3c5a,PRD-0038,DHL,6.93,0,
ORD-003681,2023-06-01,2023-06-09,434ffda97134,PRD-0037,Hermes,4.47,1,Zu spät geliefert
ORD-003682,2023-01-10,2023-01-11,852136f15af9,PRD-0003,DPD,4.81,0,
ORD-003683,2023-07-01,2023-07-04,625a58a0970a,PRD-0007,DPD,4.81,1,Gefällt nicht
ORD-003684,2023-12-20,2023-12-21,688d8e5662ef,PRD-0009,Hermes,3.78,0,
ORD-003685,2023-03-22,2023-03-24,582fb1eed8db,PRD-0045,DPD,6.53,0,
ORD-003686,2023-04-27,2023-04-28,d83e23745063,PRD-0029,DHL,5.54,0,
ORD-003687,2023-04-24,2023-04-25,9fcffad07fda,PRD-0026,DPD,4.47,0,
ORD-003688,2023-11-05,2023-11-06,bba0303a4f1e,PRD-0004,DPD,5.68,0,
ORD-003689,2023-05-30,2023-06-06,2ca50b35ad33,PRD-0049,Hermes,4.49,1,Zu spät geliefert
ORD-003690,2023-11-25,2023-12-04,1aab35a976b4,PRD-0022,Hermes,4.93,0,
ORD-003691,2023-07-02,2023-07-04,4ff39efe0c37,PRD-0008,DHL,5.07,0,
ORD-003692,2023-10-03,2023-10-06,5cd8ccb79288,PRD-0040,DHL,5.39,1,Passt nicht
ORD-003693,2023-04-09,2023-04-10,97498ce80361,PRD-0030,DHL,5.19,0,
ORD-003694,2023-05-31,2023-06-07,0af3a7a56720,PRD-0042,Hermes,5.58,1,Zu spät geliefert
ORD-003695,2023-03-10,2023-03-11,654a8248ac1b,PRD-0017,Hermes,3.81,0,
ORD-003696,2023-10-10,2023-10-13,f4ec8620a252,PRD-0007,DPD,7.3,0,
ORD-003697,2023-02-17,2023-02-20,ab4f462f398f,PRD-0014,Hermes,4.7,0,
ORD-003698,2023-05-15,2023-05-17,94bcba74315e,PRD-0017,DHL,3.65,0,
ORD-003699,2023-10-16,2023-10-17,0907e2f4a507,PRD-0036,DPD,7.42,0,
ORD-003700,2023-09-03,2023-09-05,22579d7e20eb,PRD-0017,DHL,5.19,0,
ORD-003701,2023-08-11,2023-08-13,67c33c684bbe,PRD-0033,DHL,6.21,0,
ORD-003702,2023-05-19,2023-05-22,ab6da4d8621c,PRD-0008,DPD,4.77,0,
ORD-003703,2023-07-31,2023-08-02,635719a9bacb,PRD-0002,DPD,3.68,0,
ORD-003704,2023-04-21,2023-04-24,7d378c11ec5f,PRD-0026,Hermes,6.94,0,
ORD-003705,2023-09-10,2023-09-13,e5900af4dbd0,PRD-0045,DHL,5.52,0,
ORD-003706,2023-02-01,2023-02-04,17e80f1d2699,PRD-0018,DPD,4.58,0,
ORD-003707,2023-12-24,2023-12-25,faddb82d1ed3,PRD-0049,Hermes,5.65,1,Gefällt nicht
ORD-003708,2023-09-01,2023-09-03,f4ec8620a252,PRD-0030,DHL,4.56,0,
ORD-003709,2023-07-09,2023-07-11,c4b7b6daa6a5,PRD-0002,DPD,7.34,0,
ORD-003710,2023-04-14,2023-04-16,fcf9005f1b56,PRD-0007,Hermes,3.64,0,
ORD-003711,2023-10-15,2023-10-18,1f44f5258dc4,PRD-0014,DPD,7.1,0,
ORD-003712,2023-12-28,2023-12-31,fe2dfe5b7805,PRD-0032,DHL,6.11,0,
ORD-003713,2023-12-25,2023-12-28,79eb57c262b2,PRD-0033,DHL,4.64,1,Gefällt nicht
ORD-003714,2023-12-27,2023-12-29,82596d07353f,PRD-0029,DHL,5.92,1,Passt nicht
ORD-003715,2023-08-25,2023-08-26,81140dea1830,PRD-0008,Hermes,5.18,0,
ORD-003716,2023-02-14,2023-02-15,210b5734e487,PRD-0012,DPD,4.89,0,
ORD-003717,2023-06-14,2023-06-16,3440e95f3c5a,PRD-0011,DHL,6.95,1,Passt nicht
ORD-003718,2023-01-25,2023-01-26,10f3d78de149,PRD-0006,DPD,4.92,0,
ORD-003719,2023-06-21,2023-06-23,c3a3122f53f0,PRD-0009,DHL,3.77,0,
ORD-003720,2023-01-02,2023-01-04,51146b476b24,PRD-0046,DPD,6.86,0,
ORD-003721,2023-05-11,2023-05-12,65fa4460f4d3,PRD-0007,DPD,7.49,1,Gefällt nicht
ORD-003722,2023-01-06,2023-01-07,86f6d149b736,PRD-0036,DPD,6.36,1,Zu spät geliefert
ORD-003723,2023-03-04,2023-03-05,1da2036bf2d8,PRD-0007,DPD,5.68,1,Gefällt nicht
ORD-003724,2023-12-15,2023-12-18,a03a0cec9f71,PRD-0002,DPD,5.4,0,
ORD-003725,2023-03-06,2023-03-09,a8c66f9f711d,PRD-0025,Hermes,4.99,0,
ORD-003726,2023-01-30,2023-01-31,7d378c11ec5f,PRD-0020,DHL,4.56,0,
ORD-003727,2023-07-19,2023-07-22,ab5e5d667420,PRD-0045,DPD,5.18,0,
ORD-003728,2023-09-16,2023-09-17,6adad2b3a3cf,PRD-0035,DPD,5.03,1,Beschädigt
ORD-003729,2023-02-06,2023-02-08,d1b78d8532ed,PRD-0007,DPD,3.55,1,Gefällt nicht
ORD-003730,2023-06-07,2023-06-10,ecc92ca07f24,PRD-0026,Hermes,6.62,1,Gefällt nicht
ORD-003731,2023-08-08,2023-08-16,35402ac5b811,PRD-0039,Hermes,3.78,0,
ORD-003732,2023-08-03,2023-08-06,64470c154a9e,PRD-0013,Hermes,5.4,1,Zu spät geliefert
ORD-003733,2023-01-28,2023-01-29,21aede179a18,PRD-0002,DHL,4.05,0,
ORD-003734,2023-09-08,2023-09-09,ae868fa763a9,PRD-0037,DHL,4.36,0,
ORD-003735,2023-11-20,2023-11-21,c3a3122f53f0,PRD-0006,DHL,4.19,0,
ORD-003736,2023-04-22,2023-04-25,93746af9a172,PRD-0007,DHL,5.77,0,
ORD-003737,2023-12-13,2023-12-14,3acc52377c82,PRD-0033,Hermes,4.24,0,
ORD-003738,2023-02-08,2023-02-11,690e733c2dab,PRD-0017,Hermes,6.67,0,
ORD-003739,2023-03-30,2023-03-31,7d378c11ec5f,PRD-0008,DPD,7.47,0,
ORD-003740,2023-11-02,2023-11-04,72e988d8eb56,PRD-0031,DHL,5.13,1,Passt nicht
ORD-003741,2023-10-24,2023-10-26,daa2c4289cbf,PRD-0015,Hermes,4.03,0,
ORD-003742,2023-04-27,2023-04-30,64470c154a9e,PRD-0010,DHL,4.08,0,
ORD-003743,2023-11-22,2023-11-24,eeef6eaf3244,PRD-0014,DPD,4.07,0,
ORD-003744,2023-04-17,2023-04-18,dde3f5369231,PRD-0043,DPD,4.72,0,
ORD-003745,2023-09-17,2023-09-22,8b9804a18cf9,PRD-0029,Hermes,5.18,1,Passt nicht
ORD-003746,2023-07-06,2023-07-12,e45c7aa60886,PRD-0023,Hermes,3.82,0,
ORD-003747,2023-05-31,2023-06-03,a03a0cec9f71,PRD-0039,Hermes,6.21,0,
ORD-003748,2023-09-29,2023-10-01,efa214a349d0,PRD-0023,DPD,4.9,0,
ORD-003749,2023-12-12,2023-12-13,45a20b0f920a,PRD-0003,DHL,4.78,1,Passt nicht
ORD-003750,2023-01-23,2023-01-24,7e7d85dcb9cf,PRD-0035,DPD,5.22,0,
ORD-003751,2023-10-01,2023-10-03,884802d6725a,PRD-0026,DPD,6.71,0,
ORD-003752,2023-08-18,2023-08-20,81d199d7f773,PRD-0027,Hermes,7.13,0,
ORD-003753,2023-04-10,2023-04-18,b56320997ee9,PRD-0044,Hermes,7.13,0,
ORD-003754,2023-11-14,2023-11-16,81eab3379b56,PRD-0034,Hermes,5.25,1,Gefällt nicht
ORD-003755,2023-08-07,2023-08-10,091f24ee1b41,PRD-0036,DHL,5.46,1,Passt nicht
ORD-003756,2023-03-20,2023-03-21,faa2f6f03cc1,PRD-0037,DHL,3.67,0,
ORD-003757,2023-09-27,2023-09-30,3c39f0cef709,PRD-0037,DPD,7.23,0,
ORD-003758,2023-07-09,2023-07-12,0c73a19e96cc,PRD-0013,Hermes,6.83,0,
ORD-003759,2023-11-11,2023-11-13,bdde9cfbebaf,PRD-0021,DHL,5.54,0,
ORD-003760,2023-06-24,2023-06-27,efa214a349d0,PRD-0029,DHL,5.8,1,Passt nicht
ORD-003761,2023-04-22,2023-04-24,2bf1b69dc216,PRD-0027,Hermes,6.92,0,
ORD-003762,2023-01-11,2023-01-12,d3b1f769f7d5,PRD-0005,DHL,5.47,0,
ORD-003763,2023-10-13,2023-10-14,a6006729eb0e,PRD-0048,DHL,4.82,0,
ORD-003764,2023-02-19,2023-02-20,30ab010147f1,PRD-0014,DHL,5.69,1,Passt nicht
ORD-003765,2023-08-18,2023-08-21,fbf122d940e4,PRD-0016,Hermes,4.46,0,
ORD-003766,2023-11-11,2023-11-12,0ba853873b50,PRD-0040,DHL,5.79,0,
ORD-003767,2023-10-07,2023-10-08,c44512e2acc8,PRD-0037,DHL,6.69,1,Gefällt nicht
ORD-003768,2023-11-30,2023-12-02,210b5734e487,PRD-0038,DHL,6.47,0,
ORD-003769,2023-02-18,2023-02-21,fe4d48720e99,PRD-0016,DHL,7.24,0,
ORD-003770,2023-07-28,2023-07-31,868c311e5e64,PRD-0038,DPD,5.81,0,
ORD-003771,2023-06-07,2023-06-10,e122976f0144,PRD-0048,DPD,5.67,1,Passt nicht
ORD-003772,2023-04-23,2023-04-26,dde3f5369231,PRD-0022,Hermes,7.27,0,
ORD-003773,2023-09-16,2023-09-18,33c5c26054a7,PRD-0036,Hermes,3.66,0,
ORD-003774,2023-09-05,2023-09-08,210b5734e487,PRD-0039,DPD,4.5,1,Passt nicht
ORD-003775,2023-04-04,2023-04-05,64729909cc49,PRD-0007,DPD,3.83,0,
ORD-003776,2023-03-20,2023-03-22,05a078d470a8,PRD-0034,DHL,5.72,1,Falscher Artikel
ORD-003777,2023-10-27,2023-10-29,77c5cc0f7ae8,PRD-0045,Hermes,7.35,0,
ORD-003778,2023-12-29,2023-12-30,1da2036bf2d8,PRD-0010,DHL,6.72,0,
ORD-003779,2023-01-12,2023-01-14,ab21903e68c6,PRD-0001,DHL,4.61,1,Passt nicht
ORD-003780,2023-11-12,2023-11-22,fd7902f1976a,PRD-0002,Hermes,4.5,0,
ORD-003781,2023-02-28,2023-03-02,9124aad31df2,PRD-0046,Hermes,3.71,0,
ORD-003782,2023-06-14,2023-06-16,1ab934b136ba,PRD-0036,DHL,6.38,0,
ORD-003783,2023-11-28,2023-12-01,195d1d87ed88,PRD-0009,DPD,6.25,0,
ORD-003784,2023-09-04,2023-09-05,fe4d48720e99,PRD-0009,DPD,5.89,0,
ORD-003785,2023-05-16,2023-05-17,bb3934db10be,PRD-0019,DHL,5.06,0,
ORD-003786,2023-12-29,2024-01-01,31ac448529cf,PRD-0034,Hermes,6.26,0,
ORD-003787,2023-10-18,2023-10-19,f2344e0a11b7,PRD-0009,Hermes,7.38,0,
ORD-003788,2023-01-12,2023-01-13,a53456968de8,PRD-0020,DHL,5.32,0,
ORD-003789,2023-08-12,2023-08-13,22579d7e20eb,PRD-0019,DHL,7.47,0,
ORD-003790,2023-10-09,2023-10-12,0763c47e87fa,PRD-0009,DPD,5.7,0,
ORD-003791,2023-09-08,2023-09-11,ef8c2437deb7,PRD-0027,DHL,6.03,0,
ORD-003792,2023-08-16,2023-08-17,953c25151831,PRD-0023,DPD,6.97,0,
ORD-003793,2023-05-30,2023-05-31,4f4020b1fffb,PRD-0008,DHL,4.19,0,
ORD-003794,2023-10-02,2023-10-08,7769f1239eef,PRD-0017,Hermes,4.47,0,
ORD-003795,2023-11-15,2023-11-16,6db3bee68ad0,PRD-0030,DHL,4.3,1,Gefällt nicht
ORD-003796,2023-03-14,2023-03-17,e824a2749e48,PRD-0009,DPD,6.01,0,
ORD-003797,2023-02-15,2023-02-16,72e988d8eb56,PRD-0023,DHL,7.29,1,Beschädigt
ORD-003798,2023-08-05,2023-08-07,2d0708df16d8,PRD-0024,DHL,5.24,0,
ORD-003799,2023-12-12,2023-12-14,295bc6b838da,PRD-0015,DPD,7.38,1,Passt nicht
ORD-003800,2023-03-15,2023-03-16,1f44f5258dc4,PRD-0042,DHL,5.18,0,
ORD-003801,2023-06-11,2023-06-13,be09470a4786,PRD-0041,Hermes,3.85,1,Falscher Artikel
ORD-003802,2023-05-27,2023-05-29,c9971add6108,PRD-0001,Hermes,7.43,0,
ORD-003803,2023-06-25,2023-06-27,e11ba68c2897,PRD-0047,Hermes,4.9,0,
ORD-003804,2023-06-28,2023-06-30,0c9f50253a75,PRD-0027,DHL,5.64,0,
ORD-003805,2023-02-17,2023-02-20,b0e25b821d65,PRD-0021,DHL,6.8,0,
ORD-003806,2023-08-21,2023-08-23,f4ed782b83c8,PRD-0012,Hermes,6.89,0,
ORD-003807,2023-10-17,2023-10-20,d0f9e20b6ac8,PRD-0025,Hermes,6.92,0,
ORD-003808,2023-05-27,2023-05-29,182a643a7a92,PRD-0005,DPD,5.14,0,
ORD-003809,2023-06-11,2023-06-13,f50a415590f0,PRD-0029,DPD,4.67,0,
ORD-003810,2023-06-10,2023-06-11,cf4764400f03,PRD-0006,DPD,6.06,0,
ORD-003811,2023-06-19,2023-06-21,0bb12f59fd75,PRD-0001,DHL,3.94,0,
ORD-003812,2023-01-31,2023-02-03,8637e6be643e,PRD-0020,DPD,4.71,0,
ORD-003813,2023-01-01,2023-01-03,d517469939b6,PRD-0009,DHL,6.75,0,
ORD-003814,2023-02-24,2023-02-27,dbc7a3810588,PRD-0004,Hermes,5.01,0,
ORD-003815,2023-05-02,2023-05-03,879bd1edee94,PRD-0008,DHL,6.05,0,
ORD-003816,2023-10-17,2023-10-20,dc03524d72cc,PRD-0017,DPD,4.15,0,
ORD-003817,2023-06-03,2023-06-04,3e16d8c02f6b,PRD-0037,DHL,6.14,0,
ORD-003818,2023-12-22,2023-12-23,b2cebf22574d,PRD-0019,DPD,3.9,0,
ORD-003819,2023-04-04,2023-04-05,eff7c49b7f80,PRD-0040,Hermes,5.35,1,Passt nicht
ORD-003820,2023-04-18,2023-04-25,fba69d74eef3,PRD-0043,Hermes,6.66,0,
ORD-003821,2023-03-09,2023-03-12,81eab3379b56,PRD-0033,DHL,5.85,1,Gefällt nicht
ORD-003822,2023-11-12,2023-11-14,f8a89c4399b2,PRD-0035,DHL,6.96,0,
ORD-003823,2023-12-24,2023-12-25,24c1e8e62f86,PRD-0023,DHL,4.23,0,
ORD-003824,2023-01-13,2023-01-14,fd0ec81b021e,PRD-0024,Hermes,6.71,0,
ORD-003825,2023-02-22,2023-02-23,52c6914ee471,PRD-0016,DHL,3.7,0,
ORD-003826,2023-11-05,2023-11-07,13d2e75f5e4c,PRD-0048,DPD,5.49,1,Gefällt nicht
ORD-003827,2023-11-26,2023-11-29,1086241e2fd7,PRD-0046,DPD,5.04,0,
ORD-003828,2023-11-22,2023-11-23,1ab934b136ba,PRD-0013,DHL,4.31,0,
ORD-003829,2023-02-19,2023-02-22,1009001add0e,PRD-0029,DPD,7.15,0,
ORD-003830,2023-02-21,2023-02-23,359d96a93aa1,PRD-0006,DHL,4.34,1,Passt nicht
ORD-003831,2023-09-22,2023-09-23,83917dff0d2a,PRD-0031,DHL,6.49,1,Gefällt nicht
ORD-003832,2023-09-29,2023-10-02,663295ff7da6,PRD-0030,DPD,6.62,0,
ORD-003833,2023-03-27,2023-03-28,afb8f64e78d8,PRD-0041,Hermes,6.23,0,
ORD-003834,2023-04-15,2023-04-18,5e8451fe3696,PRD-0049,DHL,3.89,0,
ORD-003835,2023-08-27,2023-08-29,204dcf7a5e26,PRD-0019,DPD,4.81,0,
ORD-003836,2023-08-17,2023-08-18,17fb39050eb0,PRD-0001,DPD,4.86,1,Gefällt nicht
ORD-003837,2023-07-31,2023-08-03,7c91be984130,PRD-0034,DHL,7.19,1,Zu spät geliefert
ORD-003838,2023-01-16,2023-01-18,7c129bcbaf79,PRD-0034,DPD,3.51,0,
ORD-003839,2023-01-29,2023-02-01,500081b57226,PRD-0050,Hermes,5.37,0,
ORD-003840,2023-12-16,2023-12-18,07b92aac87b8,PRD-0027,DHL,3.94,1,Falscher Artikel
ORD-003841,2023-03-23,2023-03-24,2b991b6c3353,PRD-0031,DHL,6.21,0,
ORD-003842,2023-10-09,2023-10-12,688d8e5662ef,PRD-0049,DPD,4.51,0,
ORD-003843,2023-06-19,2023-06-22,fcd72e8ec79d,PRD-0050,DHL,6.85,1,Gefällt nicht
ORD-003844,2023-06-14,2023-06-17,a3106c759a3b,PRD-0029,Hermes,3.53,0,
ORD-003845,2023-08-04,2023-08-05,d4129aa4c1b3,PRD-0019,DPD,6.37,0,
ORD-003846,2023-03-27,2023-04-04,f366585846eb,PRD-0023,Hermes,6.18,0,
ORD-003847,2023-12-13,2023-12-14,97d6492e940c,PRD-0013,DHL,7.36,0,
ORD-003848,2023-06-13,2023-06-23,cbfba0028956,PRD-0008,Hermes,6.55,0,
ORD-003849,2023-07-09,2023-07-18,217fb6888b3e,PRD-0023,Hermes,6.7,1,Zu spät geliefert
ORD-003850,2023-05-20,2023-05-21,d052d3dc4806,PRD-0044,Hermes,4.48,0,
ORD-003851,2023-08-28,2023-08-31,a3aedda8d4ab,PRD-0024,DPD,7.27,0,
ORD-003852,2023-10-15,2023-10-18,46eff0f99985,PRD-0021,DHL,7.08,1,Zu spät geliefert
ORD-003853,2023-01-07,2023-01-12,8b9804a18cf9,PRD-0010,Hermes,4.96,0,
ORD-003854,2023-02-06,2023-02-08,156bf92e130e,PRD-0042,DPD,4.13,0,
ORD-003855,2023-07-04,2023-07-07,b0c234dacd05,PRD-0014,DPD,5.98,0,
ORD-003856,2023-12-02,2023-12-03,d7c8a8f805ce,PRD-0015,DPD,5.51,1,Gefällt nicht
ORD-003857,2023-06-25,2023-06-27,ec8528237f6f,PRD-0002,DHL,6.45,0,
ORD-003858,2023-08-27,2023-08-29,007b3c52d374,PRD-0005,DHL,3.69,0,
ORD-003859,2023-01-29,2023-01-31,77521dc72242,PRD-0024,DHL,4.96,0,
ORD-003860,2023-05-08,2023-05-10,20ec997f0456,PRD-0046,DPD,5.12,0,
ORD-003861,2023-02-28,2023-03-03,4cf5896cdd88,PRD-0016,DHL,5.96,0,
ORD-003862,2023-09-04,2023-09-11,d746c1ddc650,PRD-0015,Hermes,7.02,1,Passt nicht
ORD-003863,2023-04-29,2023-05-01,182a643a7a92,PRD-0032,Hermes,5.52,0,
ORD-003864,2023-04-18,2023-04-24,bad59cbc1a8e,PRD-0038,Hermes,4.78,0,
ORD-003865,2023-11-13,2023-11-16,18f1ff84c0f0,PRD-0008,DHL,7.12,0,
ORD-003866,2023-06-06,2023-06-15,1097ce4c873e,PRD-0032,Hermes,5.75,0,
ORD-003867,2023-02-16,2023-02-25,6bdb39cf3875,PRD-0007,Hermes,6.06,0,
ORD-003868,2023-04-17,2023-04-19,69c7f59f0b65,PRD-0043,DPD,3.58,1,Gefällt nicht
ORD-003869,2023-04-25,2023-04-28,490609fe3e65,PRD-0019,Hermes,4.62,0,
ORD-003870,2023-01-11,2023-01-16,6c32c594f20c,PRD-0030,Hermes,3.61,0,
ORD-003871,2023-08-28,2023-08-30,0b4881f54699,PRD-0004,DPD,6.72,1,Gefällt nicht
ORD-003872,2023-03-05,2023-03-08,d7502d19f435,PRD-0042,Hermes,5.42,0,
ORD-003873,2023-03-24,2023-03-25,3a1afaed4133,PRD-0004,DHL,4.73,0,
ORD-003874,2023-04-06,2023-04-07,35664c9c3f85,PRD-0034,DHL,4.69,0,
ORD-003875,2023-10-29,2023-10-31,379ebebe8e18,PRD-0020,DPD,6.19,0,
ORD-003876,2023-11-30,2023-12-03,57fe51e4f453,PRD-0004,DHL,6.58,1,Gefällt nicht
ORD-003877,2023-05-17,2023-05-19,6f7ddd041dec,PRD-0044,DPD,7.07,0,
ORD-003878,2023-01-25,2023-01-27,52c6914ee471,PRD-0036,DPD,5.29,0,
ORD-003879,2023-06-27,2023-06-28,c38ac70a78b8,PRD-0017,DHL,7.07,0,
ORD-003880,2023-04-29,2023-05-01,5ef107801f3f,PRD-0014,DHL,6.94,0,
ORD-003881,2023-11-27,2023-11-28,09ced3b306bc,PRD-0014,Hermes,5.1,0,
ORD-003882,2023-06-03,2023-06-05,6c64f068b9cd,PRD-0045,DHL,4.37,0,
ORD-003883,2023-12-19,2023-12-22,42f746bc7720,PRD-0028,DPD,5.93,0,
ORD-003884,2023-05-21,2023-05-22,c407a7bcfaf0,PRD-0043,DPD,5.57,0,
ORD-003885,2023-06-18,2023-06-21,468e709a4a83,PRD-0034,Hermes,6.28,0,
ORD-003886,2023-12-09,2023-12-11,f5bd06ab835b,PRD-0024,DHL,6.25,1,Passt nicht
ORD-003887,2023-04-30,2023-05-02,eaae01966a84,PRD-0039,DHL,6.47,1,Gefällt nicht
ORD-003888,2023-02-24,2023-02-26,6ea077b24433,PRD-0021,DPD,4.53,0,
ORD-003889,2023-12-04,2023-12-07,c81259f34a41,PRD-0021,DHL,4.79,0,
ORD-003890,2023-11-11,2023-11-13,9582264a8797,PRD-0004,DPD,7.03,0,
ORD-003891,2023-05-27,2023-06-05,25afb81b53f9,PRD-0046,Hermes,5.85,0,
ORD-003892,2023-11-12,2023-11-15,f1d915ccea6a,PRD-0002,DHL,6.88,0,
ORD-003893,2023-01-21,2023-01-24,6a10969653f7,PRD-0014,Hermes,4.32,0,
ORD-003894,2023-02-12,2023-02-13,2282d30985a3,PRD-0046,DHL,4.09,0,
ORD-003895,2023-08-02,2023-08-04,7299927759bf,PRD-0007,DHL,6.1,0,
ORD-003896,2023-05-30,2023-05-31,1a51759ef465,PRD-0028,DPD,3.93,0,
ORD-003897,2023-04-06,2023-04-07,0e01fd7ca933,PRD-0004,Hermes,3.96,0,
ORD-003898,2023-07-10,2023-07-13,8ed36ba577d5,PRD-0036,Hermes,7.26,1,Gefällt nicht
ORD-003899,2023-10-19,2023-10-20,3bf1d8ad69c7,PRD-0028,DPD,6.93,0,
ORD-003900,2023-02-19,2023-02-20,e1f4a299a8d3,PRD-0012,DHL,7.48,0,
ORD-003901,2023-05-28,2023-05-29,05b23c8b13d0,PRD-0036,DHL,7.06,0,
ORD-003902,2023-03-26,2023-03-28,02d7fcf7b78d,PRD-0044,Hermes,5.69,1,Zu spät geliefert
ORD-003903,2023-01-26,2023-01-28,873288b0f8fb,PRD-0005,Hermes,7.19,0,
ORD-003904,2023-08-09,2023-08-10,ca7e4c1f97fd,PRD-0006,Hermes,7.05,0,
ORD-003905,2023-08-16,2023-08-18,51c83192482c,PRD-0001,DHL,4.33,0,
ORD-003906,2023-10-31,2023-11-02,6e42767fcc55,PRD-0030,DHL,5.01,0,
ORD-003907,2023-10-19,2023-10-20,619e59062a45,PRD-0008,Hermes,5.23,0,
ORD-003908,2023-05-19,2023-05-22,512d5c87257e,PRD-0036,DHL,5.75,0,
ORD-003909,2023-10-13,2023-10-21,868c311e5e64,PRD-0026,Hermes,5.95,0,
ORD-003910,2023-12-18,2023-12-21,77b851aa0932,PRD-0021,DHL,6.45,0,
ORD-003911,2023-09-07,2023-09-17,1b95f3d81212,PRD-0009,Hermes,6.94,1,Zu spät geliefert
ORD-003912,2023-05-29,2023-05-31,563748058fe6,PRD-0037,DHL,4.69,1,Passt nicht
ORD-003913,2023-12-14,2023-12-22,38e3977abee1,PRD-0037,Hermes,5.31,0,
ORD-003914,2023-08-26,2023-08-28,0b2cf2585cf2,PRD-0022,DHL,5.71,0,
ORD-003915,2023-09-04,2023-09-07,9e4cc83219db,PRD-0023,DHL,5.99,0,
ORD-003916,2023-05-11,2023-05-12,e5900af4dbd0,PRD-0038,Hermes,5.24,1,Falscher Artikel
ORD-003917,2023-05-19,2023-05-22,fb86fc199742,PRD-0001,Hermes,5.15,0,
ORD-003918,2023-08-15,2023-08-16,19cab166e31b,PRD-0002,DHL,6.16,0,
ORD-003919,2023-10-22,2023-10-23,c6ed379381ca,PRD-0007,DPD,4.16,0,
ORD-003920,2023-03-03,2023-03-05,38e3977abee1,PRD-0005,Hermes,4.62,1,Passt nicht
ORD-003921,2023-09-06,2023-09-09,bbd2ef18044f,PRD-0037,DHL,4.89,1,Passt nicht
ORD-003922,2023-03-12,2023-03-13,27af6e4e317b,PRD-0016,DHL,4.48,1,Gefällt nicht
ORD-003923,2023-07-08,2023-07-10,db7f6e6545a6,PRD-0003,DHL,6.72,0,
ORD-003924,2023-09-24,2023-09-27,15ce055c280c,PRD-0004,DHL,4.4,0,
ORD-003925,2023-06-20,2023-06-23,7c91be984130,PRD-0019,Hermes,5.82,1,Gefällt nicht
ORD-003926,2023-05-26,2023-05-28,3c583cee118d,PRD-0036,DPD,4.33,0,
ORD-003927,2023-11-27,2023-11-28,f047058cc75d,PRD-0049,DHL,4.68,0,
ORD-003928,2023-12-09,2023-12-12,61723dab929d,PRD-0026,DHL,3.53,0,
ORD-003929,2023-04-13,2023-04-16,ef585dfe39ff,PRD-0002,Hermes,6.08,0,
ORD-003930,2023-11-12,2023-11-22,a345a4ce9ea4,PRD-0009,Hermes,6.62,1,Zu spät geliefert
ORD-003931,2023-02-05,2023-02-07,1ee7c2736a4b,PRD-0039,Hermes,5.96,0,
ORD-003932,2023-04-26,2023-04-27,c8264ff97bdf,PRD-0004,DHL,5.11,1,Gefällt nicht
ORD-003933,2023-08-25,2023-08-27,3e4e37d748aa,PRD-0031,Hermes,7.13,1,Passt nicht
ORD-003934,2023-01-18,2023-01-20,571f0605d00e,PRD-0012,DPD,5.77,0,
ORD-003935,2023-01-11,2023-01-14,b2d49550cf02,PRD-0029,Hermes,4.22,1,Passt nicht
ORD-003936,2023-03-26,2023-03-27,fabeea9a1268,PRD-0005,DPD,4.43,1,Gefällt nicht
ORD-003937,2023-12-27,2023-12-29,4c8539d04486,PRD-0009,Hermes,6.91,0,
ORD-003938,2023-11-30,2023-12-07,f23d982e04cd,PRD-0026,Hermes,7.06,0,
ORD-003939,2023-11-04,2023-11-13,21e550fd7f03,PRD-0008,Hermes,6.14,0,
ORD-003940,2023-12-23,2023-12-25,688d8e5662ef,PRD-0035,Hermes,4.26,0,
ORD-003941,2023-11-13,2023-11-15,6e6fed191789,PRD-0007,DHL,6.94,0,
ORD-003942,2023-08-01,2023-08-07,4cf18262fe4e,PRD-0001,Hermes,6.06,1,Zu spät geliefert
ORD-003943,2023-05-06,2023-05-07,c957b337cc41,PRD-0016,DPD,5.27,0,
ORD-003944,2023-01-01,2023-01-11,880786415f0c,PRD-0038,Hermes,4.01,0,
ORD-003945,2023-03-11,2023-03-16,5f9c0ffcc92e,PRD-0048,Hermes,4.45,0,
ORD-003946,2023-10-16,2023-10-19,aaa6ae316d32,PRD-0017,DPD,7.23,0,
ORD-003947,2023-11-08,2023-11-09,5128bef0e4a9,PRD-0008,DPD,7.38,0,
ORD-003948,2023-05-10,2023-05-12,ce1cd38c362f,PRD-0050,DPD,5.23,0,
ORD-003949,2023-05-14,2023-05-15,ab4f462f398f,PRD-0025,DPD,7.02,0,
ORD-003950,2023-01-25,2023-01-28,2251a199048c,PRD-0011,DPD,5.22,0,
ORD-003951,2023-10-10,2023-10-11,469278a0c2d3,PRD-0023,DPD,5.37,0,
ORD-003952,2023-10-08,2023-10-18,bbd2ef18044f,PRD-0043,Hermes,5.51,1,Zu spät geliefert
ORD-003953,2023-03-22,2023-03-25,0d40dc2ae10d,PRD-0023,DPD,6.82,0,
ORD-003954,2023-11-20,2023-11-23,39248ddf5d80,PRD-0011,Hermes,4.04,0,
ORD-003955,2023-12-30,2024-01-02,4f57ae2ffeee,PRD-0012,DHL,5.09,0,
ORD-003956,2023-10-31,2023-11-01,434ffda97134,PRD-0043,DPD,7.2,0,
ORD-003957,2023-04-16,2023-04-18,87d8cf076baa,PRD-0050,DPD,3.82,0,
ORD-003958,2023-10-30,2023-11-02,1469f2d2a8c9,PRD-0026,DHL,4.23,0,
ORD-003959,2023-04-23,2023-04-26,7bbae4c13c58,PRD-0001,DHL,4.17,1,Gefällt nicht
ORD-003960,2023-12-26,2023-12-27,bfe8a25c1406,PRD-0020,Hermes,6.54,0,
ORD-003961,2023-09-23,2023-09-24,884802d6725a,PRD-0012,DPD,6.67,1,Gefällt nicht
ORD-003962,2023-04-10,2023-04-12,b4429a4861f6,PRD-0018,DHL,4.2,0,
ORD-003963,2023-12-06,2023-12-09,5b122d52814b,PRD-0001,DPD,5.08,0,
ORD-003964,2023-08-02,2023-08-10,c440be2dc911,PRD-0045,Hermes,7.17,1,Zu spät geliefert
ORD-003965,2023-06-05,2023-06-08,063985b5ff29,PRD-0022,DHL,4.28,0,
ORD-003966,2023-07-06,2023-07-14,db7f6e6545a6,PRD-0031,Hermes,3.7,0,
ORD-003967,2023-02-24,2023-02-25,49067f21850d,PRD-0006,DPD,6.55,0,
ORD-003968,2023-03-12,2023-03-13,a0fba1a80fbc,PRD-0040,DHL,3.87,1,Gefällt nicht
ORD-003969,2023-07-27,2023-07-29,4ec5d0d83271,PRD-0038,DHL,6.28,0,
ORD-003970,2023-12-20,2023-12-21,f8a89c4399b2,PRD-0002,DPD,6.14,0,
ORD-003971,2023-07-28,2023-08-06,40d2dfa1b3e7,PRD-0026,Hermes,3.72,0,
ORD-003972,2023-03-30,2023-04-01,0ca72907330e,PRD-0028,DHL,6.33,0,
ORD-003973,2023-08-11,2023-08-12,bcece21f6f55,PRD-0023,DHL,4.41,0,
ORD-003974,2023-01-01,2023-01-10,919cb12d101f,PRD-0013,Hermes,6.93,0,
ORD-003975,2023-04-27,2023-04-28,d590578f636c,PRD-0008,DHL,3.96,0,
ORD-003976,2023-07-02,2023-07-04,b3cd19da7738,PRD-0040,Hermes,4.7,0,
ORD-003977,2023-10-21,2023-10-22,a6006729eb0e,PRD-0013,DPD,4.6,0,
ORD-003978,2023-04-04,2023-04-07,815d39d76d52,PRD-0019,DHL,5.36,1,Passt nicht
ORD-003979,2023-04-01,2023-04-03,d451b4fe0223,PRD-0025,DPD,5.18,0,
ORD-003980,2023-01-26,2023-01-28,689be503fd22,PRD-0049,DHL,4.33,0,
ORD-003981,2023-04-09,2023-04-10,feef92a6ed83,PRD-0039,Hermes,7.02,1,Gefällt nicht
ORD-003982,2023-12-26,2023-12-28,9f8bb10d51b5,PRD-0005,Hermes,3.58,1,Gefällt nicht
ORD-003983,2023-05-21,2023-05-24,0ad842e0f02b,PRD-0032,DPD,4.19,0,
ORD-003984,2023-04-18,2023-04-19,0e115f6fca4f,PRD-0012,DHL,4.38,0,
ORD-003985,2023-05-27,2023-05-28,6e611f8bb26b,PRD-0018,Hermes,4.57,0,
ORD-003986,2023-10-11,2023-10-12,c38ac70a78b8,PRD-0050,Hermes,4.52,0,
ORD-003987,2023-10-14,2023-10-15,7f89f7c20bec,PRD-0049,DHL,4.67,0,
ORD-003988,2023-09-28,2023-09-29,4521cef0af7b,PRD-0024,DPD,6.54,0,
ORD-003989,2023-02-02,2023-02-03,ab5a82deb9ec,PRD-0036,DPD,5.37,0,
ORD-003990,2023-05-26,2023-05-29,e99680c88a42,PRD-0034,Hermes,7.42,1,Passt nicht
ORD-003991,2023-09-24,2023-09-25,c3c2603b2d70,PRD-0039,Hermes,5.43,1,Gefällt nicht
ORD-003992,2023-07-07,2023-07-08,eaae01966a84,PRD-0018,DHL,4.61,0,
ORD-003993,2023-04-24,2023-04-27,40d2dfa1b3e7,PRD-0050,DPD,5.83,1,Passt nicht
ORD-003994,2023-08-14,2023-08-15,ec8528237f6f,PRD-0031,DPD,3.7,1,Gefällt nicht
ORD-003995,2023-11-19,2023-11-21,a2f29650a4e0,PRD-0042,DPD,4.67,0,
ORD-003996,2023-03-18,2023-03-20,819426776d5c,PRD-0033,DPD,3.7,1,Gefällt nicht
ORD-003997,2023-02-27,2023-03-02,0b3c813eeb53,PRD-0025,DHL,6.87,0,
ORD-003998,2023-05-19,2023-05-21,3d72668edf04,PRD-0023,Hermes,4.03,0,
ORD-003999,2023-02-06,2023-02-08,ac329909b816,PRD-0025,DHL,6.74,0,
ORD-004000,2023-02-14,2023-02-21,e11ba68c2897,PRD-0005,Hermes,6.77,0,
ORD-004001,2023-04-12,2023-04-13,7625e625a334,PRD-0039,DPD,4.1,0,
ORD-004002,2023-09-28,2023-10-01,82596d07353f,PRD-0045,DHL,3.54,0,
ORD-004003,2023-10-31,2023-11-01,1cb1e517ce99,PRD-0020,Hermes,6.85,0,
ORD-004004,2023-08-17,2023-08-25,a09934c5e7c7,PRD-0002,Hermes,7.1,1,Zu spät geliefert
ORD-004005,2023-06-27,2023-06-29,35664c9c3f85,PRD-0046,DHL,5.2,0,
ORD-004006,2023-07-24,2023-07-25,10026dbd2d64,PRD-0016,DHL,6.08,0,
ORD-004007,2023-07-20,2023-07-22,f247903e701b,PRD-0014,DHL,6.67,0,
ORD-004008,2023-07-01,2023-07-02,f2344e0a11b7,PRD-0008,DPD,4.23,0,
ORD-004009,2023-08-17,2023-08-20,fd7902f1976a,PRD-0031,DPD,5.96,1,Passt nicht
ORD-004010,2023-11-16,2023-11-19,06ef72d7f8cf,PRD-0033,Hermes,4.37,0,
ORD-004011,2023-05-04,2023-05-07,49067f21850d,PRD-0022,DPD,3.69,0,
ORD-004012,2023-03-24,2023-03-27,49cbf96867ec,PRD-0049,DHL,4.72,0,
ORD-004013,2023-01-25,2023-01-28,3c583cee118d,PRD-0011,DPD,6.97,0,
ORD-004014,2023-02-22,2023-03-02,0edb747c7064,PRD-0049,Hermes,6.05,0,
ORD-004015,2023-12-06,2023-12-09,b0c234dacd05,PRD-0002,DPD,4.05,0,
ORD-004016,2023-09-25,2023-09-27,94bcba74315e,PRD-0008,DPD,5.19,1,Falscher Artikel
ORD-004017,2023-01-04,2023-01-07,61e80c53c02e,PRD-0049,DHL,6.23,0,
ORD-004018,2023-04-23,2023-04-29,1d535cf02561,PRD-0002,Hermes,5.11,0,
ORD-004019,2023-01-06,2023-01-07,cbfba0028956,PRD-0037,DPD,7.27,0,
ORD-004020,2023-08-15,2023-08-18,1b26cbe1582a,PRD-0038,DHL,3.82,0,
ORD-004021,2023-05-06,2023-05-08,9e1ffe3cd527,PRD-0035,DHL,5.17,1,Gefällt nicht
ORD-004022,2023-04-21,2023-04-22,d145218f85d8,PRD-0050,DHL,5.33,0,
ORD-004023,2023-04-05,2023-04-07,051822a99641,PRD-0001,DPD,4.73,0,
ORD-004024,2023-06-21,2023-06-28,d1e81688058a,PRD-0011,Hermes,7.39,1,Passt nicht
ORD-004025,2023-07-12,2023-07-14,4ed747073d46,PRD-0044,DHL,7.46,0,
ORD-004026,2023-09-10,2023-09-11,007b3c52d374,PRD-0045,DHL,6.6,0,
ORD-004027,2023-06-19,2023-06-20,13d2e75f5e4c,PRD-0027,Hermes,3.75,0,
ORD-004028,2023-06-15,2023-06-22,3ee8ae422892,PRD-0035,Hermes,5.62,0,
ORD-004029,2023-02-06,2023-02-09,d8c930c100f2,PRD-0018,DHL,6.47,0,
ORD-004030,2023-07-19,2023-07-20,e4b1c9add3b5,PRD-0043,DHL,6.63,0,
ORD-004031,2023-03-17,2023-03-18,53e714819d6b,PRD-0044,DPD,5.66,0,
ORD-004032,2023-01-21,2023-01-22,72173b5230f1,PRD-0031,DPD,5.01,0,
ORD-004033,2023-09-29,2023-09-30,90afb8c8cd4d,PRD-0018,DPD,4.87,0,
ORD-004034,2023-07-25,2023-07-26,7515db680360,PRD-0034,DPD,7.03,1,Beschädigt
ORD-004035,2023-11-09,2023-11-10,1b26cbe1582a,PRD-0047,DPD,6.12,0,
ORD-004036,2023-05-26,2023-05-27,93746af9a172,PRD-0022,DHL,6.6,0,
ORD-004037,2023-07-14,2023-07-17,a24089fa2684,PRD-0031,DHL,5.15,0,
ORD-004038,2023-01-21,2023-01-30,9d5f179198bf,PRD-0003,Hermes,3.63,0,
ORD-004039,2023-01-24,2023-01-25,d8c6eb9296b5,PRD-0005,Hermes,5.9,0,
ORD-004040,2023-02-08,2023-02-11,72173b5230f1,PRD-0036,DHL,4.68,0,
ORD-004041,2023-10-08,2023-10-09,c957b337cc41,PRD-0034,Hermes,5.57,1,Gefällt nicht
ORD-004042,2023-09-28,2023-10-08,07a15cd7310f,PRD-0038,Hermes,3.86,0,
ORD-004043,2023-07-28,2023-07-30,f8a89c4399b2,PRD-0035,DHL,6.24,0,
ORD-004044,2023-07-06,2023-07-14,246c8c07d731,PRD-0039,Hermes,4.03,1,Zu spät geliefert
ORD-004045,2023-04-05,2023-04-06,2a4b55dff999,PRD-0003,DPD,4.46,0,
ORD-004046,2023-02-03,2023-02-06,fcf9005f1b56,PRD-0030,DHL,4.2,0,
ORD-004047,2023-05-02,2023-05-05,c6ed379381ca,PRD-0027,DHL,4.56,0,
ORD-004048,2023-03-22,2023-03-30,1f609003020d,PRD-0014,Hermes,4.84,0,
ORD-004049,2023-08-15,2023-08-20,52be2b8bf72e,PRD-0044,Hermes,4.68,0,
ORD-004050,2023-02-02,2023-02-04,b8710bcabf47,PRD-0043,DHL,4.36,1,Gefällt nicht
ORD-004051,2023-05-07,2023-05-08,fd4c61edccfc,PRD-0002,DPD,4.12,0,
ORD-004052,2023-02-05,2023-02-14,e0ff769390ed,PRD-0030,Hermes,5.78,0,
ORD-004053,2023-01-26,2023-01-27,1003cd80e129,PRD-0046,DHL,6.1,0,
ORD-004054,2023-04-08,2023-04-10,977a97380535,PRD-0001,DHL,4.03,1,Gefällt nicht
ORD-004055,2023-03-30,2023-04-05,18f1ff84c0f0,PRD-0045,Hermes,5.2,0,
ORD-004056,2023-06-18,2023-06-21,a5db8e85ae4a,PRD-0049,DHL,5.26,0,
ORD-004057,2023-07-06,2023-07-14,8bf6259d1423,PRD-0050,Hermes,6.81,0,
ORD-004058,2023-07-27,2023-07-28,65fa4460f4d3,PRD-0033,DPD,7.49,1,Gefällt nicht
ORD-004059,2023-06-10,2023-06-12,91b12e4eb82c,PRD-0034,Hermes,4.11,0,
ORD-004060,2023-03-08,2023-03-10,e99680c88a42,PRD-0009,DHL,6.73,1,Zu spät geliefert
ORD-004061,2023-09-03,2023-09-06,dde2a1a9d5df,PRD-0050,DPD,5.84,0,
ORD-004062,2023-02-10,2023-02-12,6ff587083847,PRD-0024,DPD,5.44,0,
ORD-004063,2023-11-07,2023-11-08,078cf7c2e76f,PRD-0043,DHL,7.31,0,
ORD-004064,2023-01-06,2023-01-08,52c6914ee471,PRD-0039,DPD,5.75,1,Gefällt nicht
ORD-004065,2023-07-08,2023-07-17,1be9d2cedf01,PRD-0001,Hermes,5.78,0,
ORD-004066,2023-11-07,2023-11-09,4491d799a963,PRD-0012,DHL,7.44,0,
ORD-004067,2023-08-02,2023-08-03,e4b5cb2247b3,PRD-0039,DPD,6.45,0,
ORD-004068,2023-01-31,2023-02-01,5128bef0e4a9,PRD-0047,DPD,6.51,0,
ORD-004069,2023-08-02,2023-08-05,34b02b0d1fdb,PRD-0031,Hermes,5.3,0,
ORD-004070,2023-06-27,2023-07-03,b9ad68fbc78c,PRD-0024,Hermes,4.19,1,Zu spät geliefert
ORD-004071,2023-02-07,2023-02-08,364454046f73,PRD-0017,DPD,5.91,1,Gefällt nicht
ORD-004072,2023-01-18,2023-01-19,4b1152688331,PRD-0013,DPD,4.0,0,
ORD-004073,2023-08-27,2023-08-28,7598bd71fe53,PRD-0002,DHL,3.7,0,
ORD-004074,2023-09-18,2023-09-28,d451b4fe0223,PRD-0045,Hermes,7.28,0,
ORD-004075,2023-06-07,2023-06-10,6ea077b24433,PRD-0020,DPD,6.91,0,
ORD-004076,2023-09-03,2023-09-06,19cab166e31b,PRD-0019,DPD,3.97,1,Gefällt nicht
ORD-004077,2023-07-23,2023-07-25,e61839c34145,PRD-0034,DPD,7.1,0,
ORD-004078,2023-05-05,2023-05-14,dc03524d72cc,PRD-0035,Hermes,6.08,0,
ORD-004079,2023-06-14,2023-06-21,c686141e554c,PRD-0043,Hermes,3.55,1,Zu spät geliefert
ORD-004080,2023-04-27,2023-04-28,8cf348161471,PRD-0046,DPD,4.43,1,Gefällt nicht
ORD-004081,2023-02-20,2023-02-23,c440be2dc911,PRD-0015,DHL,7.47,0,
ORD-004082,2023-05-09,2023-05-12,c38ac70a78b8,PRD-0039,DHL,5.73,0,
ORD-004083,2023-10-23,2023-10-26,8cf348161471,PRD-0026,DHL,6.81,0,
ORD-004084,2023-06-26,2023-06-28,f50a415590f0,PRD-0003,DPD,4.03,0,
ORD-004085,2023-11-22,2023-11-29,94f6486963cd,PRD-0006,Hermes,5.13,0,
ORD-004086,2023-01-21,2023-01-31,1086241e2fd7,PRD-0034,Hermes,6.56,1,Zu spät geliefert
ORD-004087,2023-06-07,2023-06-09,270e3dbaa894,PRD-0047,DPD,3.53,0,
ORD-004088,2023-09-07,2023-09-14,9078aa170458,PRD-0020,Hermes,7.36,1,Zu spät geliefert
ORD-004089,2023-08-01,2023-08-04,56038220416e,PRD-0013,Hermes,3.89,0,
ORD-004090,2023-09-11,2023-09-18,1cc70d32846d,PRD-0032,Hermes,7.46,1,Zu spät geliefert
ORD-004091,2023-11-22,2023-11-24,7bbae4c13c58,PRD-0004,DHL,7.36,1,Passt nicht
ORD-004092,2023-01-01,2023-01-04,e60dc7c1c7ac,PRD-0045,Hermes,6.39,0,
ORD-004093,2023-02-25,2023-02-27,4f98a6145166,PRD-0013,DPD,5.34,0,
ORD-004094,2023-12-02,2023-12-03,723a77d2c86b,PRD-0020,DPD,6.91,0,
ORD-004095,2023-06-16,2023-06-18,307e6b240c8c,PRD-0018,Hermes,5.47,1,Beschädigt
ORD-004096,2023-11-16,2023-11-19,b61fe1d1a782,PRD-0029,DPD,4.01,0,
ORD-004097,2023-08-13,2023-08-14,1b95f3d81212,PRD-0021,DHL,5.38,0,
ORD-004098,2023-09-12,2023-09-13,cd294a56e965,PRD-0005,DPD,6.02,0,
ORD-004099,2023-03-18,2023-03-20,689be503fd22,PRD-0045,DPD,7.34,1,Gefällt nicht
ORD-004100,2023-04-05,2023-04-07,54ff55540509,PRD-0035,DPD,5.03,1,Beschädigt
ORD-004101,2023-12-26,2023-12-29,0890fab2d63e,PRD-0017,DHL,5.73,0,
ORD-004102,2023-11-11,2023-11-13,836e5c18feff,PRD-0033,DHL,6.42,1,Passt nicht
ORD-004103,2023-10-08,2023-10-18,bad59cbc1a8e,PRD-0007,Hermes,4.96,1,Zu spät geliefert
ORD-004104,2023-01-29,2023-01-31,5bd74e894eab,PRD-0043,DHL,6.79,1,Gefällt nicht
ORD-004105,2023-05-25,2023-05-26,fba69d74eef3,PRD-0004,Hermes,6.7,0,
ORD-004106,2023-04-13,2023-04-21,2bd03759e5df,PRD-0020,Hermes,7.48,0,
ORD-004107,2023-03-11,2023-03-14,91b12e4eb82c,PRD-0039,DPD,6.72,1,Passt nicht
ORD-004108,2023-10-02,2023-10-05,4778890e21f0,PRD-0044,DHL,6.58,0,
ORD-004109,2023-10-16,2023-10-17,bb3934db10be,PRD-0048,DPD,4.99,0,
ORD-004110,2023-03-18,2023-03-20,70fa5743eedd,PRD-0035,DPD,4.61,0,
ORD-004111,2023-01-05,2023-01-06,18c4413200a1,PRD-0045,DPD,5.64,0,
ORD-004112,2023-06-06,2023-06-14,09d35015c802,PRD-0010,Hermes,7.11,1,Zu spät geliefert
ORD-004113,2023-01-13,2023-01-16,4db113b958f0,PRD-0045,Hermes,6.39,0,
ORD-004114,2023-01-21,2023-01-27,bfbb609be506,PRD-0047,Hermes,5.37,0,
ORD-004115,2023-03-13,2023-03-16,b4dc1ff25a7d,PRD-0002,DPD,6.55,0,
ORD-004116,2023-03-17,2023-03-18,46abfdacd226,PRD-0028,Hermes,5.73,0,
ORD-004117,2023-01-22,2023-01-23,66d83e310e09,PRD-0003,DPD,5.9,1,Passt nicht
ORD-004118,2023-03-13,2023-03-16,d649fbca3585,PRD-0006,DPD,6.02,0,
ORD-004119,2023-07-15,2023-07-16,695df20c0897,PRD-0015,DHL,6.74,1,Passt nicht
ORD-004120,2023-06-17,2023-06-19,44d327dbbe72,PRD-0007,DHL,5.71,0,
ORD-004121,2023-12-06,2023-12-07,7d13cf616dd9,PRD-0004,Hermes,3.95,1,Passt nicht
ORD-004122,2023-05-11,2023-05-13,00d613b41c49,PRD-0026,DHL,6.69,0,
ORD-004123,2023-09-09,2023-09-10,4705fbb31f62,PRD-0011,DHL,6.21,1,Gefällt nicht
ORD-004124,2023-09-26,2023-09-28,c061d6ecb41c,PRD-0031,Hermes,6.95,1,Passt nicht
ORD-004125,2023-05-11,2023-05-14,5cd8ccb79288,PRD-0044,DHL,3.82,0,
ORD-004126,2023-12-20,2023-12-22,13dd794265e4,PRD-0005,Hermes,5.79,0,
ORD-004127,2023-09-28,2023-09-30,5bba74e19cfd,PRD-0016,DPD,6.67,0,
ORD-004128,2023-01-08,2023-01-09,3f102afad00d,PRD-0025,Hermes,4.81,0,
ORD-004129,2023-09-20,2023-09-25,49b5de66f141,PRD-0037,Hermes,3.79,1,Gefällt nicht
ORD-004130,2023-05-07,2023-05-08,625a58a0970a,PRD-0020,DHL,6.75,0,
ORD-004131,2023-12-22,2023-12-23,0488ae9282bd,PRD-0029,DHL,5.57,0,
ORD-004132,2023-11-19,2023-11-21,b6d10b6a036a,PRD-0022,DHL,5.08,1,Gefällt nicht
ORD-004133,2023-02-23,2023-03-04,b9c4e82cda9e,PRD-0001,Hermes,3.85,0,
ORD-004134,2023-03-07,2023-03-08,673d27f582ed,PRD-0028,Hermes,3.54,0,
ORD-004135,2023-04-22,2023-04-25,897da0ff1fdc,PRD-0038,DHL,3.73,1,Gefällt nicht
ORD-004136,2023-10-15,2023-10-16,54b4b35409c9,PRD-0016,DPD,4.04,0,
ORD-004137,2023-02-07,2023-02-08,5dd7c75864a7,PRD-0017,Hermes,5.34,0,
ORD-004138,2023-02-07,2023-02-10,a5c98f280d1f,PRD-0037,Hermes,5.8,1,Passt nicht
ORD-004139,2023-04-23,2023-05-02,618cc57afb13,PRD-0012,Hermes,4.03,0,
ORD-004140,2023-11-03,2023-11-05,afeee7d6a9ec,PRD-0030,Hermes,4.53,0,
ORD-004141,2023-03-01,2023-03-02,11a94b5eb3d0,PRD-0041,DPD,6.49,1,Beschädigt
ORD-004142,2023-01-11,2023-01-20,ea0c9d4c943e,PRD-0039,Hermes,3.86,1,Zu spät geliefert
ORD-004143,2023-06-06,2023-06-09,2a4b55dff999,PRD-0002,DPD,5.69,0,
ORD-004144,2023-06-08,2023-06-10,65e0a6c5bce6,PRD-0023,DPD,4.63,0,
ORD-004145,2023-07-06,2023-07-08,835be6799755,PRD-0019,Hermes,5.89,1,Passt nicht
ORD-004146,2023-01-15,2023-01-16,22eb96eb9c82,PRD-0024,DHL,5.48,0,
ORD-004147,2023-02-10,2023-02-19,b71b3ef9f857,PRD-0045,Hermes,5.18,1,Zu spät geliefert
ORD-004148,2023-05-03,2023-05-05,a8ac0b2e1350,PRD-0020,DPD,4.69,1,Passt nicht
ORD-004149,2023-01-30,2023-02-01,cc2e0d6395e1,PRD-0041,DHL,5.12,0,
ORD-004150,2023-04-10,2023-04-17,fef1b545c51c,PRD-0013,Hermes,5.0,1,Zu spät geliefert
ORD-004151,2023-05-05,2023-05-06,9e8f9de7c0a2,PRD-0044,DHL,6.22,0,
ORD-004152,2023-10-14,2023-10-16,910f11049def,PRD-0006,Hermes,3.72,0,
ORD-004153,2023-08-17,2023-08-18,e439487339f5,PRD-0029,DPD,4.22,0,
ORD-004154,2023-08-08,2023-08-09,ce1cd38c362f,PRD-0005,DHL,4.73,0,
ORD-004155,2023-02-25,2023-02-28,9e1ffe3cd527,PRD-0017,DHL,4.56,0,
ORD-004156,2023-01-08,2023-01-09,4b1152688331,PRD-0024,DHL,4.78,0,
ORD-004157,2023-02-07,2023-02-08,a6006729eb0e,PRD-0030,DPD,5.34,0,
ORD-004158,2023-11-30,2023-12-03,d937e7e8d3dc,PRD-0048,DHL,6.05,0,
ORD-004159,2023-06-06,2023-06-09,576f367a6dd6,PRD-0026,Hermes,5.12,0,
ORD-004160,2023-06-14,2023-06-16,e9998eed1eb2,PRD-0028,Hermes,4.28,0,
ORD-004161,2023-12-13,2023-12-15,d145218f85d8,PRD-0046,DPD,6.18,0,
ORD-004162,2023-04-08,2023-04-09,395e85ac7d33,PRD-0026,DPD,5.37,0,
ORD-004163,2023-03-21,2023-03-24,38e3977abee1,PRD-0012,DHL,6.89,0,
ORD-004164,2023-11-26,2023-11-29,5caef4462f84,PRD-0047,DHL,6.92,0,
ORD-004165,2023-10-15,2023-10-18,ca7e4c1f97fd,PRD-0042,DHL,5.91,1,Passt nicht
ORD-004166,2023-07-21,2023-07-22,48b014d38a4c,PRD-0032,DHL,6.77,0,
ORD-004167,2023-02-24,2023-02-27,872e17e7a5a1,PRD-0046,DPD,6.64,0,
ORD-004168,2023-02-19,2023-02-21,6b2a01940a1d,PRD-0014,DPD,4.24,1,Passt nicht
ORD-004169,2023-02-22,2023-02-23,7d13cf616dd9,PRD-0009,Hermes,7.24,0,
ORD-004170,2023-11-28,2023-12-01,c51f676b7202,PRD-0030,Hermes,4.53,0,
ORD-004171,2023-02-23,2023-02-26,1873ed8a8f12,PRD-0031,DHL,4.14,0,
ORD-004172,2023-04-18,2023-04-26,8bf6d58effba,PRD-0035,Hermes,4.23,1,Zu spät geliefert
ORD-004173,2023-01-15,2023-01-18,59c230b0a5fb,PRD-0007,Hermes,4.41,1,Passt nicht
ORD-004174,2023-01-13,2023-01-15,d4129aa4c1b3,PRD-0012,DPD,4.35,0,
ORD-004175,2023-05-05,2023-05-06,c729e129bdce,PRD-0032,DPD,5.6,0,
ORD-004176,2023-04-01,2023-04-04,dec2d92afa99,PRD-0039,DHL,6.78,0,
ORD-004177,2023-12-04,2023-12-06,87d8cf076baa,PRD-0006,Hermes,5.06,0,
ORD-004178,2023-08-17,2023-08-19,051822a99641,PRD-0029,Hermes,3.78,0,
ORD-004179,2023-02-20,2023-02-21,217fb6888b3e,PRD-0015,DHL,6.65,1,Gefällt nicht
ORD-004180,2023-03-13,2023-03-14,b4429a4861f6,PRD-0014,DPD,7.47,1,Gefällt nicht
ORD-004181,2023-09-16,2023-09-17,04eb0af0dfe9,PRD-0050,DHL,5.37,0,
ORD-004182,2023-03-10,2023-03-12,6cd541597068,PRD-0014,DHL,5.52,0,
ORD-004183,2023-01-19,2023-01-21,26456a23a19c,PRD-0003,Hermes,3.61,0,
ORD-004184,2023-05-25,2023-05-26,7495bed060a9,PRD-0029,DHL,3.71,0,
ORD-004185,2023-05-27,2023-06-07,44d327dbbe72,PRD-0003,Hermes,4.72,1,Zu spät geliefert
ORD-004186,2023-02-24,2023-02-27,ee22a2bd14a5,PRD-0019,DHL,6.06,0,
ORD-004187,2023-09-12,2023-09-22,5128bef0e4a9,PRD-0046,Hermes,6.2,1,Zu spät geliefert
ORD-004188,2023-01-11,2023-01-13,873288b0f8fb,PRD-0028,Hermes,5.18,0,
ORD-004189,2023-02-07,2023-02-09,8c24a506c11e,PRD-0037,DHL,3.56,0,
ORD-004190,2023-09-15,2023-09-17,fd6f448a537c,PRD-0016,DPD,5.53,0,
ORD-004191,2023-10-15,2023-10-17,b30dde1c0c5a,PRD-0041,Hermes,4.63,0,
ORD-004192,2023-08-27,2023-08-30,1dc1bf598d53,PRD-0018,Hermes,3.92,0,
ORD-004193,2023-10-22,2023-10-25,dc0cd7f632bf,PRD-0014,DPD,6.22,0,
ORD-004194,2023-01-19,2023-01-22,000f6f3e3d8a,PRD-0037,DPD,4.53,1,Passt nicht
ORD-004195,2023-11-27,2023-11-29,0d409b8b3b80,PRD-0046,DPD,7.05,1,Falscher Artikel
ORD-004196,2023-01-30,2023-02-01,55e28e9559e9,PRD-0021,DHL,6.7,0,
ORD-004197,2023-02-14,2023-02-21,04c68ecc66da,PRD-0010,Hermes,4.39,1,Zu spät geliefert
ORD-004198,2023-10-22,2023-10-28,4f98a6145166,PRD-0017,Hermes,5.84,0,
ORD-004199,2023-03-22,2023-03-23,67c33c684bbe,PRD-0035,DPD,7.14,0,
ORD-004200,2023-04-10,2023-04-13,d746c1ddc650,PRD-0040,Hermes,3.52,1,Passt nicht
ORD-004201,2023-07-27,2023-07-29,379ebebe8e18,PRD-0012,DPD,6.3,0,
ORD-004202,2023-04-30,2023-05-01,83917dff0d2a,PRD-0011,DHL,7.39,0,
ORD-004203,2023-03-23,2023-03-30,d0f9e20b6ac8,PRD-0020,Hermes,6.36,0,
ORD-004204,2023-03-28,2023-03-30,7625e625a334,PRD-0033,DPD,7.14,1,Passt nicht
ORD-004205,2023-08-12,2023-08-15,1be9d2cedf01,PRD-0014,Hermes,3.73,0,
ORD-004206,2023-02-09,2023-02-14,091f24ee1b41,PRD-0035,Hermes,3.81,0,
ORD-004207,2023-03-16,2023-03-19,00f726c75673,PRD-0013,DPD,6.07,0,
ORD-004208,2023-03-30,2023-04-02,4c8539d04486,PRD-0020,Hermes,7.39,0,
ORD-004209,2023-09-07,2023-09-08,f62642695f24,PRD-0018,Hermes,5.21,0,
ORD-004210,2023-03-09,2023-03-12,051af2f8dccc,PRD-0040,Hermes,7.03,0,
ORD-004211,2023-05-22,2023-05-25,39248ddf5d80,PRD-0016,DHL,5.28,0,
ORD-004212,2023-03-12,2023-03-13,cd2c51f526bd,PRD-0026,DHL,3.74,0,
ORD-004213,2023-07-20,2023-07-26,884802d6725a,PRD-0010,Hermes,5.17,1,Zu spät geliefert
ORD-004214,2023-05-28,2023-05-30,0ca7b2b39990,PRD-0021,DPD,5.13,0,
ORD-004215,2023-02-15,2023-02-18,e4b1c9add3b5,PRD-0022,Hermes,4.79,0,
ORD-004216,2023-11-06,2023-11-13,1ee7c2736a4b,PRD-0049,Hermes,5.22,1,Zu spät geliefert
ORD-004217,2023-03-25,2023-03-27,dad91dcce010,PRD-0001,DHL,4.85,0,
ORD-004218,2023-03-03,2023-03-04,91d7c560befb,PRD-0027,DPD,3.73,0,
ORD-004219,2023-04-05,2023-04-11,c98325181881,PRD-0027,Hermes,7.07,0,
ORD-004220,2023-10-12,2023-10-13,87d8cf076baa,PRD-0020,Hermes,5.39,0,
ORD-004221,2023-08-21,2023-08-22,ecc4061a6b57,PRD-0001,DHL,7.15,1,Gefällt nicht
ORD-004222,2023-04-09,2023-04-10,852136f15af9,PRD-0002,DPD,6.78,0,
ORD-004223,2023-05-11,2023-05-12,55b8948f723e,PRD-0003,DPD,7.33,0,
ORD-004224,2023-11-20,2023-11-23,a871859dbae3,PRD-0013,DHL,7.25,0,
ORD-004225,2023-11-30,2023-12-03,50aba4db4830,PRD-0014,DPD,4.19,0,
ORD-004226,2023-06-09,2023-06-20,ea44f9c67b6e,PRD-0045,Hermes,4.39,0,
ORD-004227,2023-09-21,2023-09-30,f6cc1089a080,PRD-0050,Hermes,3.55,0,
ORD-004228,2023-04-21,2023-04-22,4d24d8dae4d2,PRD-0028,DPD,5.4,0,
ORD-004229,2023-05-10,2023-05-11,c29a8cd01fe7,PRD-0037,Hermes,5.72,1,Passt nicht
ORD-004230,2023-02-19,2023-02-21,6ef6370210bf,PRD-0014,Hermes,4.7,0,
ORD-004231,2023-03-26,2023-04-03,051822a99641,PRD-0003,Hermes,5.47,0,
ORD-004232,2023-04-29,2023-05-01,10026dbd2d64,PRD-0001,DPD,6.06,0,
ORD-004233,2023-03-14,2023-03-23,e0ff769390ed,PRD-0037,Hermes,6.01,0,
ORD-004234,2023-07-14,2023-07-17,749ff7edced9,PRD-0003,DHL,3.5,0,
ORD-004235,2023-06-05,2023-06-11,2bd03759e5df,PRD-0040,Hermes,7.38,0,
ORD-004236,2023-04-26,2023-04-27,836e5c18feff,PRD-0034,DPD,4.62,0,
ORD-004237,2023-10-28,2023-10-29,db101f406012,PRD-0002,Hermes,4.41,0,
ORD-004238,2023-11-09,2023-11-12,2eb2c33bf712,PRD-0048,Hermes,5.25,0,
ORD-004239,2023-04-26,2023-04-27,8de816b8e242,PRD-0040,Hermes,6.45,1,Gefällt nicht
ORD-004240,2023-08-25,2023-08-28,e4b5cb2247b3,PRD-0044,DPD,3.51,0,
ORD-004241,2023-06-21,2023-06-22,52be2b8bf72e,PRD-0049,DPD,4.78,0,
ORD-004242,2023-06-16,2023-06-19,90afb8c8cd4d,PRD-0034,Hermes,3.92,0,
ORD-004243,2023-11-04,2023-11-07,6638982ac981,PRD-0011,DHL,4.17,0,
ORD-004244,2023-01-02,2023-01-05,d27e485fd6fd,PRD-0028,DHL,6.39,0,
ORD-004245,2023-03-09,2023-03-11,fbf122d940e4,PRD-0046,DPD,5.18,0,
ORD-004246,2023-04-13,2023-04-14,2bd40d93ecb6,PRD-0019,DPD,4.27,1,Gefällt nicht
ORD-004247,2023-08-15,2023-08-16,fba69d74eef3,PRD-0025,Hermes,7.37,0,
ORD-004248,2023-07-18,2023-07-20,051822a99641,PRD-0044,DHL,7.19,1,Falscher Artikel
ORD-004249,2023-06-17,2023-06-19,d4129aa4c1b3,PRD-0049,DHL,4.1,0,
ORD-004250,2023-06-16,2023-06-18,f27d94e49727,PRD-0010,Hermes,5.16,0,
ORD-004251,2023-03-17,2023-03-19,749ff7edced9,PRD-0038,DHL,4.44,0,
ORD-004252,2023-04-14,2023-04-15,395e85ac7d33,PRD-0047,DHL,3.98,0,
ORD-004253,2023-03-09,2023-03-10,f7482307e4e1,PRD-0033,DPD,7.04,0,
ORD-004254,2023-10-17,2023-10-20,35664c9c3f85,PRD-0031,DPD,4.77,1,Gefällt nicht
ORD-004255,2023-01-22,2023-01-25,11a94b5eb3d0,PRD-0046,DPD,3.72,0,
ORD-004256,2023-10-11,2023-10-13,446545a9feff,PRD-0036,Hermes,6.31,0,
ORD-004257,2023-11-11,2023-11-13,15aca2854624,PRD-0041,Hermes,5.87,0,
ORD-004258,2023-08-15,2023-08-18,921e62ce7ad8,PRD-0035,DPD,6.87,0,
ORD-004259,2023-05-19,2023-05-30,000f6f3e3d8a,PRD-0014,Hermes,5.48,1,Zu spät geliefert
ORD-004260,2023-04-07,2023-04-09,1ab934b136ba,PRD-0036,DPD,7.45,0,
ORD-004261,2023-06-19,2023-06-21,69c7f59f0b65,PRD-0046,DPD,6.81,0,
ORD-004262,2023-10-19,2023-10-22,1c19c7c40810,PRD-0033,Hermes,5.6,0,
ORD-004263,2023-06-26,2023-06-29,89771a379f84,PRD-0010,DHL,3.82,0,
ORD-004264,2023-09-05,2023-09-12,e6fdc640101d,PRD-0038,Hermes,6.65,0,
ORD-004265,2023-09-18,2023-09-20,2493564c4baa,PRD-0002,DPD,5.69,0,
ORD-004266,2023-07-03,2023-07-04,20ec997f0456,PRD-0035,DHL,6.09,0,
ORD-004267,2023-08-31,2023-09-02,683091b0c9f2,PRD-0034,DPD,6.64,0,
ORD-004268,2023-12-18,2023-12-19,7320f3ffb41e,PRD-0033,DHL,5.45,0,
ORD-004269,2023-12-03,2023-12-06,270e3dbaa894,PRD-0026,Hermes,3.65,0,
ORD-004270,2023-11-15,2023-11-25,64729909cc49,PRD-0004,Hermes,5.86,0,
ORD-004271,2023-04-05,2023-04-08,4fbccc16f45a,PRD-0025,DPD,4.4,0,
ORD-004272,2023-04-18,2023-04-21,77ad1e6df746,PRD-0046,DPD,5.25,0,
ORD-004273,2023-09-15,2023-09-22,9e4cc83219db,PRD-0039,Hermes,5.46,1,Zu spät geliefert
ORD-004274,2023-08-11,2023-08-13,395e85ac7d33,PRD-0033,DPD,6.63,0,
ORD-004275,2023-08-02,2023-08-04,968238901c07,PRD-0015,DHL,5.28,0,
ORD-004276,2023-09-05,2023-09-06,aa5d87998a2a,PRD-0032,Hermes,6.86,0,
ORD-004277,2023-08-31,2023-09-02,091f24ee1b41,PRD-0014,DHL,6.23,1,Passt nicht
ORD-004278,2023-05-21,2023-05-24,0c73a19e96cc,PRD-0021,Hermes,6.07,0,
ORD-004279,2023-03-10,2023-03-13,ff53055637c2,PRD-0031,DPD,6.46,0,
ORD-004280,2023-08-30,2023-09-01,c72f9f914f18,PRD-0018,DPD,4.74,0,
ORD-004281,2023-07-03,2023-07-04,10026dbd2d64,PRD-0035,DHL,4.75,0,
ORD-004282,2023-11-19,2023-11-22,6e611f8bb26b,PRD-0031,DHL,3.91,0,
ORD-004283,2023-04-01,2023-04-03,879bd1edee94,PRD-0015,DPD,4.29,0,
ORD-004284,2023-05-19,2023-05-21,4521cef0af7b,PRD-0029,DHL,5.07,0,
ORD-004285,2023-06-07,2023-06-10,67c33c684bbe,PRD-0050,DPD,5.83,1,Passt nicht
ORD-004286,2023-11-21,2023-11-23,a0a5027f3593,PRD-0029,DPD,6.99,0,
ORD-004287,2023-10-28,2023-10-30,83aebe395a90,PRD-0015,DPD,6.01,0,
ORD-004288,2023-02-05,2023-02-07,b30dde1c0c5a,PRD-0028,DPD,7.41,0,
ORD-004289,2023-05-10,2023-05-11,4a5d98f6b886,PRD-0019,DHL,5.19,0,
ORD-004290,2023-09-25,2023-10-01,4cea042f7aed,PRD-0028,Hermes,5.95,0,
ORD-004291,2023-03-10,2023-03-13,9bf8bb92f6f0,PRD-0014,Hermes,4.92,0,
ORD-004292,2023-05-29,2023-05-31,d1c135e26a7a,PRD-0032,Hermes,7.14,0,
ORD-004293,2023-06-07,2023-06-09,0907e2f4a507,PRD-0010,DPD,5.54,0,
ORD-004294,2023-05-25,2023-05-26,0c9f50253a75,PRD-0036,DPD,4.05,0,
ORD-004295,2023-11-13,2023-11-22,59b9071f19ac,PRD-0006,Hermes,7.48,0,
ORD-004296,2023-05-10,2023-05-12,fe9338be754e,PRD-0015,DHL,3.78,1,Gefällt nicht
ORD-004297,2023-08-07,2023-08-09,657f7140d89d,PRD-0041,DPD,5.83,0,
ORD-004298,2023-11-25,2023-11-27,ea44f9c67b6e,PRD-0025,DHL,4.7,0,
ORD-004299,2023-01-26,2023-02-03,4cf5896cdd88,PRD-0025,Hermes,4.88,0,
ORD-004300,2023-04-14,2023-04-21,f50fb042f3c9,PRD-0037,Hermes,5.45,0,
ORD-004301,2023-07-09,2023-07-11,54b4b35409c9,PRD-0040,DHL,4.85,1,Passt nicht
ORD-004302,2023-10-24,2023-10-25,9f99f9396b9c,PRD-0011,DHL,3.88,0,
ORD-004303,2023-12-15,2023-12-18,ab0fde7e9e0e,PRD-0036,DHL,4.65,0,
ORD-004304,2023-06-01,2023-06-03,26d16a151448,PRD-0015,Hermes,7.06,0,
ORD-004305,2023-03-03,2023-03-13,6e6fed191789,PRD-0038,Hermes,4.65,0,
ORD-004306,2023-05-24,2023-05-27,daef63bdd6d2,PRD-0009,DPD,5.64,0,
ORD-004307,2023-11-02,2023-11-03,adf537b0256d,PRD-0043,DPD,6.58,0,
ORD-004308,2023-04-06,2023-04-13,df34cfce2ddd,PRD-0010,Hermes,6.08,0,
ORD-004309,2023-12-05,2023-12-06,571f0605d00e,PRD-0046,DHL,4.25,0,
ORD-004310,2023-09-06,2023-09-07,654a8248ac1b,PRD-0029,Hermes,5.16,0,
ORD-004311,2023-07-18,2023-07-19,a3e6026be7de,PRD-0005,DHL,6.49,0,
ORD-004312,2023-01-24,2023-01-25,270e3dbaa894,PRD-0016,Hermes,4.04,0,
ORD-004313,2023-08-29,2023-09-01,7ade2c1e0157,PRD-0009,DHL,4.38,0,
ORD-004314,2023-12-22,2023-12-23,d649221985e2,PRD-0038,DPD,6.4,1,Gefällt nicht
ORD-004315,2023-06-11,2023-06-12,18c4413200a1,PRD-0028,DPD,5.45,0,
ORD-004316,2023-06-11,2023-06-12,4f4523c8395a,PRD-0048,DHL,5.31,0,
ORD-004317,2023-04-27,2023-04-30,c98325181881,PRD-0021,DHL,6.76,0,
ORD-004318,2023-02-10,2023-02-11,8f970c1893be,PRD-0018,Hermes,6.61,0,
ORD-004319,2023-04-14,2023-04-16,7bbae4c13c58,PRD-0005,Hermes,5.24,0,
ORD-004320,2023-07-03,2023-07-11,dbc7a3810588,PRD-0009,Hermes,6.51,1,Zu spät geliefert
ORD-004321,2023-10-31,2023-11-03,455e6f972248,PRD-0014,DHL,6.5,0,
ORD-004322,2023-05-24,2023-05-27,34b02b0d1fdb,PRD-0042,Hermes,6.53,0,
ORD-004323,2023-03-27,2023-03-30,18961c2b26b0,PRD-0012,Hermes,4.55,0,
ORD-004324,2023-04-07,2023-04-08,a9617bd36564,PRD-0020,DPD,4.79,1,Falscher Artikel
ORD-004325,2023-06-07,2023-06-09,e60bbfb74318,PRD-0012,DPD,6.41,0,
ORD-004326,2023-11-26,2023-12-07,7bac92bd3853,PRD-0018,Hermes,4.06,0,
ORD-004327,2023-08-14,2023-08-17,c4a39151ab7a,PRD-0035,DHL,6.52,1,Zu spät geliefert
ORD-004328,2023-09-29,2023-10-01,6ea077b24433,PRD-0015,DHL,4.6,0,
ORD-004329,2023-05-25,2023-05-26,00f726c75673,PRD-0048,DPD,5.43,0,
ORD-004330,2023-03-03,2023-03-05,1b26cbe1582a,PRD-0013,DHL,6.29,1,Beschädigt
ORD-004331,2023-04-23,2023-04-26,15fc50238f91,PRD-0030,DPD,6.8,0,
ORD-004332,2023-12-08,2023-12-11,063b9654188d,PRD-0005,DHL,5.83,1,Passt nicht
ORD-004333,2023-06-21,2023-06-23,5ba481d9f495,PRD-0016,Hermes,5.56,0,
ORD-004334,2023-10-29,2023-10-31,1cc70d32846d,PRD-0045,DPD,3.74,0,
ORD-004335,2023-04-16,2023-04-18,3a1afaed4133,PRD-0045,DPD,3.84,0,
ORD-004336,2023-12-25,2023-12-27,69ccd9caa9d8,PRD-0038,DHL,4.5,1,Passt nicht
ORD-004337,2023-10-24,2023-10-26,b79a09ffa2d1,PRD-0031,DPD,7.28,1,Passt nicht
ORD-004338,2023-06-02,2023-06-03,63f37926227c,PRD-0032,DPD,3.89,0,
ORD-004339,2023-06-18,2023-06-21,d649fbca3585,PRD-0043,Hermes,4.02,0,
ORD-004340,2023-10-07,2023-10-09,35d823e07c4d,PRD-0030,DHL,6.11,0,
ORD-004341,2023-05-04,2023-05-07,fba69d74eef3,PRD-0010,Hermes,6.73,0,
ORD-004342,2023-09-17,2023-09-18,c98325181881,PRD-0024,Hermes,5.12,0,
ORD-004343,2023-04-01,2023-04-02,13e46c560187,PRD-0012,DHL,5.51,0,
ORD-004344,2023-05-12,2023-05-15,ee25d0e6f8f7,PRD-0022,DPD,7.14,0,
ORD-004345,2023-03-22,2023-03-27,6bbc7f2133e2,PRD-0044,Hermes,3.61,1,Gefällt nicht
ORD-004346,2023-08-06,2023-08-07,a871859dbae3,PRD-0031,DHL,4.78,1,Gefällt nicht
ORD-004347,2023-08-14,2023-08-15,15fc50238f91,PRD-0037,DHL,5.2,1,Gefällt nicht
ORD-004348,2023-09-29,2023-10-02,dbd09bd846af,PRD-0014,DPD,6.91,1,Passt nicht
ORD-004349,2023-09-25,2023-09-27,e4b1c9add3b5,PRD-0003,DHL,4.24,1,Passt nicht
ORD-004350,2023-09-29,2023-10-05,f424a6d31f39,PRD-0004,Hermes,6.9,1,Passt nicht
ORD-004351,2023-12-26,2023-12-28,cd672636c75a,PRD-0049,DHL,4.34,0,
ORD-004352,2023-06-08,2023-06-09,59c230b0a5fb,PRD-0007,DHL,4.95,0,
ORD-004353,2023-02-19,2023-02-20,1cb1e517ce99,PRD-0025,DHL,6.43,0,
ORD-004354,2023-10-23,2023-10-31,c0c7cd7f522c,PRD-0022,Hermes,4.24,1,Zu spät geliefert
ORD-004355,2023-09-04,2023-09-07,72a8fc4b3f4b,PRD-0020,Hermes,4.19,0,
ORD-004356,2023-12-09,2023-12-16,229ff9dd7ffe,PRD-0033,Hermes,6.42,0,
ORD-004357,2023-10-25,2023-10-27,229ff9dd7ffe,PRD-0023,DHL,6.05,0,
ORD-004358,2023-08-12,2023-08-14,40ab188bca4c,PRD-0041,DHL,5.7,0,
ORD-004359,2023-08-03,2023-08-06,e45c7aa60886,PRD-0024,DHL,4.43,0,
ORD-004360,2023-12-11,2023-12-13,1003cd80e129,PRD-0050,DHL,7.49,0,
ORD-004361,2023-05-12,2023-05-14,19a338cccf37,PRD-0026,Hermes,6.56,1,Zu spät geliefert
ORD-004362,2023-10-18,2023-10-19,7dd1c91fd74e,PRD-0011,Hermes,5.98,0,
ORD-004363,2023-04-08,2023-04-15,180277d9bac3,PRD-0027,Hermes,5.12,1,Zu spät geliefert
ORD-004364,2023-03-01,2023-03-09,9124aad31df2,PRD-0045,Hermes,7.3,0,
ORD-004365,2023-04-23,2023-04-25,e986319c1339,PRD-0049,Hermes,4.85,0,
ORD-004366,2023-03-20,2023-03-23,7d13cf616dd9,PRD-0038,DPD,5.13,0,
ORD-004367,2023-12-07,2023-12-10,69c7f59f0b65,PRD-0041,DPD,6.49,0,
ORD-004368,2023-12-20,2023-12-23,50aba4db4830,PRD-0019,DHL,5.05,0,
ORD-004369,2023-10-02,2023-10-04,e986319c1339,PRD-0038,DHL,3.83,1,Zu spät geliefert
ORD-004370,2023-10-21,2023-10-24,90afb8c8cd4d,PRD-0030,DPD,7.3,0,
ORD-004371,2023-05-31,2023-06-01,a8c66f9f711d,PRD-0041,DPD,4.35,0,
ORD-004372,2023-07-11,2023-07-21,07a15cd7310f,PRD-0019,Hermes,5.81,1,Zu spät geliefert
ORD-004373,2023-12-25,2023-12-28,801e3483ff30,PRD-0007,Hermes,5.86,1,Gefällt nicht
ORD-004374,2023-08-19,2023-08-22,c9971add6108,PRD-0040,DPD,3.81,0,
ORD-004375,2023-02-28,2023-03-03,05a078d470a8,PRD-0023,DHL,3.83,0,
ORD-004376,2023-04-26,2023-04-27,6f7ddd041dec,PRD-0033,DPD,3.85,0,
ORD-004377,2023-02-10,2023-02-11,1824d85429cb,PRD-0002,Hermes,5.39,0,
ORD-004378,2023-05-12,2023-05-13,54ff55540509,PRD-0050,DHL,6.76,1,Gefällt nicht
ORD-004379,2023-07-04,2023-07-05,d8c930c100f2,PRD-0036,DPD,4.06,0,
ORD-004380,2023-02-01,2023-02-02,d49f40336e61,PRD-0018,DPD,7.42,1,Passt nicht
ORD-004381,2023-03-02,2023-03-04,4f4020b1fffb,PRD-0013,DPD,5.27,0,
ORD-004382,2023-09-06,2023-09-08,02d7fcf7b78d,PRD-0021,DPD,6.49,0,
ORD-004383,2023-06-27,2023-06-29,c440be2dc911,PRD-0041,DHL,4.69,0,
ORD-004384,2023-12-02,2023-12-03,13dd794265e4,PRD-0026,DHL,5.34,0,
ORD-004385,2023-09-08,2023-09-11,000f6f3e3d8a,PRD-0038,DPD,3.55,0,
ORD-004386,2023-09-29,2023-10-02,6286963288a7,PRD-0037,Hermes,4.23,1,Passt nicht
ORD-004387,2023-12-29,2024-01-08,6e42767fcc55,PRD-0045,Hermes,5.14,1,Zu spät geliefert
ORD-004388,2023-06-12,2023-06-15,4705fbb31f62,PRD-0002,Hermes,4.81,0,
ORD-004389,2023-03-18,2023-03-19,6fffa85e67a1,PRD-0008,DHL,3.93,0,
ORD-004390,2023-10-17,2023-10-18,7bbae4c13c58,PRD-0050,DPD,5.77,1,Passt nicht
ORD-004391,2023-08-31,2023-09-01,65fa4460f4d3,PRD-0047,DPD,3.83,0,
ORD-004392,2023-08-01,2023-08-10,17ec06c1973a,PRD-0015,Hermes,6.13,0,
ORD-004393,2023-12-28,2023-12-31,9d1af1dcda64,PRD-0044,Hermes,6.8,0,
ORD-004394,2023-03-29,2023-03-30,f50a415590f0,PRD-0045,Hermes,6.96,0,
ORD-004395,2023-05-06,2023-05-07,b86221f2a7ca,PRD-0039,DHL,7.13,1,Gefällt nicht
ORD-004396,2023-04-16,2023-04-17,3817ec543c32,PRD-0007,Hermes,6.34,0,
ORD-004397,2023-03-24,2023-03-25,0c686f54405d,PRD-0043,DHL,6.12,1,Gefällt nicht
ORD-004398,2023-09-14,2023-09-15,c6ed379381ca,PRD-0011,DHL,6.82,0,
ORD-004399,2023-04-22,2023-04-24,6c64f068b9cd,PRD-0027,DHL,7.5,0,
ORD-004400,2023-06-09,2023-06-12,d91432e1f153,PRD-0005,DPD,4.08,1,Gefällt nicht
ORD-004401,2023-08-02,2023-08-04,08c98f957991,PRD-0050,DHL,6.47,0,
ORD-004402,2023-05-08,2023-05-10,d746c1ddc650,PRD-0020,DPD,7.49,0,
ORD-004403,2023-07-14,2023-07-15,f94a26a4bbdd,PRD-0021,DHL,6.28,0,
ORD-004404,2023-10-18,2023-10-20,c0186f5bc743,PRD-0043,DHL,7.21,0,
ORD-004405,2023-06-16,2023-06-18,1086241e2fd7,PRD-0014,DPD,6.65,1,Gefällt nicht
ORD-004406,2023-04-06,2023-04-08,26d16a151448,PRD-0045,DHL,6.63,1,Gefällt nicht
ORD-004407,2023-09-17,2023-09-19,7320f3ffb41e,PRD-0038,DPD,6.77,0,
ORD-004408,2023-08-13,2023-08-16,0d9d01d1a344,PRD-0020,Hermes,7.23,0,
ORD-004409,2023-01-11,2023-01-13,3f8846b8d9ae,PRD-0042,DHL,6.86,1,Passt nicht
ORD-004410,2023-06-10,2023-06-19,e122976f0144,PRD-0041,Hermes,3.8,0,
ORD-004411,2023-11-01,2023-11-03,3405d23c5dca,PRD-0039,DHL,5.54,0,
ORD-004412,2023-02-09,2023-02-15,fcd72e8ec79d,PRD-0025,Hermes,6.65,0,
ORD-004413,2023-06-02,2023-06-04,fa66a4abdf6e,PRD-0003,DPD,6.13,1,Passt nicht
ORD-004414,2023-10-11,2023-10-13,455e6f972248,PRD-0008,DPD,6.07,0,
ORD-004415,2023-07-29,2023-08-04,64729909cc49,PRD-0023,Hermes,4.84,1,Zu spät geliefert
ORD-004416,2023-02-27,2023-03-02,62fbd97da58e,PRD-0004,Hermes,4.24,0,
ORD-004417,2023-04-25,2023-04-27,db7f6e6545a6,PRD-0027,DPD,4.85,0,
ORD-004418,2023-08-08,2023-08-10,d145218f85d8,PRD-0012,DPD,7.07,0,
ORD-004419,2023-07-02,2023-07-04,fba69d74eef3,PRD-0009,DPD,6.38,0,
ORD-004420,2023-08-18,2023-08-21,88e7bdd912aa,PRD-0046,Hermes,4.6,0,
ORD-004421,2023-09-06,2023-09-08,687ee6fc678e,PRD-0023,Hermes,7.43,0,
ORD-004422,2023-04-02,2023-04-03,194874bc22cc,PRD-0015,DHL,5.86,0,
ORD-004423,2023-08-28,2023-08-30,4caf20248c79,PRD-0045,DPD,4.89,0,
ORD-004424,2023-08-25,2023-08-27,49b1338338e7,PRD-0026,DHL,5.52,0,
ORD-004425,2023-10-20,2023-10-22,1636252b729a,PRD-0010,DHL,3.85,0,
ORD-004426,2023-12-12,2023-12-13,0d662469e248,PRD-0025,Hermes,4.97,0,
ORD-004427,2023-10-22,2023-10-24,5d6484f28822,PRD-0025,DHL,3.83,1,Passt nicht
ORD-004428,2023-08-01,2023-08-02,e5cfa1b88670,PRD-0042,Hermes,5.54,1,Gefällt nicht
ORD-004429,2023-11-02,2023-11-04,ae868fa763a9,PRD-0027,DHL,5.28,1,Falscher Artikel
ORD-004430,2023-09-13,2023-09-14,bad59cbc1a8e,PRD-0007,DHL,7.42,0,
ORD-004431,2023-01-30,2023-02-02,a53456968de8,PRD-0027,DPD,7.45,1,Beschädigt
ORD-004432,2023-06-11,2023-06-13,3f102afad00d,PRD-0049,DHL,3.53,1,Passt nicht
ORD-004433,2023-02-07,2023-02-10,4491d799a963,PRD-0011,DHL,3.99,0,
ORD-004434,2023-05-18,2023-05-19,19cab166e31b,PRD-0043,DHL,4.22,1,Passt nicht
ORD-004435,2023-12-01,2023-12-02,bcea4943f5ed,PRD-0010,Hermes,6.97,0,
ORD-004436,2023-03-29,2023-04-01,687ee6fc678e,PRD-0013,Hermes,3.51,0,
ORD-004437,2023-09-19,2023-09-22,a9617bd36564,PRD-0003,DPD,4.41,1,Passt nicht
ORD-004438,2023-07-14,2023-07-15,ab5e5d667420,PRD-0007,DPD,4.89,0,
ORD-004439,2023-02-02,2023-02-10,d4c40c6083d0,PRD-0050,Hermes,4.16,0,
ORD-004440,2023-02-09,2023-02-10,b3cd19da7738,PRD-0034,DPD,3.53,0,
ORD-004441,2023-06-02,2023-06-03,3405d23c5dca,PRD-0028,Hermes,4.94,0,
ORD-004442,2023-12-15,2023-12-18,1a51759ef465,PRD-0036,DHL,5.6,0,
ORD-004443,2023-10-31,2023-11-01,df34cfce2ddd,PRD-0009,DPD,3.59,0,
ORD-004444,2023-07-20,2023-07-22,ce34abcdc162,PRD-0007,DPD,6.35,0,
ORD-004445,2023-09-12,2023-09-13,d746c1ddc650,PRD-0016,Hermes,4.0,0,
ORD-004446,2023-03-18,2023-03-21,69c7f59f0b65,PRD-0033,DHL,5.72,1,Gefällt nicht
ORD-004447,2023-09-27,2023-09-30,aa5d87998a2a,PRD-0030,Hermes,3.65,0,
ORD-004448,2023-06-29,2023-07-02,e4dfa3382446,PRD-0042,DPD,5.94,0,
ORD-004449,2023-02-04,2023-02-06,210b5734e487,PRD-0025,DHL,7.15,0,
ORD-004450,2023-01-12,2023-01-15,3a4982af4066,PRD-0046,DHL,5.36,0,
ORD-004451,2023-04-06,2023-04-09,1469f2d2a8c9,PRD-0050,DHL,6.8,1,Passt nicht
ORD-004452,2023-01-09,2023-01-11,8cf348161471,PRD-0047,DPD,7.17,0,
ORD-004453,2023-07-13,2023-07-16,86f6d149b736,PRD-0047,Hermes,4.83,0,
ORD-004454,2023-11-10,2023-11-12,d145218f85d8,PRD-0023,Hermes,6.57,0,
ORD-004455,2023-03-22,2023-03-23,747571f443d9,PRD-0049,Hermes,6.84,0,
ORD-004456,2023-07-04,2023-07-07,2493564c4baa,PRD-0028,DPD,4.94,1,Beschädigt
ORD-004457,2023-02-20,2023-02-23,879bd1edee94,PRD-0034,DPD,5.01,0,
ORD-004458,2023-05-28,2023-05-30,0b3c813eeb53,PRD-0004,Hermes,6.52,1,Gefällt nicht
ORD-004459,2023-01-23,2023-01-24,8c24a506c11e,PRD-0029,DHL,4.08,0,
ORD-004460,2023-07-03,2023-07-05,72173b5230f1,PRD-0006,DHL,3.78,0,
ORD-004461,2023-09-26,2023-09-27,512edac15cb6,PRD-0036,DHL,6.04,0,
ORD-004462,2023-03-06,2023-03-08,8afbf7870b9f,PRD-0018,DHL,5.96,0,
ORD-004463,2023-10-28,2023-10-30,fd0ec81b021e,PRD-0041,DPD,4.71,0,
ORD-004464,2023-11-19,2023-11-21,33ee35eb843e,PRD-0032,DHL,6.75,0,
ORD-004465,2023-10-28,2023-10-29,576f367a6dd6,PRD-0019,DPD,7.1,1,Passt nicht
ORD-004466,2023-01-02,2023-01-09,40c2ea9999c9,PRD-0014,Hermes,6.34,1,Gefällt nicht
ORD-004467,2023-02-07,2023-02-09,6e611f8bb26b,PRD-0008,DPD,7.27,0,
ORD-004468,2023-04-17,2023-04-19,4f4020b1fffb,PRD-0039,DHL,4.76,0,
ORD-004469,2023-07-28,2023-07-30,695df20c0897,PRD-0038,DHL,5.5,0,
ORD-004470,2023-08-27,2023-08-28,9f8bb10d51b5,PRD-0025,DHL,4.98,0,
ORD-004471,2023-06-14,2023-06-15,58e74b1567d2,PRD-0016,DHL,5.98,0,
ORD-004472,2023-11-13,2023-11-15,5e05d08a8631,PRD-0044,DPD,7.22,0,
ORD-004473,2023-07-07,2023-07-10,b0c234dacd05,PRD-0006,Hermes,5.6,0,
ORD-004474,2023-08-04,2023-08-05,17ec06c1973a,PRD-0003,Hermes,5.07,1,Gefällt nicht
ORD-004475,2023-12-18,2023-12-21,f2344e0a11b7,PRD-0045,DPD,3.9,1,Gefällt nicht
ORD-004476,2023-10-04,2023-10-05,490609fe3e65,PRD-0011,DPD,3.61,0,
ORD-004477,2023-01-08,2023-01-11,4ed747073d46,PRD-0027,Hermes,3.98,0,
ORD-004478,2023-08-04,2023-08-05,873ac5b3a73f,PRD-0016,DPD,5.03,0,
ORD-004479,2023-12-15,2023-12-17,f94a26a4bbdd,PRD-0031,DHL,6.78,1,Passt nicht
ORD-004480,2023-02-24,2023-02-25,1ee7c2736a4b,PRD-0003,DHL,5.85,0,
ORD-004481,2023-05-31,2023-06-03,81eab3379b56,PRD-0003,Hermes,3.53,0,
ORD-004482,2023-10-12,2023-10-13,891a9289ce1b,PRD-0003,Hermes,6.07,1,Passt nicht
ORD-004483,2023-04-17,2023-04-18,635719a9bacb,PRD-0024,DPD,5.45,0,
ORD-004484,2023-08-11,2023-08-12,dde2a1a9d5df,PRD-0004,DHL,4.24,0,
ORD-004485,2023-03-22,2023-03-29,9124aad31df2,PRD-0042,Hermes,4.86,1,Zu spät geliefert
ORD-004486,2023-02-15,2023-02-17,2d0708df16d8,PRD-0046,DPD,3.76,0,
ORD-004487,2023-02-21,2023-03-03,7fbf9204dbdb,PRD-0024,Hermes,5.99,0,
ORD-004488,2023-02-17,2023-02-18,2120a826ced3,PRD-0010,DHL,6.62,0,
ORD-004489,2023-04-21,2023-04-24,27b8a7474688,PRD-0014,DHL,6.1,1,Gefällt nicht
ORD-004490,2023-06-04,2023-06-05,09ce957146a0,PRD-0030,DPD,5.01,0,
ORD-004491,2023-11-01,2023-11-02,25185671a9c4,PRD-0047,Hermes,3.97,0,
ORD-004492,2023-03-18,2023-03-19,490609fe3e65,PRD-0049,Hermes,3.92,0,
ORD-004493,2023-08-18,2023-08-20,f6c2dde03a92,PRD-0043,Hermes,5.21,0,
ORD-004494,2023-10-26,2023-10-29,1ab934b136ba,PRD-0023,DHL,7.09,0,
ORD-004495,2023-04-26,2023-04-27,ab5a82deb9ec,PRD-0005,DHL,4.14,0,
ORD-004496,2023-11-01,2023-11-03,0ad842e0f02b,PRD-0045,DPD,3.72,0,
ORD-004497,2023-10-28,2023-10-31,0c686f54405d,PRD-0005,DPD,4.48,1,Passt nicht
ORD-004498,2023-06-21,2023-06-23,8716ef4cd079,PRD-0008,Hermes,5.27,0,
ORD-004499,2023-06-04,2023-06-07,8491090b660e,PRD-0041,Hermes,4.04,0,
ORD-004500,2023-03-13,2023-03-14,9e8f9de7c0a2,PRD-0044,Hermes,3.79,0,
ORD-004501,2023-05-06,2023-05-09,918b7cfb57b8,PRD-0025,DPD,6.09,0,
ORD-004502,2023-09-07,2023-09-09,8bf6259d1423,PRD-0027,DHL,6.88,1,Beschädigt
ORD-004503,2023-04-18,2023-04-19,1b3ba607254b,PRD-0020,DHL,5.31,1,Gefällt nicht
ORD-004504,2023-11-22,2023-11-25,02427afe83a0,PRD-0050,DHL,5.76,0,
ORD-004505,2023-02-25,2023-02-28,637ccb709f55,PRD-0010,DHL,4.33,0,
ORD-004506,2023-10-18,2023-10-21,5d6484f28822,PRD-0028,Hermes,5.02,0,
ORD-004507,2023-08-13,2023-08-15,fb5a43004a03,PRD-0014,DHL,5.64,0,
ORD-004508,2023-11-19,2023-11-22,809f89f73fa5,PRD-0007,Hermes,5.49,0,
ORD-004509,2023-09-03,2023-09-05,bfbb609be506,PRD-0037,DHL,7.18,0,
ORD-004510,2023-03-05,2023-03-06,a8ac0b2e1350,PRD-0003,DHL,6.17,0,
ORD-004511,2023-05-31,2023-06-01,91cbdba25f4e,PRD-0025,Hermes,4.24,0,
ORD-004512,2023-11-24,2023-11-25,0dec90d9822f,PRD-0015,Hermes,7.47,0,
ORD-004513,2023-09-30,2023-10-01,43bfec19acbc,PRD-0023,DHL,6.84,0,
ORD-004514,2023-04-26,2023-04-28,4705fbb31f62,PRD-0026,Hermes,4.54,0,
ORD-004515,2023-05-14,2023-05-17,25185671a9c4,PRD-0033,Hermes,6.33,1,Gefällt nicht
ORD-004516,2023-10-19,2023-10-21,77989b5d640a,PRD-0008,DHL,4.05,0,
ORD-004517,2023-06-07,2023-06-08,dad91dcce010,PRD-0027,DPD,5.18,0,
ORD-004518,2023-03-21,2023-03-26,57fe51e4f453,PRD-0035,Hermes,6.56,0,
ORD-004519,2023-12-23,2023-12-26,13dd794265e4,PRD-0029,Hermes,4.43,0,
ORD-004520,2023-11-13,2023-11-16,faddb82d1ed3,PRD-0045,DHL,6.61,0,
ORD-004521,2023-03-16,2023-03-25,afe6017571c8,PRD-0044,Hermes,5.25,1,Zu spät geliefert
ORD-004522,2023-08-21,2023-08-27,a843c897601f,PRD-0043,Hermes,5.47,1,Zu spät geliefert
ORD-004523,2023-02-12,2023-02-15,77b851aa0932,PRD-0045,DPD,3.53,0,
ORD-004524,2023-06-28,2023-07-01,f6a34b6ae058,PRD-0023,Hermes,4.05,0,
ORD-004525,2023-02-23,2023-02-26,3a4c40b4ab8b,PRD-0034,Hermes,4.31,0,
ORD-004526,2023-10-18,2023-10-19,c1a8ccf1ada0,PRD-0040,DPD,5.72,1,Gefällt nicht
ORD-004527,2023-12-28,2023-12-29,db101f406012,PRD-0010,DHL,6.42,0,
ORD-004528,2023-08-16,2023-08-19,0d662469e248,PRD-0045,DHL,4.58,0,
ORD-004529,2023-12-01,2023-12-03,6e9e7a01eb11,PRD-0046,Hermes,3.55,0,
ORD-004530,2023-11-10,2023-11-11,c4b7b6daa6a5,PRD-0027,DPD,6.89,0,
ORD-004531,2023-08-17,2023-08-22,0a872da2b2c2,PRD-0034,Hermes,7.03,0,
ORD-004532,2023-09-02,2023-09-03,fa5d05a1fbda,PRD-0010,DHL,6.38,0,
ORD-004533,2023-12-16,2023-12-18,a8ea3b6635e5,PRD-0019,DPD,6.59,1,Gefällt nicht
ORD-004534,2023-04-27,2023-04-28,7a3caf8d72f9,PRD-0035,DHL,4.35,0,
ORD-004535,2023-01-05,2023-01-08,7ade2c1e0157,PRD-0029,DPD,7.29,0,
ORD-004536,2023-03-25,2023-03-28,10026dbd2d64,PRD-0011,DPD,5.5,0,
ORD-004537,2023-06-03,2023-06-06,7fbf9204dbdb,PRD-0041,DHL,3.53,0,
ORD-004538,2023-11-15,2023-11-17,98eece5c9037,PRD-0041,DPD,4.64,0,
ORD-004539,2023-08-11,2023-08-12,a3e6026be7de,PRD-0039,DHL,4.98,0,
ORD-004540,2023-04-12,2023-04-15,f8a89c4399b2,PRD-0018,DPD,3.95,0,
ORD-004541,2023-07-16,2023-07-23,32a0146486a6,PRD-0010,Hermes,7.22,0,
ORD-004542,2023-11-25,2023-11-26,a788d39efb30,PRD-0004,DPD,4.67,1,Gefällt nicht
ORD-004543,2023-09-16,2023-09-19,6ef6370210bf,PRD-0031,Hermes,6.07,0,
ORD-004544,2023-02-01,2023-02-04,c7607c20e1b6,PRD-0004,DHL,5.81,0,
ORD-004545,2023-09-17,2023-09-18,2251a199048c,PRD-0047,DPD,6.05,0,
ORD-004546,2023-02-12,2023-02-14,58e74b1567d2,PRD-0019,DHL,5.12,1,Gefällt nicht
ORD-004547,2023-03-12,2023-03-13,3dccc84ce1e3,PRD-0033,Hermes,4.26,0,
ORD-004548,2023-09-07,2023-09-09,ab4f462f398f,PRD-0042,DHL,4.37,0,
ORD-004549,2023-06-10,2023-06-12,307e6b240c8c,PRD-0030,Hermes,6.0,0,
ORD-004550,2023-09-30,2023-10-03,09d35015c802,PRD-0007,Hermes,5.29,0,
ORD-004551,2023-12-20,2023-12-22,1342a927b8b4,PRD-0029,DPD,4.12,1,Passt nicht
ORD-004552,2023-05-29,2023-05-31,242b1720dbc7,PRD-0043,DHL,5.61,0,
ORD-004553,2023-10-07,2023-10-08,28e03e79c223,PRD-0042,DPD,3.91,0,
ORD-004554,2023-04-24,2023-04-27,93746af9a172,PRD-0007,Hermes,6.7,0,
ORD-004555,2023-08-09,2023-08-12,897ca07ed74a,PRD-0008,DHL,6.81,0,
ORD-004556,2023-06-28,2023-07-01,a09934c5e7c7,PRD-0029,Hermes,6.16,0,
ORD-004557,2023-02-04,2023-02-06,563748058fe6,PRD-0027,DHL,6.38,0,
ORD-004558,2023-08-29,2023-09-06,968238901c07,PRD-0002,Hermes,6.07,1,Zu spät geliefert
ORD-004559,2023-06-09,2023-06-16,db7f6e6545a6,PRD-0038,Hermes,4.49,0,
ORD-004560,2023-06-25,2023-06-28,c8264ff97bdf,PRD-0016,DHL,6.58,0,
ORD-004561,2023-09-19,2023-09-25,10026dbd2d64,PRD-0011,Hermes,7.12,1,Zu spät geliefert
ORD-004562,2023-01-10,2023-01-19,8807a57da3fe,PRD-0031,Hermes,4.57,1,Zu spät geliefert
ORD-004563,2023-06-09,2023-06-11,21e550fd7f03,PRD-0028,DPD,4.33,0,
ORD-004564,2023-09-22,2023-09-23,57719992ae4c,PRD-0050,DHL,4.32,1,Gefällt nicht
ORD-004565,2023-12-12,2023-12-14,4a3003667bf7,PRD-0030,DHL,5.22,0,
ORD-004566,2023-08-02,2023-08-04,0763c47e87fa,PRD-0042,DHL,6.74,1,Gefällt nicht
ORD-004567,2023-03-29,2023-03-31,eff7c49b7f80,PRD-0004,DHL,7.27,1,Gefällt nicht
ORD-004568,2023-03-26,2023-03-27,852136f15af9,PRD-0007,DHL,5.37,0,
ORD-004569,2023-05-08,2023-05-11,3edb3b945be0,PRD-0001,DPD,4.0,0,
ORD-004570,2023-03-27,2023-03-29,d0fbc5dd9ca1,PRD-0001,DPD,4.4,0,
ORD-004571,2023-08-22,2023-08-24,968238901c07,PRD-0046,DHL,5.38,0,
ORD-004572,2023-02-13,2023-02-14,83917dff0d2a,PRD-0048,DHL,5.51,0,
ORD-004573,2023-01-13,2023-01-16,d83e23745063,PRD-0021,DHL,6.11,0,
ORD-004574,2023-02-10,2023-02-11,d42b50263f66,PRD-0025,DHL,3.75,0,
ORD-004575,2023-06-01,2023-06-02,1d535cf02561,PRD-0006,DHL,6.37,1,Gefällt nicht
ORD-004576,2023-02-11,2023-02-13,77a71aa76122,PRD-0010,DHL,5.46,0,
ORD-004577,2023-03-07,2023-03-09,446545a9feff,PRD-0044,DHL,5.43,0,
ORD-004578,2023-05-16,2023-05-18,a850deaca172,PRD-0045,DPD,3.88,0,
ORD-004579,2023-11-01,2023-11-02,bba0303a4f1e,PRD-0046,Hermes,5.4,0,
ORD-004580,2023-10-28,2023-10-31,fbf122d940e4,PRD-0024,DPD,6.59,0,
ORD-004581,2023-08-10,2023-08-20,974d23a2f0a4,PRD-0050,Hermes,6.23,0,
ORD-004582,2023-01-11,2023-01-13,b5cf574c72bc,PRD-0016,DHL,3.56,0,
ORD-004583,2023-02-14,2023-02-21,d649fbca3585,PRD-0046,Hermes,7.45,0,
ORD-004584,2023-06-05,2023-06-07,455e6f972248,PRD-0044,DPD,5.34,0,
ORD-004585,2023-10-29,2023-10-30,315eb586efc1,PRD-0045,DHL,5.82,0,
ORD-004586,2023-10-07,2023-10-10,49067f21850d,PRD-0017,DHL,5.33,0,
ORD-004587,2023-04-06,2023-04-08,0bb12f59fd75,PRD-0045,Hermes,6.55,0,
ORD-004588,2023-08-09,2023-08-12,29af765e49d1,PRD-0032,DPD,3.65,1,Beschädigt
ORD-004589,2023-08-22,2023-08-23,e6067ab49e7c,PRD-0007,DHL,6.82,0,
ORD-004590,2023-04-16,2023-04-17,fe4d48720e99,PRD-0027,DHL,4.04,0,
ORD-004591,2023-10-12,2023-10-15,c46a919923c8,PRD-0036,DPD,4.55,0,
ORD-004592,2023-08-16,2023-08-18,09ce957146a0,PRD-0022,DPD,7.17,0,
ORD-004593,2023-01-14,2023-01-16,0b4881f54699,PRD-0015,Hermes,4.93,0,
ORD-004594,2023-10-23,2023-10-24,3dccc84ce1e3,PRD-0006,DPD,5.11,1,Falscher Artikel
ORD-004595,2023-10-20,2023-10-30,7f89f7c20bec,PRD-0006,Hermes,7.44,0,
ORD-004596,2023-02-01,2023-02-02,294350c9a8bc,PRD-0019,DPD,3.59,0,
ORD-004597,2023-03-17,2023-03-27,04c68ecc66da,PRD-0006,Hermes,4.09,0,
ORD-004598,2023-03-29,2023-03-31,a8ea3b6635e5,PRD-0010,Hermes,7.06,0,
ORD-004599,2023-03-31,2023-04-02,b2d49550cf02,PRD-0011,DPD,4.66,0,
ORD-004600,2023-04-16,2023-04-19,fd6f448a537c,PRD-0003,DPD,4.07,0,
ORD-004601,2023-04-16,2023-04-17,ecc92ca07f24,PRD-0026,DPD,6.66,1,Zu spät geliefert
ORD-004602,2023-03-25,2023-03-26,faddb82d1ed3,PRD-0006,DPD,4.85,0,
ORD-004603,2023-07-04,2023-07-05,7bac92bd3853,PRD-0010,Hermes,6.42,0,
ORD-004604,2023-12-23,2023-12-26,688d8e5662ef,PRD-0042,DPD,4.78,1,Passt nicht
ORD-004605,2023-09-16,2023-09-18,6638982ac981,PRD-0042,DHL,6.55,0,
ORD-004606,2023-06-12,2023-06-13,710113ae34b1,PRD-0013,DHL,3.73,0,
ORD-004607,2023-11-20,2023-11-23,52bbbecf7e4a,PRD-0038,DHL,5.85,0,
ORD-004608,2023-07-07,2023-07-14,c9bd25c32752,PRD-0036,Hermes,4.74,0,
ORD-004609,2023-09-13,2023-09-14,8b9804a18cf9,PRD-0035,DHL,7.43,0,
ORD-004610,2023-11-07,2023-11-09,2be4c3284cdd,PRD-0022,DPD,6.0,1,Passt nicht
ORD-004611,2023-03-21,2023-03-22,f878dd62e343,PRD-0040,DPD,6.33,1,Gefällt nicht
ORD-004612,2023-09-24,2023-10-03,673d27f582ed,PRD-0029,Hermes,5.64,1,Zu spät geliefert
ORD-004613,2023-04-17,2023-04-18,b3cd19da7738,PRD-0002,DPD,4.05,0,
ORD-004614,2023-07-27,2023-07-28,910f11049def,PRD-0028,DPD,7.44,0,
ORD-004615,2023-11-05,2023-11-07,35d823e07c4d,PRD-0037,Hermes,6.58,0,
ORD-004616,2023-02-08,2023-02-15,8cb2516ad183,PRD-0001,Hermes,6.22,1,Gefällt nicht
ORD-004617,2023-04-20,2023-04-23,374f4987985f,PRD-0014,DPD,5.49,1,Gefällt nicht
ORD-004618,2023-01-18,2023-01-21,1f1114afaac5,PRD-0039,Hermes,3.88,0,
ORD-004619,2023-11-17,2023-11-19,fc756d4ad507,PRD-0008,DPD,5.19,0,
ORD-004620,2023-08-07,2023-08-10,10f3d78de149,PRD-0031,Hermes,6.53,0,
ORD-004621,2023-07-31,2023-08-02,17591257966a,PRD-0026,Hermes,5.54,0,
ORD-004622,2023-11-06,2023-11-09,4c9893856dd5,PRD-0026,DHL,6.74,0,
ORD-004623,2023-09-26,2023-09-28,897da0ff1fdc,PRD-0027,DHL,7.12,0,
ORD-004624,2023-04-14,2023-04-15,f04a1851f388,PRD-0023,DHL,5.09,0,
ORD-004625,2023-02-04,2023-02-06,831786676e1c,PRD-0041,DHL,4.19,0,
ORD-004626,2023-10-10,2023-10-12,db861bab1e40,PRD-0012,Hermes,6.26,0,
ORD-004627,2023-01-25,2023-01-28,5b122d52814b,PRD-0037,DPD,3.84,1,Gefällt nicht
ORD-004628,2023-01-28,2023-01-29,6286963288a7,PRD-0021,DHL,6.06,0,
ORD-004629,2023-12-02,2023-12-05,dde028e0863e,PRD-0046,DPD,5.82,1,Beschädigt
ORD-004630,2023-06-18,2023-06-21,512d5c87257e,PRD-0021,DPD,4.87,1,Beschädigt
ORD-004631,2023-07-11,2023-07-12,6a10969653f7,PRD-0031,Hermes,6.84,0,
ORD-004632,2023-08-22,2023-08-25,6323534375f5,PRD-0019,DHL,7.15,0,
ORD-004633,2023-03-26,2023-03-27,77c5cc0f7ae8,PRD-0048,DPD,7.2,0,
ORD-004634,2023-01-15,2023-01-16,689be503fd22,PRD-0046,Hermes,4.82,1,Zu spät geliefert
ORD-004635,2023-01-29,2023-02-01,217fb6888b3e,PRD-0038,DHL,5.86,1,Gefällt nicht
ORD-004636,2023-04-08,2023-04-10,9f99f9396b9c,PRD-0023,Hermes,5.27,0,
ORD-004637,2023-12-19,2023-12-22,204dcf7a5e26,PRD-0008,Hermes,6.6,1,Beschädigt
ORD-004638,2023-07-31,2023-08-01,94f6486963cd,PRD-0046,DPD,5.88,0,
ORD-004639,2023-02-05,2023-02-07,cdf50ee19459,PRD-0012,DPD,7.06,0,
ORD-004640,2023-02-10,2023-02-11,c46a919923c8,PRD-0041,Hermes,6.6,0,
ORD-004641,2023-06-05,2023-06-06,663295ff7da6,PRD-0013,DHL,4.86,1,Gefällt nicht
ORD-004642,2023-01-05,2023-01-08,8dc07de707aa,PRD-0005,DPD,6.0,0,
ORD-004643,2023-04-20,2023-04-23,b86221f2a7ca,PRD-0018,DHL,3.59,0,
ORD-004644,2023-08-13,2023-08-15,b8710bcabf47,PRD-0042,DPD,4.15,1,Passt nicht
ORD-004645,2023-09-12,2023-09-19,e9c2bd64e52f,PRD-0013,Hermes,3.56,0,
ORD-004646,2023-10-03,2023-10-05,d3b1f769f7d5,PRD-0003,DHL,3.58,0,
ORD-004647,2023-08-18,2023-08-20,6c1abafed714,PRD-0017,DHL,5.19,0,
ORD-004648,2023-09-15,2023-09-17,5d6484f28822,PRD-0045,DPD,5.38,0,
ORD-004649,2023-09-13,2023-09-15,5d0536d12f17,PRD-0048,DPD,6.29,0,
ORD-004650,2023-02-02,2023-02-03,9ac16b47a843,PRD-0032,DPD,6.55,0,
ORD-004651,2023-10-27,2023-10-30,1f44f5258dc4,PRD-0026,DPD,5.13,0,
ORD-004652,2023-01-10,2023-01-11,77ead94e02c3,PRD-0032,Hermes,5.47,0,
ORD-004653,2023-01-19,2023-01-21,7bac92bd3853,PRD-0024,DPD,4.99,0,
ORD-004654,2023-11-26,2023-11-27,c0c7cd7f522c,PRD-0022,DPD,7.09,1,Gefällt nicht
ORD-004655,2023-05-01,2023-05-03,2ca50b35ad33,PRD-0035,DPD,7.0,0,
ORD-004656,2023-09-12,2023-09-14,9e8f9de7c0a2,PRD-0043,DPD,6.65,0,
ORD-004657,2023-12-16,2023-12-19,3deb8e72056c,PRD-0048,DHL,4.91,0,
ORD-004658,2023-12-25,2023-12-26,e0d2dd604c94,PRD-0028,DPD,6.83,0,
ORD-004659,2023-03-04,2023-03-06,897da0ff1fdc,PRD-0028,Hermes,3.62,0,
ORD-004660,2023-12-14,2023-12-16,0c686f54405d,PRD-0030,Hermes,7.1,1,Falscher Artikel
ORD-004661,2023-12-21,2023-12-24,4086cd585ed6,PRD-0016,DHL,6.72,0,
ORD-004662,2023-01-16,2023-01-19,7d13cf616dd9,PRD-0014,DPD,6.99,1,Passt nicht
ORD-004663,2023-02-28,2023-03-03,5bba74e19cfd,PRD-0028,DPD,5.64,0,
ORD-004664,2023-07-25,2023-07-27,0ca7b2b39990,PRD-0002,DPD,3.74,0,
ORD-004665,2023-08-07,2023-08-08,8bf6d58effba,PRD-0003,DPD,5.1,0,
ORD-004666,2023-11-19,2023-11-20,660792f4ffff,PRD-0047,DHL,4.62,0,
ORD-004667,2023-12-09,2023-12-10,880786415f0c,PRD-0049,DPD,6.29,0,
ORD-004668,2023-06-12,2023-06-14,fabeea9a1268,PRD-0015,DPD,6.88,0,
ORD-004669,2023-11-28,2023-12-01,4f98a6145166,PRD-0021,Hermes,6.02,0,
ORD-004670,2023-06-11,2023-06-14,22eb96eb9c82,PRD-0001,DHL,3.75,0,
ORD-004671,2023-12-26,2023-12-28,918b7cfb57b8,PRD-0022,DPD,6.21,1,Passt nicht
ORD-004672,2023-02-16,2023-02-17,989608d8299d,PRD-0045,DPD,4.87,0,
ORD-004673,2023-06-06,2023-06-07,091f24ee1b41,PRD-0012,DPD,4.87,0,
ORD-004674,2023-12-22,2023-12-24,f073c64a2004,PRD-0005,DHL,6.59,0,
ORD-004675,2023-07-31,2023-08-01,ef8c2437deb7,PRD-0044,DPD,6.5,0,
ORD-004676,2023-01-13,2023-01-18,8cf348161471,PRD-0049,Hermes,6.13,1,Passt nicht
ORD-004677,2023-10-18,2023-10-19,59c230b0a5fb,PRD-0002,Hermes,5.34,0,
ORD-004678,2023-01-29,2023-01-31,d1955254241e,PRD-0010,DPD,5.02,0,
ORD-004679,2023-12-07,2023-12-08,344ab744ddeb,PRD-0043,Hermes,5.48,0,
ORD-004680,2023-08-30,2023-09-02,42f746bc7720,PRD-0013,DPD,4.89,0,
ORD-004681,2023-08-22,2023-08-25,bfbb609be506,PRD-0006,Hermes,6.69,0,
ORD-004682,2023-01-16,2023-01-19,8b9804a18cf9,PRD-0041,DHL,3.88,0,
ORD-004683,2023-04-06,2023-04-08,6a10969653f7,PRD-0043,Hermes,6.25,1,Passt nicht
ORD-004684,2023-04-24,2023-04-25,3cb282702fbe,PRD-0003,Hermes,3.93,0,
ORD-004685,2023-02-26,2023-02-28,819426776d5c,PRD-0013,DHL,3.88,0,
ORD-004686,2023-02-17,2023-02-20,dc03524d72cc,PRD-0009,DHL,5.4,0,
ORD-004687,2023-11-25,2023-11-28,3d72668edf04,PRD-0028,DPD,6.49,0,
ORD-004688,2023-10-26,2023-11-03,35d823e07c4d,PRD-0028,Hermes,4.53,1,Zu spät geliefert
ORD-004689,2023-03-19,2023-03-21,64729909cc49,PRD-0033,DPD,3.56,0,
ORD-004690,2023-04-11,2023-04-22,95d6261eb033,PRD-0004,Hermes,4.46,0,
ORD-004691,2023-07-14,2023-07-17,edd213b55d91,PRD-0016,DPD,3.8,0,
ORD-004692,2023-12-14,2023-12-16,a8c66f9f711d,PRD-0032,DHL,6.35,0,
ORD-004693,2023-10-16,2023-10-19,8bf6d58effba,PRD-0040,DPD,7.16,1,Passt nicht
ORD-004694,2023-12-29,2024-01-04,d0f9e20b6ac8,PRD-0047,Hermes,7.31,0,
ORD-004695,2023-05-08,2023-05-11,a8023688433d,PRD-0018,DHL,5.62,0,
ORD-004696,2023-04-28,2023-04-30,b45ed2c50b71,PRD-0020,DPD,3.86,0,
ORD-004697,2023-08-03,2023-08-04,e5e92df1e0aa,PRD-0042,DHL,5.1,1,Passt nicht
ORD-004698,2023-04-12,2023-04-13,f366585846eb,PRD-0003,DPD,6.64,0,
ORD-004699,2023-12-11,2023-12-13,e6fdc640101d,PRD-0007,DHL,6.57,1,Gefällt nicht
ORD-004700,2023-03-02,2023-03-03,4156cfc49b85,PRD-0025,Hermes,4.67,1,Beschädigt
ORD-004701,2023-01-24,2023-01-31,4778890e21f0,PRD-0048,Hermes,6.33,0,
ORD-004702,2023-03-23,2023-03-25,d603cad7b19e,PRD-0020,DHL,4.99,0,
ORD-004703,2023-05-04,2023-05-07,270e3dbaa894,PRD-0006,DHL,4.13,0,
ORD-004704,2023-03-18,2023-03-19,1469f2d2a8c9,PRD-0031,Hermes,5.13,1,Passt nicht
ORD-004705,2023-01-30,2023-02-02,5ef107801f3f,PRD-0038,DHL,5.92,0,
ORD-004706,2023-06-15,2023-06-17,7dd1c91fd74e,PRD-0022,DHL,5.54,1,Passt nicht
ORD-004707,2023-01-24,2023-01-27,f539e0e6728a,PRD-0028,DHL,6.47,0,
ORD-004708,2023-09-28,2023-09-29,00f726c75673,PRD-0033,Hermes,5.87,1,Passt nicht
ORD-004709,2023-07-05,2023-07-06,61723dab929d,PRD-0026,DPD,5.27,0,
ORD-004710,2023-08-08,2023-08-14,5cd8ccb79288,PRD-0030,Hermes,5.76,0,
ORD-004711,2023-09-18,2023-09-19,d052d3dc4806,PRD-0029,Hermes,4.99,1,Passt nicht
ORD-004712,2023-02-07,2023-02-13,c4b7b6daa6a5,PRD-0004,Hermes,4.21,0,
ORD-004713,2023-07-08,2023-07-10,fef1b545c51c,PRD-0050,DPD,5.58,0,
ORD-004714,2023-11-22,2023-11-25,0763c47e87fa,PRD-0032,DPD,6.48,1,Gefällt nicht
ORD-004715,2023-12-27,2024-01-03,307e6b240c8c,PRD-0041,Hermes,5.31,0,
ORD-004716,2023-08-18,2023-08-21,f60a0483a6ab,PRD-0004,DHL,4.59,0,
ORD-004717,2023-02-08,2023-02-09,6a5a0702f324,PRD-0050,DPD,6.22,1,Gefällt nicht
ORD-004718,2023-03-21,2023-03-24,c729e129bdce,PRD-0041,DHL,4.08,0,
ORD-004719,2023-12-24,2023-12-27,4f57ae2ffeee,PRD-0028,DPD,7.05,1,Passt nicht
ORD-004720,2023-07-31,2023-08-01,77989b5d640a,PRD-0036,DPD,3.79,0,
ORD-004721,2023-05-29,2023-06-05,188c9a5c1a64,PRD-0049,Hermes,3.9,1,Zu spät geliefert
ORD-004722,2023-01-23,2023-01-24,307e6b240c8c,PRD-0011,DHL,4.95,1,Passt nicht
ORD-004723,2023-02-01,2023-02-04,fb13defe48b3,PRD-0012,DHL,6.24,0,
ORD-004724,2023-05-06,2023-05-08,0465ce22ecb4,PRD-0049,DPD,6.39,0,
ORD-004725,2023-11-02,2023-11-04,7258cc2bbd49,PRD-0027,DHL,4.45,0,
ORD-004726,2023-07-06,2023-07-09,ab0fde7e9e0e,PRD-0044,DPD,7.46,1,Zu spät geliefert
ORD-004727,2023-02-08,2023-02-09,48a9611b448a,PRD-0025,DPD,5.54,0,
ORD-004728,2023-11-29,2023-12-01,09ced3b306bc,PRD-0020,DPD,4.24,0,
ORD-004729,2023-09-30,2023-10-05,024a96c9fa45,PRD-0002,Hermes,7.37,0,
ORD-004730,2023-12-10,2023-12-11,0d409b8b3b80,PRD-0001,Hermes,6.99,1,Gefällt nicht
ORD-004731,2023-02-03,2023-02-06,15b0192f7a89,PRD-0042,DPD,4.78,0,
ORD-004732,2023-11-04,2023-11-05,017f7d9aa46c,PRD-0014,Hermes,7.03,1,Passt nicht
ORD-004733,2023-07-12,2023-07-15,fc756d4ad507,PRD-0049,DHL,4.95,1,Gefällt nicht
ORD-004734,2023-02-15,2023-02-18,24d634f17354,PRD-0024,Hermes,4.88,0,
ORD-004735,2023-03-20,2023-03-21,65e0a6c5bce6,PRD-0008,DPD,5.49,0,
ORD-004736,2023-12-07,2023-12-10,fb13defe48b3,PRD-0029,Hermes,6.5,1,Gefällt nicht
ORD-004737,2023-02-22,2023-02-25,8f9f681c0af4,PRD-0028,DHL,3.93,0,
ORD-004738,2023-10-31,2023-11-02,868c311e5e64,PRD-0026,Hermes,4.99,0,
ORD-004739,2023-10-01,2023-10-10,cd8b0209443f,PRD-0014,Hermes,4.65,1,Zu spät geliefert
ORD-004740,2023-02-07,2023-02-08,a690f5f162c9,PRD-0011,DPD,6.17,1,Gefällt nicht
ORD-004741,2023-08-15,2023-08-17,0c9f50253a75,PRD-0005,Hermes,4.2,0,
ORD-004742,2023-09-22,2023-09-23,17ac3876fd87,PRD-0014,DPD,3.79,1,Passt nicht
ORD-004743,2023-05-01,2023-05-04,175db0f629fd,PRD-0027,DHL,6.0,0,
ORD-004744,2023-12-26,2023-12-28,9124aad31df2,PRD-0024,DHL,3.95,0,
ORD-004745,2023-11-26,2023-11-28,f60a0483a6ab,PRD-0035,DPD,7.19,0,
ORD-004746,2023-11-14,2023-11-16,d1e81688058a,PRD-0031,DHL,5.01,0,
ORD-004747,2023-01-07,2023-01-10,ab0fde7e9e0e,PRD-0025,DPD,7.21,0,
ORD-004748,2023-02-22,2023-02-25,897da0ff1fdc,PRD-0025,DPD,4.43,0,
ORD-004749,2023-04-28,2023-04-29,15b0192f7a89,PRD-0018,DPD,5.91,0,
ORD-004750,2023-12-18,2023-12-25,90afb8c8cd4d,PRD-0015,Hermes,5.81,0,
ORD-004751,2023-06-30,2023-07-03,eeef6eaf3244,PRD-0048,DHL,5.88,0,
ORD-004752,2023-09-17,2023-09-19,b8710bcabf47,PRD-0042,DHL,5.03,0,
ORD-004753,2023-12-03,2023-12-10,194874bc22cc,PRD-0015,Hermes,6.47,1,Zu spät geliefert
ORD-004754,2023-01-02,2023-01-03,22eb96eb9c82,PRD-0010,DPD,4.18,1,Zu spät geliefert
ORD-004755,2023-03-04,2023-03-11,c5c12a05c748,PRD-0011,Hermes,5.65,1,Zu spät geliefert
ORD-004756,2023-12-29,2023-12-31,fabeea9a1268,PRD-0045,DPD,6.89,0,
ORD-004757,2023-07-22,2023-07-24,9bf8bb92f6f0,PRD-0022,DPD,6.42,0,
ORD-004758,2023-08-04,2023-08-07,c57e8356015d,PRD-0047,DPD,5.81,0,
ORD-004759,2023-11-08,2023-11-11,3dccc84ce1e3,PRD-0019,DPD,5.9,0,
ORD-004760,2023-09-12,2023-09-13,43bfec19acbc,PRD-0011,DHL,3.94,0,
ORD-004761,2023-02-04,2023-02-10,ecc92ca07f24,PRD-0027,Hermes,5.64,0,
ORD-004762,2023-04-23,2023-04-24,9124aad31df2,PRD-0001,Hermes,6.24,0,
ORD-004763,2023-02-05,2023-02-07,452041c8dc89,PRD-0046,Hermes,4.3,1,Zu spät geliefert
ORD-004764,2023-02-16,2023-02-18,0e5b577d82cd,PRD-0011,DPD,4.97,0,
ORD-004765,2023-02-21,2023-02-24,c2df022e67a3,PRD-0029,DHL,5.16,0,
ORD-004766,2023-11-23,2023-11-26,ab5a82deb9ec,PRD-0039,Hermes,5.74,0,
ORD-004767,2023-07-27,2023-07-28,15aca2854624,PRD-0006,DPD,6.26,0,
ORD-004768,2023-06-28,2023-07-01,4f98a6145166,PRD-0042,DPD,6.29,1,Passt nicht
ORD-004769,2023-11-27,2023-11-30,cd672636c75a,PRD-0049,DHL,5.5,0,
ORD-004770,2023-09-03,2023-09-04,852136f15af9,PRD-0032,Hermes,3.96,0,
ORD-004771,2023-04-27,2023-04-29,b0693dcc41cf,PRD-0045,DHL,6.71,0,
ORD-004772,2023-05-04,2023-05-07,512d5c87257e,PRD-0005,Hermes,6.52,1,Passt nicht
ORD-004773,2023-02-23,2023-02-26,2576f8c3e902,PRD-0020,DPD,4.47,0,
ORD-004774,2023-12-19,2023-12-21,4705fbb31f62,PRD-0011,DPD,4.99,0,
ORD-004775,2023-07-08,2023-07-09,77ead94e02c3,PRD-0022,DPD,7.12,1,Gefällt nicht
ORD-004776,2023-12-29,2024-01-01,70fa5743eedd,PRD-0016,DPD,5.69,0,
ORD-004777,2023-09-28,2023-09-30,77989b5d640a,PRD-0008,DHL,7.5,0,
ORD-004778,2023-01-30,2023-01-31,6cd541597068,PRD-0039,DPD,6.61,1,Gefällt nicht
ORD-004779,2023-10-28,2023-10-30,063985b5ff29,PRD-0022,DHL,3.78,0,
ORD-004780,2023-12-27,2023-12-28,6fffa85e67a1,PRD-0045,DPD,7.02,0,
ORD-004781,2023-08-24,2023-08-26,db7f6e6545a6,PRD-0041,DPD,6.97,0,
ORD-004782,2023-03-24,2023-03-27,0b56b0d30ece,PRD-0012,DHL,6.33,0,
ORD-004783,2023-06-19,2023-06-22,5bdcbeb00ad0,PRD-0003,DHL,4.43,0,
ORD-004784,2023-07-05,2023-07-12,194874bc22cc,PRD-0017,Hermes,5.72,0,
ORD-004785,2023-11-26,2023-11-28,b6c409f8788c,PRD-0015,DHL,6.6,0,
ORD-004786,2023-07-18,2023-07-20,2493564c4baa,PRD-0016,DHL,5.59,0,
ORD-004787,2023-05-24,2023-05-25,06726ca8eb1e,PRD-0022,DPD,5.21,0,
ORD-004788,2023-07-10,2023-07-13,b8710bcabf47,PRD-0020,Hermes,4.61,0,
ORD-004789,2023-05-28,2023-05-31,5bba74e19cfd,PRD-0003,DPD,6.96,0,
ORD-004790,2023-04-25,2023-04-27,aa5efdd3f798,PRD-0007,Hermes,4.81,0,
ORD-004791,2023-12-01,2023-12-03,07b92aac87b8,PRD-0049,DHL,3.76,0,
ORD-004792,2023-06-16,2023-06-19,14de5d2e2a0c,PRD-0014,DHL,7.24,0,
ORD-004793,2023-03-14,2023-03-24,7e90cd9f8a38,PRD-0002,Hermes,6.33,0,
ORD-004794,2023-08-24,2023-08-25,2ca50b35ad33,PRD-0001,DPD,6.09,1,Passt nicht
ORD-004795,2023-01-28,2023-01-31,34b02b0d1fdb,PRD-0018,DHL,7.02,0,
ORD-004796,2023-04-03,2023-04-04,835be6799755,PRD-0047,DHL,7.15,0,
ORD-004797,2023-08-04,2023-08-06,7aa777e66795,PRD-0047,DHL,7.11,0,
ORD-004798,2023-11-03,2023-11-06,0e5b577d82cd,PRD-0035,DHL,4.66,0,
ORD-004799,2023-01-31,2023-02-02,d3b1f769f7d5,PRD-0019,DPD,4.13,1,Passt nicht
ORD-004800,2023-01-15,2023-01-16,0090a09fd83c,PRD-0016,Hermes,5.15,0,
ORD-004801,2023-12-23,2023-12-26,e6067ab49e7c,PRD-0006,DHL,5.2,0,
ORD-004802,2023-09-05,2023-09-15,88e7bdd912aa,PRD-0022,Hermes,4.74,1,Zu spät geliefert
ORD-004803,2023-07-13,2023-07-16,419537955820,PRD-0013,DPD,3.76,0,
ORD-004804,2023-04-28,2023-04-30,27af6e4e317b,PRD-0030,DHL,6.05,0,
ORD-004805,2023-08-27,2023-08-30,ce34abcdc162,PRD-0021,DHL,3.72,0,
ORD-004806,2023-02-13,2023-02-14,094eac2625f3,PRD-0012,Hermes,3.78,0,
ORD-004807,2023-09-13,2023-09-21,b3cd19da7738,PRD-0013,Hermes,5.81,1,Zu spät geliefert
ORD-004808,2023-05-28,2023-05-29,fdd5b5cc44a1,PRD-0003,DPD,6.34,1,Gefällt nicht
ORD-004809,2023-02-17,2023-02-19,b79a09ffa2d1,PRD-0038,DPD,6.6,0,
ORD-004810,2023-10-31,2023-11-01,7f89f7c20bec,PRD-0023,DHL,3.87,0,
ORD-004811,2023-08-13,2023-08-16,41179d641cf8,PRD-0006,DHL,6.63,0,
ORD-004812,2023-04-22,2023-04-23,d45ab1001715,PRD-0039,DPD,6.67,0,
ORD-004813,2023-03-07,2023-03-09,0a872da2b2c2,PRD-0020,DHL,6.93,0,
ORD-004814,2023-04-07,2023-04-09,1a362e3b8d84,PRD-0001,Hermes,4.25,0,
ORD-004815,2023-09-07,2023-09-09,c1e7e0988611,PRD-0013,DHL,5.66,0,
ORD-004816,2023-02-28,2023-03-01,1c5088deb9cd,PRD-0016,Hermes,5.02,1,Falscher Artikel
ORD-004817,2023-02-16,2023-02-26,7205110569a0,PRD-0040,Hermes,4.95,0,
ORD-004818,2023-05-16,2023-05-17,3760c4b579a5,PRD-0012,Hermes,7.28,0,
ORD-004819,2023-04-21,2023-04-23,d1c135e26a7a,PRD-0009,DPD,5.3,0,
ORD-004820,2023-12-07,2023-12-10,e61839c34145,PRD-0022,DHL,4.15,0,
ORD-004821,2023-01-19,2023-01-22,49b5de66f141,PRD-0036,DPD,7.45,0,
ORD-004822,2023-01-30,2023-02-02,f6cc1089a080,PRD-0018,Hermes,5.21,0,
ORD-004823,2023-10-03,2023-10-11,f2344e0a11b7,PRD-0039,Hermes,6.86,0,
ORD-004824,2023-04-03,2023-04-08,9d45a3a0da7a,PRD-0026,Hermes,5.59,0,
ORD-004825,2023-02-02,2023-02-05,94f6486963cd,PRD-0003,DPD,5.7,1,Passt nicht
ORD-004826,2023-12-24,2023-12-26,4ec5d0d83271,PRD-0030,DHL,6.46,0,
ORD-004827,2023-05-11,2023-05-21,13d2e75f5e4c,PRD-0042,Hermes,5.86,1,Zu spät geliefert
ORD-004828,2023-03-26,2023-04-01,13d2e75f5e4c,PRD-0038,Hermes,6.91,0,
ORD-004829,2023-05-09,2023-05-18,3a4982af4066,PRD-0002,Hermes,7.13,0,
ORD-004830,2023-01-20,2023-01-23,f6c2dde03a92,PRD-0002,DHL,7.31,0,
ORD-004831,2023-06-09,2023-06-11,0297a5f73d32,PRD-0029,DHL,6.82,0,
ORD-004832,2023-08-20,2023-08-22,ab5a82deb9ec,PRD-0028,DPD,3.81,1,Beschädigt
ORD-004833,2023-09-15,2023-09-16,0b3c813eeb53,PRD-0033,Hermes,6.15,0,
ORD-004834,2023-06-18,2023-06-21,fe658e70891a,PRD-0037,DPD,6.28,1,Gefällt nicht
ORD-004835,2023-09-15,2023-09-18,66d83e310e09,PRD-0024,DPD,5.8,0,
ORD-004836,2023-03-14,2023-03-16,953c25151831,PRD-0002,Hermes,6.63,1,Beschädigt
ORD-004837,2023-05-31,2023-06-01,a871859dbae3,PRD-0046,DPD,4.74,0,
ORD-004838,2023-01-26,2023-01-28,0d9d01d1a344,PRD-0046,DPD,6.68,0,
ORD-004839,2023-06-07,2023-06-10,a3e6026be7de,PRD-0005,Hermes,6.71,1,Gefällt nicht
ORD-004840,2023-08-01,2023-08-02,96a2ca71f156,PRD-0020,DHL,7.42,0,
ORD-004841,2023-04-09,2023-04-11,d052d3dc4806,PRD-0016,DPD,7.5,0,
ORD-004842,2023-11-13,2023-11-15,c38ac70a78b8,PRD-0048,DHL,4.7,0,
ORD-004843,2023-05-14,2023-05-16,4ff39efe0c37,PRD-0005,DPD,4.5,0,
ORD-004844,2023-05-11,2023-05-12,d603cad7b19e,PRD-0019,DPD,5.13,0,
ORD-004845,2023-03-06,2023-03-08,28e03e79c223,PRD-0004,DPD,4.38,1,Gefällt nicht
ORD-004846,2023-05-06,2023-05-07,3435d4a9da90,PRD-0006,DHL,4.07,0,
ORD-004847,2023-03-10,2023-03-21,ea7252c335f0,PRD-0037,Hermes,3.51,0,
ORD-004848,2023-10-22,2023-10-24,1a362e3b8d84,PRD-0042,DPD,5.34,1,Gefällt nicht
ORD-004849,2023-09-12,2023-09-13,b5cf574c72bc,PRD-0025,Hermes,5.16,0,
ORD-004850,2023-07-12,2023-07-14,389e0f551325,PRD-0013,DPD,4.72,0,
ORD-004851,2023-10-15,2023-10-18,695df20c0897,PRD-0014,DPD,6.49,1,Gefällt nicht
ORD-004852,2023-05-02,2023-05-03,27a4a8527b3f,PRD-0016,DHL,6.2,0,
ORD-004853,2023-12-13,2023-12-15,891a9289ce1b,PRD-0013,DHL,5.19,0,
ORD-004854,2023-01-30,2023-01-31,6a10969653f7,PRD-0046,DPD,4.38,0,
ORD-004855,2023-01-01,2023-01-03,96a2ca71f156,PRD-0029,Hermes,7.04,0,
ORD-004856,2023-02-23,2023-03-03,919cb12d101f,PRD-0044,Hermes,4.75,0,
ORD-004857,2023-09-03,2023-09-06,1178ea5629ae,PRD-0033,DPD,5.92,0,
ORD-004858,2023-05-22,2023-05-24,55e28e9559e9,PRD-0032,Hermes,5.95,0,
ORD-004859,2023-04-20,2023-04-21,873ac5b3a73f,PRD-0019,DPD,6.86,0,
ORD-004860,2023-07-08,2023-07-11,e04a43e94370,PRD-0022,DHL,4.26,0,
ORD-004861,2023-10-07,2023-10-08,f2bd2fe964a2,PRD-0030,Hermes,5.4,0,
ORD-004862,2023-11-11,2023-11-13,a03a0cec9f71,PRD-0027,DPD,4.56,0,
ORD-004863,2023-01-26,2023-01-28,e813fca4c6e1,PRD-0002,Hermes,5.28,1,Falscher Artikel
ORD-004864,2023-12-29,2023-12-30,b298bc334963,PRD-0020,DHL,5.38,0,
ORD-004865,2023-10-02,2023-10-03,04c68ecc66da,PRD-0042,DHL,3.73,0,
ORD-004866,2023-07-01,2023-07-02,36ed7d6287d9,PRD-0042,DPD,4.61,0,
ORD-004867,2023-08-15,2023-08-25,31ac448529cf,PRD-0027,Hermes,6.48,1,Zu spät geliefert
ORD-004868,2023-07-30,2023-07-31,d0fbc5dd9ca1,PRD-0017,Hermes,4.83,0,
ORD-004869,2023-08-20,2023-08-26,56038220416e,PRD-0028,Hermes,6.96,0,
ORD-004870,2023-10-01,2023-10-02,309e98408862,PRD-0027,Hermes,6.18,0,
ORD-004871,2023-08-27,2023-09-06,8dc07de707aa,PRD-0003,Hermes,3.78,0,
ORD-004872,2023-04-18,2023-04-21,daef63bdd6d2,PRD-0016,Hermes,6.8,0,
ORD-004873,2023-07-22,2023-07-25,921e62ce7ad8,PRD-0006,DPD,5.51,0,
ORD-004874,2023-07-24,2023-07-26,b51224cb0170,PRD-0048,Hermes,6.23,1,Passt nicht
ORD-004875,2023-12-22,2023-12-25,b6c409f8788c,PRD-0033,DHL,6.65,0,
ORD-004876,2023-12-20,2023-12-27,b2cebf22574d,PRD-0026,Hermes,5.2,0,
ORD-004877,2023-05-20,2023-05-23,93746af9a172,PRD-0033,DPD,5.45,0,
ORD-004878,2023-06-15,2023-06-17,c1c7a2848f40,PRD-0018,DPD,5.15,0,
ORD-004879,2023-06-01,2023-06-04,beeaa327b024,PRD-0042,Hermes,3.56,0,
ORD-004880,2023-08-23,2023-08-25,4a5cfe839248,PRD-0046,DHL,7.41,0,
ORD-004881,2023-04-20,2023-04-23,77f5e7c90479,PRD-0024,DHL,3.77,0,
ORD-004882,2023-07-16,2023-07-17,27a4a8527b3f,PRD-0011,DPD,3.51,0,
ORD-004883,2023-08-10,2023-08-11,017f7d9aa46c,PRD-0037,DPD,7.13,0,
ORD-004884,2023-08-21,2023-08-23,a8d56cd8c7b8,PRD-0002,Hermes,5.99,0,
ORD-004885,2023-03-27,2023-03-28,897ca07ed74a,PRD-0012,DHL,4.92,0,
ORD-004886,2023-01-23,2023-01-25,897da0ff1fdc,PRD-0006,DPD,4.73,0,
ORD-004887,2023-01-12,2023-01-13,dbc7a3810588,PRD-0029,DHL,6.85,0,
ORD-004888,2023-05-24,2023-05-27,56099f469c26,PRD-0030,DPD,4.17,0,
ORD-004889,2023-02-11,2023-02-18,819426776d5c,PRD-0020,Hermes,4.63,0,
ORD-004890,2023-08-18,2023-08-19,9ab65ae42320,PRD-0048,DPD,4.4,0,
ORD-004891,2023-09-02,2023-09-03,6cad594cb7a1,PRD-0031,DPD,7.47,0,
ORD-004892,2023-09-30,2023-10-03,ef585dfe39ff,PRD-0048,DPD,5.13,0,
ORD-004893,2023-10-11,2023-10-17,307e6b240c8c,PRD-0032,Hermes,7.17,0,
ORD-004894,2023-05-13,2023-05-14,0465ce22ecb4,PRD-0033,DPD,5.56,1,Gefällt nicht
ORD-004895,2023-06-18,2023-06-20,9b6eada5ad31,PRD-0018,Hermes,7.3,1,Gefällt nicht
ORD-004896,2023-06-25,2023-06-27,468e709a4a83,PRD-0034,DPD,6.28,0,
ORD-004897,2023-05-16,2023-05-18,a2f29650a4e0,PRD-0036,DPD,5.99,0,
ORD-004898,2023-09-15,2023-09-18,faa2f6f03cc1,PRD-0004,DPD,7.17,1,Passt nicht
ORD-004899,2023-12-23,2024-01-02,0890fab2d63e,PRD-0036,Hermes,7.39,0,
ORD-004900,2023-06-06,2023-06-08,0ba853873b50,PRD-0025,Hermes,5.65,0,
ORD-004901,2023-03-22,2023-03-23,66c69ec74124,PRD-0007,DPD,5.69,1,Passt nicht
ORD-004902,2023-05-22,2023-05-25,0297a5f73d32,PRD-0049,DHL,7.34,1,Passt nicht
ORD-004903,2023-05-22,2023-05-31,88e7bdd912aa,PRD-0017,Hermes,4.19,0,
ORD-004904,2023-10-30,2023-11-02,051822a99641,PRD-0011,DHL,4.98,0,
ORD-004905,2023-07-16,2023-07-17,e9ee57ea2321,PRD-0048,DHL,6.44,0,
ORD-004906,2023-04-26,2023-04-29,9124aad31df2,PRD-0012,DHL,5.39,0,
ORD-004907,2023-12-11,2023-12-12,27af6e4e317b,PRD-0019,DHL,3.85,1,Gefällt nicht
ORD-004908,2023-02-26,2023-03-06,dbd09bd846af,PRD-0006,Hermes,7.31,0,
ORD-004909,2023-11-27,2023-11-28,40d2dfa1b3e7,PRD-0015,DHL,4.69,1,Gefällt nicht
ORD-004910,2023-03-13,2023-03-14,4061551d8f3a,PRD-0029,DPD,3.9,0,
ORD-004911,2023-06-24,2023-06-26,619165201926,PRD-0040,DPD,5.7,0,
ORD-004912,2023-09-05,2023-09-07,49b1338338e7,PRD-0050,Hermes,6.33,0,
ORD-004913,2023-10-09,2023-10-11,e6fdc640101d,PRD-0048,Hermes,6.63,0,
ORD-004914,2023-02-03,2023-02-06,868c311e5e64,PRD-0012,DPD,7.26,1,Zu spät geliefert
ORD-004915,2023-06-26,2023-07-05,990779cf8869,PRD-0039,Hermes,3.83,1,Zu spät geliefert
ORD-004916,2023-03-02,2023-03-03,4f4523c8395a,PRD-0047,DHL,3.92,0,
ORD-004917,2023-06-01,2023-06-12,87ba76f5d6ea,PRD-0048,Hermes,3.74,1,Zu spät geliefert
ORD-004918,2023-06-06,2023-06-09,2bf6c29e438f,PRD-0045,DPD,4.14,0,
ORD-004919,2023-02-21,2023-02-22,41179d641cf8,PRD-0009,DPD,4.07,0,
ORD-004920,2023-10-23,2023-10-24,618cc57afb13,PRD-0033,DHL,6.03,0,
ORD-004921,2023-09-11,2023-09-13,25afb81b53f9,PRD-0023,DPD,6.63,0,
ORD-004922,2023-05-21,2023-05-23,3bf1d8ad69c7,PRD-0040,DPD,3.62,0,
ORD-004923,2023-06-07,2023-06-09,f047058cc75d,PRD-0041,Hermes,3.85,0,
ORD-004924,2023-05-23,2023-06-01,c3c2603b2d70,PRD-0001,Hermes,6.54,1,Zu spät geliefert
ORD-004925,2023-01-11,2023-01-12,217fb6888b3e,PRD-0041,Hermes,3.62,0,
ORD-004926,2023-04-11,2023-04-13,26456a23a19c,PRD-0042,DPD,4.57,0,
ORD-004927,2023-05-29,2023-06-06,f02966fbdc92,PRD-0040,Hermes,7.26,0,
ORD-004928,2023-12-06,2023-12-12,daa2c4289cbf,PRD-0040,Hermes,6.75,0,
ORD-004929,2023-01-04,2023-01-07,62fbd97da58e,PRD-0044,DPD,7.15,1,Gefällt nicht
ORD-004930,2023-07-05,2023-07-06,c0aa67bccdba,PRD-0034,Hermes,3.61,1,Falscher Artikel
ORD-004931,2023-01-09,2023-01-10,5128bef0e4a9,PRD-0012,Hermes,4.7,0,
ORD-004932,2023-09-15,2023-09-17,6a10969653f7,PRD-0017,Hermes,4.86,0,
ORD-004933,2023-01-17,2023-01-19,27a4a8527b3f,PRD-0038,DHL,6.04,0,
ORD-004934,2023-02-02,2023-02-05,18c4413200a1,PRD-0047,DPD,5.07,0,
ORD-004935,2023-04-25,2023-04-26,8b96560757d0,PRD-0017,DHL,4.82,1,Zu spät geliefert
ORD-004936,2023-11-30,2023-12-09,db101f406012,PRD-0023,Hermes,5.53,0,
ORD-004937,2023-09-11,2023-09-13,8637e6be643e,PRD-0029,DPD,3.8,1,Passt nicht
ORD-004938,2023-12-24,2023-12-26,65e0a6c5bce6,PRD-0043,DHL,7.04,0,
ORD-004939,2023-04-17,2023-04-18,918b7cfb57b8,PRD-0038,DHL,6.7,0,
ORD-004940,2023-02-13,2023-02-15,55b8948f723e,PRD-0013,DPD,5.43,1,Beschädigt
ORD-004941,2023-11-22,2023-11-24,663295ff7da6,PRD-0018,DPD,3.82,0,
ORD-004942,2023-03-28,2023-03-29,6d21c5ea8f42,PRD-0040,DHL,4.33,0,
ORD-004943,2023-01-02,2023-01-05,97a779a765e6,PRD-0049,DPD,6.42,1,Gefällt nicht
ORD-004944,2023-11-14,2023-11-17,0763c47e87fa,PRD-0011,DPD,5.86,1,Passt nicht
ORD-004945,2023-05-27,2023-05-29,2bf6c29e438f,PRD-0008,Hermes,7.33,0,
ORD-004946,2023-07-17,2023-07-18,10f3d78de149,PRD-0020,Hermes,7.03,0,
ORD-004947,2023-09-09,2023-09-15,452041c8dc89,PRD-0048,Hermes,4.83,0,
ORD-004948,2023-06-13,2023-06-16,33b5c19fea3c,PRD-0009,DPD,3.53,0,
ORD-004949,2023-12-01,2023-12-04,bcea4943f5ed,PRD-0017,DPD,6.01,0,
ORD-004950,2023-03-11,2023-03-18,000f6f3e3d8a,PRD-0050,Hermes,4.17,0,
ORD-004951,2023-04-12,2023-04-15,33ee35eb843e,PRD-0043,DPD,6.99,0,
ORD-004952,2023-01-16,2023-01-19,db861bab1e40,PRD-0034,DHL,3.51,0,
ORD-004953,2023-11-02,2023-11-03,9786d6defc23,PRD-0008,DPD,4.99,0,
ORD-004954,2023-09-30,2023-10-03,1178ea5629ae,PRD-0028,DPD,5.64,0,
ORD-004955,2023-07-18,2023-07-20,9d5f179198bf,PRD-0044,Hermes,5.51,0,
ORD-004956,2023-06-22,2023-06-24,13d2e75f5e4c,PRD-0026,Hermes,7.39,0,
ORD-004957,2023-10-30,2023-11-01,3dd5fa92ff54,PRD-0018,DPD,5.4,0,
ORD-004958,2023-11-10,2023-11-12,e60dc7c1c7ac,PRD-0006,DHL,3.82,0,
ORD-004959,2023-02-09,2023-02-12,686dcba1686e,PRD-0021,Hermes,6.01,0,
ORD-004960,2023-12-07,2023-12-10,e986319c1339,PRD-0033,DPD,5.65,0,
ORD-004961,2023-01-02,2023-01-05,175db0f629fd,PRD-0018,DHL,7.38,1,Beschädigt
ORD-004962,2023-01-02,2023-01-04,8491090b660e,PRD-0044,DHL,6.54,0,
ORD-004963,2023-09-05,2023-09-06,835be6799755,PRD-0048,DPD,5.98,0,
ORD-004964,2023-11-12,2023-11-20,17ac3876fd87,PRD-0017,Hermes,4.77,0,
ORD-004965,2023-06-09,2023-06-11,bb3934db10be,PRD-0023,DPD,3.95,0,
ORD-004966,2023-06-08,2023-06-11,974d23a2f0a4,PRD-0029,DPD,7.24,0,
ORD-004967,2023-07-30,2023-07-31,22579d7e20eb,PRD-0004,DPD,5.52,0,
ORD-004968,2023-08-21,2023-08-23,02d7fcf7b78d,PRD-0004,DHL,6.85,0,
ORD-004969,2023-01-23,2023-01-25,e4dfa3382446,PRD-0049,DPD,6.11,0,
ORD-004970,2023-09-19,2023-09-26,3f849035109e,PRD-0012,Hermes,6.67,0,
ORD-004971,2023-04-16,2023-04-19,a8023688433d,PRD-0020,DPD,5.03,0,
ORD-004972,2023-11-09,2023-11-12,cd71aeb76816,PRD-0004,DPD,4.52,0,
ORD-004973,2023-10-23,2023-10-24,a87472edbf2f,PRD-0045,DHL,7.0,0,
ORD-004974,2023-02-08,2023-02-09,0890fab2d63e,PRD-0003,Hermes,5.71,1,Gefällt nicht
ORD-004975,2023-07-08,2023-07-10,c98325181881,PRD-0022,DHL,5.0,0,
ORD-004976,2023-02-22,2023-02-24,7069ce379c0d,PRD-0034,Hermes,7.21,0,
ORD-004977,2023-07-28,2023-07-30,9ac16b47a843,PRD-0017,Hermes,5.84,0,
ORD-004978,2023-02-24,2023-02-27,063985b5ff29,PRD-0026,DHL,5.44,0,
ORD-004979,2023-01-03,2023-01-06,7ca846a3515b,PRD-0048,Hermes,3.69,0,
ORD-004980,2023-07-03,2023-07-05,88dbab0e54b2,PRD-0048,DHL,6.91,0,
ORD-004981,2023-06-08,2023-06-09,c957b337cc41,PRD-0040,DPD,6.34,1,Passt nicht
ORD-004982,2023-03-07,2023-03-09,70fa5743eedd,PRD-0023,Hermes,4.11,0,
ORD-004983,2023-03-16,2023-03-17,a5db8e85ae4a,PRD-0024,DPD,3.84,0,
ORD-004984,2023-07-14,2023-07-17,7069ce379c0d,PRD-0023,Hermes,6.85,0,
ORD-004985,2023-10-07,2023-10-08,b77ee237a99d,PRD-0036,DHL,5.32,0,
ORD-004986,2023-02-13,2023-02-14,ee25d0e6f8f7,PRD-0021,DPD,5.05,1,Gefällt nicht
ORD-004987,2023-02-17,2023-02-20,180277d9bac3,PRD-0017,DHL,5.41,0,
ORD-004988,2023-05-17,2023-05-27,8afbf7870b9f,PRD-0018,Hermes,6.61,0,
ORD-004989,2023-12-04,2023-12-05,00dc5e3ff9c4,PRD-0031,Hermes,6.29,0,
ORD-004990,2023-11-04,2023-11-07,dfc49371921b,PRD-0007,DPD,5.0,1,Gefällt nicht
ORD-004991,2023-09-14,2023-09-17,72e988d8eb56,PRD-0010,DPD,4.7,0,
ORD-004992,2023-03-04,2023-03-05,cd0279635bf1,PRD-0020,DPD,6.19,0,
ORD-004993,2023-02-24,2023-02-27,9a1e75b4505b,PRD-0018,DPD,6.54,0,
ORD-004994,2023-03-31,2023-04-03,49067f21850d,PRD-0016,DPD,5.78,0,
ORD-004995,2023-02-25,2023-03-05,65fa4460f4d3,PRD-0029,Hermes,3.65,0,
ORD-004996,2023-08-03,2023-08-05,6bbc7f2133e2,PRD-0024,Hermes,6.68,0,
ORD-004997,2023-02-27,2023-02-28,1c19c7c40810,PRD-0041,Hermes,5.38,0,
ORD-004998,2023-03-12,2023-03-14,3e00f34a1b6c,PRD-0007,Hermes,6.4,1,Passt nicht
ORD-004999,2023-03-09,2023-03-12,59b9071f19ac,PRD-0038,Hermes,7.29,1,Zu spät geliefert
ORD-005000,2023-08-04,2023-08-11,53e714819d6b,PRD-0016,Hermes,5.37,0,
